id_pool,num_granja,clave,caso,region_com,region,funcion,tipo,origen_muestra,etapa,sitio_muestra,ct_prrs,resul_prrs_muestra,resul_prrs_granja,qpcr_prrs_granja,grupo_digital,ct_pcv2,resul_pcv2_muestra,resul_pcv2_granja,qpcr_pcv2_granja,todo,cria,genera,escamocha,acceso,ropa,botas,vehiculos,material,corrales,tecnico,trabajadores,mueven,tapetes,desinfecta,despa,ip,oa,bp,coli,parasuis,prrs,circo,ple,myco,app,eri,cerca,embarca,servicios,comedor,roedores,insectos,hogares,salvajes,excretas,cadaver,agua,vientres,poblacion,edad_ps,peso_ps,por_remp,por_inse,paridad,p_h_a,dias_abiertos,morta_hem,partos_vida,anos_semental,lnt,lnv,lnm,momias,dias_lact,peso_nacim,ld,peso_ld,morta_lac,c_d_h_a,dias_mercado,peso_rastro
1,45,B2-001-1455,3050,B2,B2,Ciclo Completo,Tecnificado,sano,1gestacion,UNO,34.05,POS,pos,1,3,37.28,NEG,pos,1,0,1,0,0,0,0,0,0,0,0,0,0,0,0,0,0,1,0,1,0,1,0,0,0,0,1,1,0,1,0,0,0,0,1,0,0,0,0,1017,8630,200,140,40,100,91.4,2.51,8.8,1.5,6,1,13.7,11.6,1.5,0.6,21,1.5,10.5,8.6,18.8,22.9,167,108
2,45,B2-001-1455,3050,B2,B2,Ciclo Completo,Tecnificado,sano,1gestacion,UNO,0,NEG,pos,1,1,38.04,NEG,pos,1,0,1,0,0,0,0,0,0,0,0,0,0,0,0,0,0,1,0,1,0,1,0,0,0,0,1,1,0,1,0,0,0,0,1,0,0,0,0,1017,8630,200,140,40,100,91.4,2.51,8.8,1.5,6,1,13.7,11.6,1.5,0.6,21,1.5,10.5,8.6,18.8,22.9,167,108
3,45,B2-001-1455,3050,B2,B2,Ciclo Completo,Tecnificado,sano,2lactancia,UNO,0,NEG,pos,1,1,37.39,NEG,pos,1,0,1,0,0,0,0,0,0,0,0,0,0,0,0,0,0,1,0,1,0,1,0,0,0,0,1,1,0,1,0,0,0,0,1,0,0,0,0,1017,8630,200,140,40,100,91.4,2.51,8.8,1.5,6,1,13.7,11.6,1.5,0.6,21,1.5,10.5,8.6,18.8,22.9,167,108
4,45,B2-001-1455,3050,B2,B2,Ciclo Completo,Tecnificado,sano,2lactancia,UNO,38.44,NEG,pos,1,2,39.27,NEG,pos,1,0,1,0,0,0,0,0,0,0,0,0,0,0,0,0,0,1,0,1,0,1,0,0,0,0,1,1,0,1,0,0,0,0,1,0,0,0,0,1017,8630,200,140,40,100,91.4,2.51,8.8,1.5,6,1,13.7,11.6,1.5,0.6,21,1.5,10.5,8.6,18.8,22.9,167,108
5,45,B2-001-1455,3050,B2,B2,Ciclo Completo,Tecnificado,sano,3destete,DOS,0,NEG,pos,1,1,27.61,POS,pos,1,0,1,0,0,0,0,0,0,0,0,0,0,0,0,0,0,1,0,1,0,1,0,0,0,0,1,1,0,1,0,0,0,0,1,0,0,0,0,1017,8630,200,140,40,100,91.4,2.51,8.8,1.5,6,1,13.7,11.6,1.5,0.6,21,1.5,10.5,8.6,18.8,22.9,167,108
6,45,B2-001-1455,3050,B2,B2,Ciclo Completo,Tecnificado,sano,5desarrollo,TRES,33.15,POS,pos,1,3,26.14,POS,pos,1,0,1,0,0,0,0,0,0,0,0,0,0,0,0,0,0,1,0,1,0,1,0,0,0,0,1,1,0,1,0,0,0,0,1,0,0,0,0,1017,8630,200,140,40,100,91.4,2.51,8.8,1.5,6,1,13.7,11.6,1.5,0.6,21,1.5,10.5,8.6,18.8,22.9,167,108
7,45,B2-001-1455,3050,B2,B2,Ciclo Completo,Tecnificado,sano,4crecimiento,TRES,39.87,NEG,pos,1,2,29.62,POS,pos,1,0,1,0,0,0,0,0,0,0,0,0,0,0,0,0,0,1,0,1,0,1,0,0,0,0,1,1,0,1,0,0,0,0,1,0,0,0,0,1017,8630,200,140,40,100,91.4,2.51,8.8,1.5,6,1,13.7,11.6,1.5,0.6,21,1.5,10.5,8.6,18.8,22.9,167,108
8,45,B2-001-1455,3050,B2,B2,Ciclo Completo,Tecnificado,sano,4crecimiento,TRES,32.14,POS,pos,1,3,24.96,POS,pos,1,0,1,0,0,0,0,0,0,0,0,0,0,0,0,0,0,1,0,1,0,1,0,0,0,0,1,1,0,1,0,0,0,0,1,0,0,0,0,1017,8630,200,140,40,100,91.4,2.51,8.8,1.5,6,1,13.7,11.6,1.5,0.6,21,1.5,10.5,8.6,18.8,22.9,167,108
9,45,B2-001-1455,3050,B2,B2,Ciclo Completo,Tecnificado,sano,5desarrollo,TRES,38.28,NEG,pos,1,2,36.53,NEG,pos,1,0,1,0,0,0,0,0,0,0,0,0,0,0,0,0,0,1,0,1,0,1,0,0,0,0,1,1,0,1,0,0,0,0,1,0,0,0,0,1017,8630,200,140,40,100,91.4,2.51,8.8,1.5,6,1,13.7,11.6,1.5,0.6,21,1.5,10.5,8.6,18.8,22.9,167,108
10,45,B2-001-1455,3050,B2,B2,Ciclo Completo,Tecnificado,sano,5desarrollo,TRES,33.92,POS,pos,1,3,37.34,NEG,pos,1,0,1,0,0,0,0,0,0,0,0,0,0,0,0,0,0,1,0,1,0,1,0,0,0,0,1,1,0,1,0,0,0,0,1,0,0,0,0,1017,8630,200,140,40,100,91.4,2.51,8.8,1.5,6,1,13.7,11.6,1.5,0.6,21,1.5,10.5,8.6,18.8,22.9,167,108
11,45,B2-001-1455,3050,B2,B2,Ciclo Completo,Tecnificado,sano,6finalizacion,TRES,38.08,NEG,pos,1,2,37.52,NEG,pos,1,0,1,0,0,0,0,0,0,0,0,0,0,0,0,0,0,1,0,1,0,1,0,0,0,0,1,1,0,1,0,0,0,0,1,0,0,0,0,1017,8630,200,140,40,100,91.4,2.51,8.8,1.5,6,1,13.7,11.6,1.5,0.6,21,1.5,10.5,8.6,18.8,22.9,167,108
12,45,B2-001-1455,3050,B2,B2,Ciclo Completo,Tecnificado,sano,6finalizacion,TRES,38.69,NEG,pos,1,2,35.56,NEG,pos,1,0,1,0,0,0,0,0,0,0,0,0,0,0,0,0,0,1,0,1,0,1,0,0,0,0,1,1,0,1,0,0,0,0,1,0,0,0,0,1017,8630,200,140,40,100,91.4,2.51,8.8,1.5,6,1,13.7,11.6,1.5,0.6,21,1.5,10.5,8.6,18.8,22.9,167,108
13,67,B3-044-2280,3072,B3,B3,Ciclo Completo,Tecnificado,sano,1gestacion,UNO,0,NEG,pos,1,1,39.07,NEG,pos,1,1,0,0,0,0,0,0,0,0,0,0,0,0,0,0,0,0,0,0,0,0,0,0,0,0,0,1,0,1,0,0,0,0,0,1,0,0,0,784,9810,225.75,145,13.28,82.14,95,2,4,0.22,7,9,,,,,24.5,1.1,,8.659,,15,185,
14,67,B3-044-2280,3072,B3,B3,Ciclo Completo,Tecnificado,sano,1gestacion,UNO,0,NEG,pos,1,1,37.19,NEG,pos,1,1,0,0,0,0,0,0,0,0,0,0,0,0,0,0,0,0,0,0,0,0,0,0,0,0,0,1,0,1,0,0,0,0,0,1,0,0,0,784,9810,225.75,145,13.28,82.14,95,2,4,0.22,7,9,,,,,24.5,1.1,,8.659,,15,185,
15,67,B3-044-2280,3072,B3,B3,Ciclo Completo,Tecnificado,sano,2lactancia,UNO,26.68,POS,pos,1,3,37.97,NEG,pos,1,1,0,0,0,0,0,0,0,0,0,0,0,0,0,0,0,0,0,0,0,0,0,0,0,0,0,1,0,1,0,0,0,0,0,1,0,0,0,784,9810,225.75,145,13.28,82.14,95,2,4,0.22,7,9,,,,,24.5,1.1,,8.659,,15,185,
16,67,B3-044-2280,3072,B3,B3,Ciclo Completo,Tecnificado,sano,2lactancia,UNO,22.55,POS,pos,1,3,39.18,NEG,pos,1,1,0,0,0,0,0,0,0,0,0,0,0,0,0,0,0,0,0,0,0,0,0,0,0,0,0,1,0,1,0,0,0,0,0,1,0,0,0,784,9810,225.75,145,13.28,82.14,95,2,4,0.22,7,9,,,,,24.5,1.1,,8.659,,15,185,
17,67,B3-044-2280,3072,B3,B3,Ciclo Completo,Tecnificado,sano,3destete,DOS,22.25,POS,pos,1,3,38.08,NEG,pos,1,1,0,0,0,0,0,0,0,0,0,0,0,0,0,0,0,0,0,0,0,0,0,0,0,0,0,1,0,1,0,0,0,0,0,1,0,0,0,784,9810,225.75,145,13.28,82.14,95,2,4,0.22,7,9,,,,,24.5,1.1,,8.659,,15,185,
18,67,B3-044-2280,3072,B3,B3,Ciclo Completo,Tecnificado,sano,3destete,DOS,24.89,POS,pos,1,3,38.09,NEG,pos,1,1,0,0,0,0,0,0,0,0,0,0,0,0,0,0,0,0,0,0,0,0,0,0,0,0,0,1,0,1,0,0,0,0,0,1,0,0,0,784,9810,225.75,145,13.28,82.14,95,2,4,0.22,7,9,,,,,24.5,1.1,,8.659,,15,185,
19,67,B3-044-2280,3072,B3,B3,Ciclo Completo,Tecnificado,sano,4crecimiento,TRES,0,NEG,pos,1,1,36.81,NEG,pos,1,1,0,0,0,0,0,0,0,0,0,0,0,0,0,0,0,0,0,0,0,0,0,0,0,0,0,1,0,1,0,0,0,0,0,1,0,0,0,784,9810,225.75,145,13.28,82.14,95,2,4,0.22,7,9,,,,,24.5,1.1,,8.659,,15,185,
20,67,B3-044-2280,3072,B3,B3,Ciclo Completo,Tecnificado,sano,4crecimiento,TRES,31.16,POS,pos,1,3,0,NEG,pos,1,1,0,0,0,0,0,0,0,0,0,0,0,0,0,0,0,0,0,0,0,0,0,0,0,0,0,1,0,1,0,0,0,0,0,1,0,0,0,784,9810,225.75,145,13.28,82.14,95,2,4,0.22,7,9,,,,,24.5,1.1,,8.659,,15,185,
21,67,B3-044-2280,3072,B3,B3,Ciclo Completo,Tecnificado,sano,5desarrollo,TRES,0,NEG,pos,1,1,30.95,POS,pos,1,1,0,0,0,0,0,0,0,0,0,0,0,0,0,0,0,0,0,0,0,0,0,0,0,0,0,1,0,1,0,0,0,0,0,1,0,0,0,784,9810,225.75,145,13.28,82.14,95,2,4,0.22,7,9,,,,,24.5,1.1,,8.659,,15,185,
22,67,B3-044-2280,3072,B3,B3,Ciclo Completo,Tecnificado,sano,5desarrollo,TRES,32.4,POS,pos,1,3,35.82,NEG,pos,1,1,0,0,0,0,0,0,0,0,0,0,0,0,0,0,0,0,0,0,0,0,0,0,0,0,0,1,0,1,0,0,0,0,0,1,0,0,0,784,9810,225.75,145,13.28,82.14,95,2,4,0.22,7,9,,,,,24.5,1.1,,8.659,,15,185,
23,67,B3-044-2280,3072,B3,B3,Ciclo Completo,Tecnificado,sano,6finalizacion,TRES,38.09,NEG,pos,1,2,32.25,POS,pos,1,1,0,0,0,0,0,0,0,0,0,0,0,0,0,0,0,0,0,0,0,0,0,0,0,0,0,1,0,1,0,0,0,0,0,1,0,0,0,784,9810,225.75,145,13.28,82.14,95,2,4,0.22,7,9,,,,,24.5,1.1,,8.659,,15,185,
24,67,B3-044-2280,3072,B3,B3,Ciclo Completo,Tecnificado,sano,6finalizacion,TRES,39.13,NEG,pos,1,2,28.47,POS,pos,1,1,0,0,0,0,0,0,0,0,0,0,0,0,0,0,0,0,0,0,0,0,0,0,0,0,0,1,0,1,0,0,0,0,0,1,0,0,0,784,9810,225.75,145,13.28,82.14,95,2,4,0.22,7,9,,,,,24.5,1.1,,8.659,,15,185,
25,80,B3-125-3351,2345,B3,B3,Ciclo Completo,Tecnificado,sano,1gestacion,UNO,0,NEG,pos,1,1,41,NEG,pos,1,0,1,0,0,0,0,0,0,0,0,0,0,0,0,0,0,0,1,1,0,0,0,0,0,0,0,1,0,1,1,0,0,0,0,0,1,0,0,,,252,,42,100,84,2.34,19,6,5.8,,14.3,12.4,1.1,0.8,23,1.52,10.7,6.7,13.5,26,185,110
26,80,B3-125-3351,2345,B3,B3,Ciclo Completo,Tecnificado,sano,1gestacion,UNO,34.4,POS,pos,1,3,0,NEG,pos,1,0,1,0,0,0,0,0,0,0,0,0,0,0,0,0,0,0,1,1,0,0,0,0,0,0,0,1,0,1,1,0,0,0,0,0,1,0,0,,,252,,42,100,84,2.34,19,6,5.8,,14.3,12.4,1.1,0.8,23,1.52,10.7,6.7,13.5,26,185,110
27,80,B3-125-3351,2345,B3,B3,Ciclo Completo,Tecnificado,sano,2lactancia,UNO,29.12,POS,pos,1,3,38.68,NEG,pos,1,0,1,0,0,0,0,0,0,0,0,0,0,0,0,0,0,0,1,1,0,0,0,0,0,0,0,1,0,1,1,0,0,0,0,0,1,0,0,,,252,,42,100,84,2.34,19,6,5.8,,14.3,12.4,1.1,0.8,23,1.52,10.7,6.7,13.5,26,185,110
28,80,B3-125-3351,2345,B3,B3,Ciclo Completo,Tecnificado,sano,2lactancia,UNO,0,NEG,pos,1,1,37.33,NEG,pos,1,0,1,0,0,0,0,0,0,0,0,0,0,0,0,0,0,0,1,1,0,0,0,0,0,0,0,1,0,1,1,0,0,0,0,0,1,0,0,,,252,,42,100,84,2.34,19,6,5.8,,14.3,12.4,1.1,0.8,23,1.52,10.7,6.7,13.5,26,185,110
29,80,B3-125-3351,2345,B3,B3,Ciclo Completo,Tecnificado,sano,3destete,DOS,28.52,POS,pos,1,3,30.4,POS,pos,1,0,1,0,0,0,0,0,0,0,0,0,0,0,0,0,0,0,1,1,0,0,0,0,0,0,0,1,0,1,1,0,0,0,0,0,1,0,0,,,252,,42,100,84,2.34,19,6,5.8,,14.3,12.4,1.1,0.8,23,1.52,10.7,6.7,13.5,26,185,110
30,80,B3-125-3351,2345,B3,B3,Ciclo Completo,Tecnificado,sano,3destete,DOS,31.44,POS,pos,1,3,28.95,POS,pos,1,0,1,0,0,0,0,0,0,0,0,0,0,0,0,0,0,0,1,1,0,0,0,0,0,0,0,1,0,1,1,0,0,0,0,0,1,0,0,,,252,,42,100,84,2.34,19,6,5.8,,14.3,12.4,1.1,0.8,23,1.52,10.7,6.7,13.5,26,185,110
31,80,B3-125-3351,2345,B3,B3,Ciclo Completo,Tecnificado,sano,4crecimiento,TRES,0,NEG,pos,1,1,35.56,NEG,pos,1,0,1,0,0,0,0,0,0,0,0,0,0,0,0,0,0,0,1,1,0,0,0,0,0,0,0,1,0,1,1,0,0,0,0,0,1,0,0,,,252,,42,100,84,2.34,19,6,5.8,,14.3,12.4,1.1,0.8,23,1.52,10.7,6.7,13.5,26,185,110
32,80,B3-125-3351,2345,B3,B3,Ciclo Completo,Tecnificado,sano,4crecimiento,TRES,0,NEG,pos,1,1,31.35,POS,pos,1,0,1,0,0,0,0,0,0,0,0,0,0,0,0,0,0,0,1,1,0,0,0,0,0,0,0,1,0,1,1,0,0,0,0,0,1,0,0,,,252,,42,100,84,2.34,19,6,5.8,,14.3,12.4,1.1,0.8,23,1.52,10.7,6.7,13.5,26,185,110
33,80,B3-125-3351,2345,B3,B3,Ciclo Completo,Tecnificado,sano,5desarrollo,TRES,0,NEG,pos,1,1,32.36,POS,pos,1,0,1,0,0,0,0,0,0,0,0,0,0,0,0,0,0,0,1,1,0,0,0,0,0,0,0,1,0,1,1,0,0,0,0,0,1,0,0,,,252,,42,100,84,2.34,19,6,5.8,,14.3,12.4,1.1,0.8,23,1.52,10.7,6.7,13.5,26,185,110
34,80,B3-125-3351,2345,B3,B3,Ciclo Completo,Tecnificado,sano,5desarrollo,TRES,0,NEG,pos,1,1,0,NEG,pos,1,0,1,0,0,0,0,0,0,0,0,0,0,0,0,0,0,0,1,1,0,0,0,0,0,0,0,1,0,1,1,0,0,0,0,0,1,0,0,,,252,,42,100,84,2.34,19,6,5.8,,14.3,12.4,1.1,0.8,23,1.52,10.7,6.7,13.5,26,185,110
35,80,B3-125-3351,2345,B3,B3,Ciclo Completo,Tecnificado,sano,6finalizacion,TRES,0,NEG,pos,1,1,0,NEG,pos,1,0,1,0,0,0,0,0,0,0,0,0,0,0,0,0,0,0,1,1,0,0,0,0,0,0,0,1,0,1,1,0,0,0,0,0,1,0,0,,,252,,42,100,84,2.34,19,6,5.8,,14.3,12.4,1.1,0.8,23,1.52,10.7,6.7,13.5,26,185,110
36,80,B3-125-3351,2345,B3,B3,Ciclo Completo,Tecnificado,sano,6finalizacion,TRES,0,NEG,pos,1,1,34.11,POS,pos,1,0,1,0,0,0,0,0,0,0,0,0,0,0,0,0,0,0,1,1,0,0,0,0,0,0,0,1,0,1,1,0,0,0,0,0,1,0,0,,,252,,42,100,84,2.34,19,6,5.8,,14.3,12.4,1.1,0.8,23,1.52,10.7,6.7,13.5,26,185,110
37,68,B3-047-2321,2348,B3,B3,Ciclo Completo,Semitecnificado ,sano,1gestacion,UNO,34.34,POS,pos_clin,1,3,36.69,NEG,pos_clin,1,1,1,0,0,0,0,1,0,0,0,0,0,1,0,0,1,1,1,1,1,1,0,0,,0,1,1,1,0,1,0,0,1,0,0,1,0,1,70,1207,210,137,,95,80,1.96,13,5,7,3,13,11.35,9.29,8.75,21,1.45,8.6,6.75,14,16.85,140,
38,68,B3-047-2321,2348,B3,B3,Ciclo Completo,Semitecnificado ,sano,4crecimiento,TRES,26.86,POS,pos_clin,1,3,26.44,POS,pos_clin,1,1,1,0,0,0,0,1,0,0,0,0,0,1,0,0,1,1,1,1,1,1,0,0,,0,1,1,1,0,1,0,0,1,0,0,1,0,1,70,1207,210,137,,95,80,1.96,13,5,7,3,13,11.35,9.29,8.75,21,1.45,8.6,6.75,14,16.85,140,
39,68,B3-047-2321,2348,B3,B3,Ciclo Completo,Semitecnificado ,sano,4crecimiento,TRES,24.81,POS,pos_clin,1,3,35.14,NEG,pos_clin,1,1,1,0,0,0,0,1,0,0,0,0,0,1,0,0,1,1,1,1,1,1,0,0,,0,1,1,1,0,1,0,0,1,0,0,1,0,1,70,1207,210,137,,95,80,1.96,13,5,7,3,13,11.35,9.29,8.75,21,1.45,8.6,6.75,14,16.85,140,
40,68,B3-047-2321,2348,B3,B3,Ciclo Completo,Semitecnificado ,sano,5desarrollo,TRES,34.35,POS,pos_clin,1,3,37.02,NEG,pos_clin,1,1,1,0,0,0,0,1,0,0,0,0,0,1,0,0,1,1,1,1,1,1,0,0,,0,1,1,1,0,1,0,0,1,0,0,1,0,1,70,1207,210,137,,95,80,1.96,13,5,7,3,13,11.35,9.29,8.75,21,1.45,8.6,6.75,14,16.85,140,
41,68,B3-047-2321,2348,B3,B3,Ciclo Completo,Semitecnificado ,sano,5desarrollo,TRES,38.24,NEG,pos_clin,1,2,34.91,POS,pos_clin,1,1,1,0,0,0,0,1,0,0,0,0,0,1,0,0,1,1,1,1,1,1,0,0,,0,1,1,1,0,1,0,0,1,0,0,1,0,1,70,1207,210,137,,95,80,1.96,13,5,7,3,13,11.35,9.29,8.75,21,1.45,8.6,6.75,14,16.85,140,
42,68,B3-047-2321,2348,B3,B3,Ciclo Completo,Semitecnificado ,sano,6finalizacion,TRES,39.77,NEG,pos_clin,1,2,34.39,POS,pos_clin,1,1,1,0,0,0,0,1,0,0,0,0,0,1,0,0,1,1,1,1,1,1,0,0,,0,1,1,1,0,1,0,0,1,0,0,1,0,1,70,1207,210,137,,95,80,1.96,13,5,7,3,13,11.35,9.29,8.75,21,1.45,8.6,6.75,14,16.85,140,
43,68,B3-047-2321,2348,B3,B3,Ciclo Completo,Semitecnificado ,sano,6finalizacion,TRES,33.08,POS,pos_clin,1,3,36.12,NEG,pos_clin,1,1,1,0,0,0,0,1,0,0,0,0,0,1,0,0,1,1,1,1,1,1,0,0,,0,1,1,1,0,1,0,0,1,0,0,1,0,1,70,1207,210,137,,95,80,1.96,13,5,7,3,13,11.35,9.29,8.75,21,1.45,8.6,6.75,14,16.85,140,
44,44,B1-053-1316,3024,B1,B1,Ciclo Completo,Semitecnificado ,sano,1gestacion,UNO,0,NEG,pos,1,1,38,NEG,pos,1,1,0,0,0,0,0,1,1,1,0,0,0,1,0,0,0,1,1,1,0,1,0,0,0,0,1,1,0,1,1,0,0,0,0,0,1,0,1,27,252,240.8,140,25,0,76.92,2.38,7.11,1,7,3,10.32,9.72,0.49,0.29,26.05,1.3,8.48,8,12.7,20.18,165,105
45,44,B1-053-1316,3024,B1,B1,Ciclo Completo,Semitecnificado ,sano,1gestacion,UNO,38.81,NEG,pos,1,2,35.21,NEG,pos,1,1,0,0,0,0,0,1,1,1,0,0,0,1,0,0,0,1,1,1,0,1,0,0,0,0,1,1,0,1,1,0,0,0,0,0,1,0,1,27,252,240.8,140,25,0,76.92,2.38,7.11,1,7,3,10.32,9.72,0.49,0.29,26.05,1.3,8.48,8,12.7,20.18,165,105
46,44,B1-053-1316,3024,B1,B1,Ciclo Completo,Semitecnificado ,sano,2lactancia,UNO,12.28,POS,pos,1,3,35.65,NEG,pos,1,1,0,0,0,0,0,1,1,1,0,0,0,1,0,0,0,1,1,1,0,1,0,0,0,0,1,1,0,1,1,0,0,0,0,0,1,0,1,27,252,240.8,140,25,0,76.92,2.38,7.11,1,7,3,10.32,9.72,0.49,0.29,26.05,1.3,8.48,8,12.7,20.18,165,105
47,44,B1-053-1316,3024,B1,B1,Ciclo Completo,Semitecnificado ,sano,2lactancia,UNO,0,NEG,pos,1,1,38.97,NEG,pos,1,1,0,0,0,0,0,1,1,1,0,0,0,1,0,0,0,1,1,1,0,1,0,0,0,0,1,1,0,1,1,0,0,0,0,0,1,0,1,27,252,240.8,140,25,0,76.92,2.38,7.11,1,7,3,10.32,9.72,0.49,0.29,26.05,1.3,8.48,8,12.7,20.18,165,105
48,44,B1-053-1316,3024,B1,B1,Ciclo Completo,Semitecnificado ,sano,3destete,DOS,0,NEG,pos,1,1,36.29,NEG,pos,1,1,0,0,0,0,0,1,1,1,0,0,0,1,0,0,0,1,1,1,0,1,0,0,0,0,1,1,0,1,1,0,0,0,0,0,1,0,1,27,252,240.8,140,25,0,76.92,2.38,7.11,1,7,3,10.32,9.72,0.49,0.29,26.05,1.3,8.48,8,12.7,20.18,165,105
49,44,B1-053-1316,3024,B1,B1,Ciclo Completo,Semitecnificado ,sano,3destete,DOS,32.09,POS,pos,1,3,39.03,NEG,pos,1,1,0,0,0,0,0,1,1,1,0,0,0,1,0,0,0,1,1,1,0,1,0,0,0,0,1,1,0,1,1,0,0,0,0,0,1,0,1,27,252,240.8,140,25,0,76.92,2.38,7.11,1,7,3,10.32,9.72,0.49,0.29,26.05,1.3,8.48,8,12.7,20.18,165,105
50,44,B1-053-1316,3024,B1,B1,Ciclo Completo,Semitecnificado ,sano,4crecimiento,TRES,38.29,NEG,pos,1,2,36.32,NEG,pos,1,1,0,0,0,0,0,1,1,1,0,0,0,1,0,0,0,1,1,1,0,1,0,0,0,0,1,1,0,1,1,0,0,0,0,0,1,0,1,27,252,240.8,140,25,0,76.92,2.38,7.11,1,7,3,10.32,9.72,0.49,0.29,26.05,1.3,8.48,8,12.7,20.18,165,105
51,44,B1-053-1316,3024,B1,B1,Ciclo Completo,Semitecnificado ,sano,4crecimiento,TRES,0,NEG,pos,1,1,31.03,POS,pos,1,1,0,0,0,0,0,1,1,1,0,0,0,1,0,0,0,1,1,1,0,1,0,0,0,0,1,1,0,1,1,0,0,0,0,0,1,0,1,27,252,240.8,140,25,0,76.92,2.38,7.11,1,7,3,10.32,9.72,0.49,0.29,26.05,1.3,8.48,8,12.7,20.18,165,105
52,44,B1-053-1316,3024,B1,B1,Ciclo Completo,Semitecnificado ,sano,5desarrollo,TRES,33.77,POS,pos,1,3,34.65,POS,pos,1,1,0,0,0,0,0,1,1,1,0,0,0,1,0,0,0,1,1,1,0,1,0,0,0,0,1,1,0,1,1,0,0,0,0,0,1,0,1,27,252,240.8,140,25,0,76.92,2.38,7.11,1,7,3,10.32,9.72,0.49,0.29,26.05,1.3,8.48,8,12.7,20.18,165,105
53,44,B1-053-1316,3024,B1,B1,Ciclo Completo,Semitecnificado ,sano,5desarrollo,TRES,35.37,NEG,pos,1,2,32.63,POS,pos,1,1,0,0,0,0,0,1,1,1,0,0,0,1,0,0,0,1,1,1,0,1,0,0,0,0,1,1,0,1,1,0,0,0,0,0,1,0,1,27,252,240.8,140,25,0,76.92,2.38,7.11,1,7,3,10.32,9.72,0.49,0.29,26.05,1.3,8.48,8,12.7,20.18,165,105
54,44,B1-053-1316,3024,B1,B1,Ciclo Completo,Semitecnificado ,sano,6finalizacion,TRES,33.93,POS,pos,1,3,32.42,POS,pos,1,1,0,0,0,0,0,1,1,1,0,0,0,1,0,0,0,1,1,1,0,1,0,0,0,0,1,1,0,1,1,0,0,0,0,0,1,0,1,27,252,240.8,140,25,0,76.92,2.38,7.11,1,7,3,10.32,9.72,0.49,0.29,26.05,1.3,8.48,8,12.7,20.18,165,105
55,44,B1-053-1316,3024,B1,B1,Ciclo Completo,Semitecnificado ,sano,6finalizacion,TRES,33.99,POS,pos,1,3,34.43,POS,pos,1,1,0,0,0,0,0,1,1,1,0,0,0,1,0,0,0,1,1,1,0,1,0,0,0,0,1,1,0,1,1,0,0,0,0,0,1,0,1,27,252,240.8,140,25,0,76.92,2.38,7.11,1,7,3,10.32,9.72,0.49,0.29,26.05,1.3,8.48,8,12.7,20.18,165,105
56,62,B2-124-3066,3055,B2,B2,Ciclo Completo,Semitecnificado ,sano,1gestacion,UNO,0,NEG,pos,1,1,36.37,NEG,neg,0,1,,0,0,0,1,0,,0,0,1,0,0,0,0,0,1,0,1,1,1,1,1,0,0,0,1,0,1,1,0,0,1,0,1,1,0,0,230,1703,240,135,15,100,87,2.35,7,0.3,7,3,15.5,11.6,1.24,1.1,25,1.78,10.42,7.43,11.5,24.48,165.5,
57,62,B2-124-3066,3055,B2,B2,Ciclo Completo,Semitecnificado ,sano,1gestacion,UNO,34.85,POS,pos,1,3,36.63,NEG,neg,0,1,,0,0,0,1,0,,0,0,1,0,0,0,0,0,1,0,1,1,1,1,1,0,0,0,1,0,1,1,0,0,1,0,1,1,0,0,230,1703,240,135,15,100,87,2.35,7,0.3,7,3,15.5,11.6,1.24,1.1,25,1.78,10.42,7.43,11.5,24.48,165.5,
58,62,B2-124-3066,3055,B2,B2,Ciclo Completo,Semitecnificado ,sano,2lactancia,UNO,34.01,POS,pos,1,3,36.41,NEG,neg,0,1,,0,0,0,1,0,,0,0,1,0,0,0,0,0,1,0,1,1,1,1,1,0,0,0,1,0,1,1,0,0,1,0,1,1,0,0,230,1703,240,135,15,100,87,2.35,7,0.3,7,3,15.5,11.6,1.24,1.1,25,1.78,10.42,7.43,11.5,24.48,165.5,
59,62,B2-124-3066,3055,B2,B2,Ciclo Completo,Semitecnificado ,sano,4crecimiento,TRES,29.43,POS,pos,1,3,36.38,NEG,neg,0,1,,0,0,0,1,0,,0,0,1,0,0,0,0,0,1,0,1,1,1,1,1,0,0,0,1,0,1,1,0,0,1,0,1,1,0,0,230,1703,240,135,15,100,87,2.35,7,0.3,7,3,15.5,11.6,1.24,1.1,25,1.78,10.42,7.43,11.5,24.48,165.5,
60,62,B2-124-3066,3055,B2,B2,Ciclo Completo,Semitecnificado ,sano,5desarrollo,TRES,33.99,POS,pos,1,3,35.58,NEG,neg,0,1,,0,0,0,1,0,,0,0,1,0,0,0,0,0,1,0,1,1,1,1,1,0,0,0,1,0,1,1,0,0,1,0,1,1,0,0,230,1703,240,135,15,100,87,2.35,7,0.3,7,3,15.5,11.6,1.24,1.1,25,1.78,10.42,7.43,11.5,24.48,165.5,
61,62,B2-124-3066,3055,B2,B2,Ciclo Completo,Semitecnificado ,sano,5desarrollo,TRES,33.52,POS,pos,1,3,35.51,NEG,neg,0,1,,0,0,0,1,0,,0,0,1,0,0,0,0,0,1,0,1,1,1,1,1,0,0,0,1,0,1,1,0,0,1,0,1,1,0,0,230,1703,240,135,15,100,87,2.35,7,0.3,7,3,15.5,11.6,1.24,1.1,25,1.78,10.42,7.43,11.5,24.48,165.5,
62,62,B2-124-3066,3055,B2,B2,Ciclo Completo,Semitecnificado ,sano,6finalizacion,TRES,34.04,POS,pos,1,3,36.25,NEG,neg,0,1,,0,0,0,1,0,,0,0,1,0,0,0,0,0,1,0,1,1,1,1,1,0,0,0,1,0,1,1,0,0,1,0,1,1,0,0,230,1703,240,135,15,100,87,2.35,7,0.3,7,3,15.5,11.6,1.24,1.1,25,1.78,10.42,7.43,11.5,24.48,165.5,
63,62,B2-124-3066,3055,B2,B2,Ciclo Completo,Semitecnificado ,sano,6finalizacion,TRES,31.19,POS,pos,1,3,36.48,NEG,neg,0,1,,0,0,0,1,0,,0,0,1,0,0,0,0,0,1,0,1,1,1,1,1,0,0,0,1,0,1,1,0,0,1,0,1,1,0,0,230,1703,240,135,15,100,87,2.35,7,0.3,7,3,15.5,11.6,1.24,1.1,25,1.78,10.42,7.43,11.5,24.48,165.5,
64,21,A4-036-0564,2144,A4,A,Ciclo Completo,Semitecnificado ,sano,1gestacion,UNO,0,NEG,pos,1,1,36.8,NEG,pos,1,1,1,0,0,0,0,0,,0,0,1,0,,0,0,0,0,1,0,0,1,1,0,0,0,0,1,0,0,0,1,0,0,0,0,0,0,1,132,1179,263,145,58.3,100,65,2.2,5.4,1.53,4.8,2,10.9,10.4,0.4,0.2,27.3,1.5,9.2,7.3,13.2,19.1,165,110
65,21,A4-036-0564,2144,A4,A,Ciclo Completo,Semitecnificado ,sano,1gestacion,UNO,39.03,NEG,pos,1,2,36.67,NEG,pos,1,1,1,0,0,0,0,0,,0,0,1,0,,0,0,0,0,1,0,0,1,1,0,0,0,0,1,0,0,0,1,0,0,0,0,0,0,1,132,1179,263,145,58.3,100,65,2.2,5.4,1.53,4.8,2,10.9,10.4,0.4,0.2,27.3,1.5,9.2,7.3,13.2,19.1,165,110
66,21,A4-036-0564,2144,A4,A,Ciclo Completo,Semitecnificado ,sano,3destete,DOS,30,POS,pos,1,3,36.39,NEG,pos,1,1,1,0,0,0,0,0,,0,0,1,0,,0,0,0,0,1,0,0,1,1,0,0,0,0,1,0,0,0,1,0,0,0,0,0,0,1,132,1179,263,145,58.3,100,65,2.2,5.4,1.53,4.8,2,10.9,10.4,0.4,0.2,27.3,1.5,9.2,7.3,13.2,19.1,165,110
67,21,A4-036-0564,2144,A4,A,Ciclo Completo,Semitecnificado ,sano,3destete,DOS,33.28,POS,pos,1,3,36.28,NEG,pos,1,1,1,0,0,0,0,0,,0,0,1,0,,0,0,0,0,1,0,0,1,1,0,0,0,0,1,0,0,0,1,0,0,0,0,0,0,1,132,1179,263,145,58.3,100,65,2.2,5.4,1.53,4.8,2,10.9,10.4,0.4,0.2,27.3,1.5,9.2,7.3,13.2,19.1,165,110
68,21,A4-036-0564,2144,A4,A,Ciclo Completo,Semitecnificado ,sano,4crecimiento,TRES,34.84,POS,pos,1,3,32.19,POS,pos,1,1,1,0,0,0,0,0,,0,0,1,0,,0,0,0,0,1,0,0,1,1,0,0,0,0,1,0,0,0,1,0,0,0,0,0,0,1,132,1179,263,145,58.3,100,65,2.2,5.4,1.53,4.8,2,10.9,10.4,0.4,0.2,27.3,1.5,9.2,7.3,13.2,19.1,165,110
69,21,A4-036-0564,2144,A4,A,Ciclo Completo,Semitecnificado ,sano,4crecimiento,TRES,29.11,POS,pos,1,3,35.31,NEG,pos,1,1,1,0,0,0,0,0,,0,0,1,0,,0,0,0,0,1,0,0,1,1,0,0,0,0,1,0,0,0,1,0,0,0,0,0,0,1,132,1179,263,145,58.3,100,65,2.2,5.4,1.53,4.8,2,10.9,10.4,0.4,0.2,27.3,1.5,9.2,7.3,13.2,19.1,165,110
70,21,A4-036-0564,2144,A4,A,Ciclo Completo,Semitecnificado ,sano,5desarrollo,TRES,38.49,NEG,pos,1,2,32.66,POS,pos,1,1,1,0,0,0,0,0,,0,0,1,0,,0,0,0,0,1,0,0,1,1,0,0,0,0,1,0,0,0,1,0,0,0,0,0,0,1,132,1179,263,145,58.3,100,65,2.2,5.4,1.53,4.8,2,10.9,10.4,0.4,0.2,27.3,1.5,9.2,7.3,13.2,19.1,165,110
71,21,A4-036-0564,2144,A4,A,Ciclo Completo,Semitecnificado ,sano,5desarrollo,TRES,34.57,POS,pos,1,3,33.38,POS,pos,1,1,1,0,0,0,0,0,,0,0,1,0,,0,0,0,0,1,0,0,1,1,0,0,0,0,1,0,0,0,1,0,0,0,0,0,0,1,132,1179,263,145,58.3,100,65,2.2,5.4,1.53,4.8,2,10.9,10.4,0.4,0.2,27.3,1.5,9.2,7.3,13.2,19.1,165,110
72,21,A4-036-0564,2144,A4,A,Ciclo Completo,Semitecnificado ,sano,6finalizacion,TRES,34.42,POS,pos,1,3,34.55,POS,pos,1,1,1,0,0,0,0,0,,0,0,1,0,,0,0,0,0,1,0,0,1,1,0,0,0,0,1,0,0,0,1,0,0,0,0,0,0,1,132,1179,263,145,58.3,100,65,2.2,5.4,1.53,4.8,2,10.9,10.4,0.4,0.2,27.3,1.5,9.2,7.3,13.2,19.1,165,110
73,21,A4-036-0564,2144,A4,A,Ciclo Completo,Semitecnificado ,sano,6finalizacion,TRES,0,NEG,pos,1,1,35.89,NEG,pos,1,1,1,0,0,0,0,0,,0,0,1,0,,0,0,0,0,1,0,0,1,1,0,0,0,0,1,0,0,0,1,0,0,0,0,0,0,1,132,1179,263,145,58.3,100,65,2.2,5.4,1.53,4.8,2,10.9,10.4,0.4,0.2,27.3,1.5,9.2,7.3,13.2,19.1,165,110
74,23,A4-045-0608,1970,A4,A,Ciclo Completo,Semitecnificado ,sano,1gestacion,UNO,37.95,NEG,pos,1,2,36.16,NEG,pos,1,0,1,0,0,0,0,1,0,0,0,0,0,0,0,0,0,1,1,1,1,1,0,0,0,0,1,1,0,0,0,1,0,0,0,0,0,0,0,220,3058,240.8,140,33,95,85,2.2,8,2,7,3,12,10,2,0,21,1.5,9,6.5,6,19.8,160,110
75,23,A4-045-0608,1970,A4,A,Ciclo Completo,Semitecnificado ,sano,1gestacion,UNO,0,NEG,pos,1,1,36.12,NEG,pos,1,0,1,0,0,0,0,1,0,0,0,0,0,0,0,0,0,1,1,1,1,1,0,0,0,0,1,1,0,0,0,1,0,0,0,0,0,0,0,220,3058,240.8,140,33,95,85,2.2,8,2,7,3,12,10,2,0,21,1.5,9,6.5,6,19.8,160,110
76,42,B1-053-1246,2864,B1,B1,Ciclo Completo,Semitecnificado ,sano,1gestacion,UNO,0,NEG,pos_clin,1,1,36.21,NEG,pos_clin,1,1,1,0,0,0,0,1,1,1,0,0,0,1,0,0,0,1,0,0,0,1,0,0,0,0,1,1,0,0,1,0,0,0,0,0,0,0,0,467,4471,210,120,40,100,80,2.18,7,4,6,3,11.7,9.7,13.4,3.7,26,1.5,7.7,6.8,34.1,16.8,165,121
77,42,B1-053-1246,2864,B1,B1,Ciclo Completo,Semitecnificado ,sano,1gestacion,UNO,35.02,NEG,pos_clin,1,2,36.92,NEG,pos_clin,1,1,1,0,0,0,0,1,1,1,0,0,0,1,0,0,0,1,0,0,0,1,0,0,0,0,1,1,0,0,1,0,0,0,0,0,0,0,0,467,4471,210,120,40,100,80,2.18,7,4,6,3,11.7,9.7,13.4,3.7,26,1.5,7.7,6.8,34.1,16.8,165,121
78,2,A2-067-0134,2612,A2,A,Ciclo Completo,Semitecnificado ,sano,4crecimiento,TRES,0,NEG,pos_clin,1,1,37.06,NEG,pos_clin,1,,0,0,0,0,1,1,0,0,0,0,0,1,0,0,0,1,1,1,1,1,1,0,0,0,1,0,0,1,0,0,0,0,0,0,0,0,0,266,2797,255,160,32,90,84.6,2.59,33,0.75,8,5,12.7,11.6,1,0.4,22,,10.4,,1.1,20.8,155,97.5
79,2,A2-067-0134,2612,A2,A,Ciclo Completo,Semitecnificado ,sano,4crecimiento,TRES,0,NEG,pos_clin,1,1,37.24,NEG,pos_clin,1,,0,0,0,0,1,1,0,0,0,0,0,1,0,0,0,1,1,1,1,1,1,0,0,0,1,0,0,1,0,0,0,0,0,0,0,0,0,266,2797,255,160,32,90,84.6,2.59,33,0.75,8,5,12.7,11.6,1,0.4,22,,10.4,,1.1,20.8,155,97.5
80,2,A2-067-0134,2612,A2,A,Ciclo Completo,Semitecnificado ,sano,5desarrollo,TRES,36.92,NEG,pos_clin,1,2,37.34,NEG,pos_clin,1,,0,0,0,0,1,1,0,0,0,0,0,1,0,0,0,1,1,1,1,1,1,0,0,0,1,0,0,1,0,0,0,0,0,0,0,0,0,266,2797,255,160,32,90,84.6,2.59,33,0.75,8,5,12.7,11.6,1,0.4,22,,10.4,,1.1,20.8,155,97.5
81,2,A2-067-0134,2612,A2,A,Ciclo Completo,Semitecnificado ,sano,5desarrollo,TRES,33.21,POS,pos_clin,1,3,37.47,NEG,pos_clin,1,,0,0,0,0,1,1,0,0,0,0,0,1,0,0,0,1,1,1,1,1,1,0,0,0,1,0,0,1,0,0,0,0,0,0,0,0,0,266,2797,255,160,32,90,84.6,2.59,33,0.75,8,5,12.7,11.6,1,0.4,22,,10.4,,1.1,20.8,155,97.5
82,2,A2-067-0134,2612,A2,A,Ciclo Completo,Semitecnificado ,sano,6finalizacion,TRES,0,NEG,pos_clin,1,1,32.83,POS,pos_clin,1,,0,0,0,0,1,1,0,0,0,0,0,1,0,0,0,1,1,1,1,1,1,0,0,0,1,0,0,1,0,0,0,0,0,0,0,0,0,266,2797,255,160,32,90,84.6,2.59,33,0.75,8,5,12.7,11.6,1,0.4,22,,10.4,,1.1,20.8,155,97.5
83,2,A2-067-0134,2612,A2,A,Ciclo Completo,Semitecnificado ,sano,6finalizacion,TRES,33.31,POS,pos_clin,1,3,35.12,NEG,pos_clin,1,,0,0,0,0,1,1,0,0,0,0,0,1,0,0,0,1,1,1,1,1,1,0,0,0,1,0,0,1,0,0,0,0,0,0,0,0,0,266,2797,255,160,32,90,84.6,2.59,33,0.75,8,5,12.7,11.6,1,0.4,22,,10.4,,1.1,20.8,155,97.5
84,41,B1-053-1231,2860,B1,B1,Ciclo Completo,Semitecnificado ,sano,1gestacion,UNO,35.88,NEG,pos_clin,1,2,35.55,NEG,pos_clin,1,,1,0,0,0,0,1,0,0,0,0,0,1,0,0,0,0,1,1,0,1,1,0,0,0,1,1,0,0,1,0,0,0,0,0,0,0,1,70,753,210,130,36,100,80,2.35,12,0,8,3,12.5,11,1,0.5,28,1.45,10,7.5,10,23.5,180,110
85,41,B1-053-1231,2860,B1,B1,Ciclo Completo,Semitecnificado ,sano,1gestacion,UNO,31.17,POS,pos_clin,1,3,38.14,NEG,pos_clin,1,,1,0,0,0,0,1,0,0,0,0,0,1,0,0,0,0,1,1,0,1,1,0,0,0,1,1,0,0,1,0,0,0,0,0,0,0,1,70,753,210,130,36,100,80,2.35,12,0,8,3,12.5,11,1,0.5,28,1.45,10,7.5,10,23.5,180,110
86,47,B2-001-3254,3047,B2,B2,Ciclo Completo,Tecnificado,sano,1gestacion,UNO,39.29,NEG,pos,1,2,34.32,POS,pos,1,,,,,,,,,,,,,,,,,,,,,,,,,,,,,,,,,,,,,,,1020,10033,,,,,,,,,,,,,,,,,,,,,,
87,47,B2-001-3254,3047,B2,B2,Ciclo Completo,Tecnificado,sano,1gestacion,UNO,0,NEG,pos,1,1,38.11,NEG,pos,1,,,,,,,,,,,,,,,,,,,,,,,,,,,,,,,,,,,,,,,1020,10033,,,,,,,,,,,,,,,,,,,,,,
88,47,B2-001-3254,3047,B2,B2,Ciclo Completo,Tecnificado,sano,2lactancia,UNO,0,NEG,pos,1,1,36.55,NEG,pos,1,,,,,,,,,,,,,,,,,,,,,,,,,,,,,,,,,,,,,,,1020,10033,,,,,,,,,,,,,,,,,,,,,,
89,47,B2-001-3254,3047,B2,B2,Ciclo Completo,Tecnificado,sano,2lactancia,UNO,34.33,POS,pos,1,3,37.14,NEG,pos,1,,,,,,,,,,,,,,,,,,,,,,,,,,,,,,,,,,,,,,,1020,10033,,,,,,,,,,,,,,,,,,,,,,
90,47,B2-001-3254,3047,B2,B2,Ciclo Completo,Tecnificado,sano,3destete,DOS,33.28,POS,pos,1,3,36.19,NEG,pos,1,,,,,,,,,,,,,,,,,,,,,,,,,,,,,,,,,,,,,,,1020,10033,,,,,,,,,,,,,,,,,,,,,,
91,47,B2-001-3254,3047,B2,B2,Ciclo Completo,Tecnificado,sano,4crecimiento,TRES,31.28,POS,pos,1,3,23.45,POS,pos,1,,,,,,,,,,,,,,,,,,,,,,,,,,,,,,,,,,,,,,,1020,10033,,,,,,,,,,,,,,,,,,,,,,
92,47,B2-001-3254,3047,B2,B2,Ciclo Completo,Tecnificado,sano,4crecimiento,TRES,32.75,POS,pos,1,3,26.05,POS,pos,1,,,,,,,,,,,,,,,,,,,,,,,,,,,,,,,,,,,,,,,1020,10033,,,,,,,,,,,,,,,,,,,,,,
93,47,B2-001-3254,3047,B2,B2,Ciclo Completo,Tecnificado,sano,5desarrollo,TRES,0,NEG,pos,1,1,29.62,POS,pos,1,,,,,,,,,,,,,,,,,,,,,,,,,,,,,,,,,,,,,,,1020,10033,,,,,,,,,,,,,,,,,,,,,,
94,47,B2-001-3254,3047,B2,B2,Ciclo Completo,Tecnificado,sano,5desarrollo,TRES,0,NEG,pos,1,1,33.11,POS,pos,1,,,,,,,,,,,,,,,,,,,,,,,,,,,,,,,,,,,,,,,1020,10033,,,,,,,,,,,,,,,,,,,,,,
95,47,B2-001-3254,3047,B2,B2,Ciclo Completo,Tecnificado,sano,6finalizacion,TRES,0,NEG,pos,1,1,27.21,POS,pos,1,,,,,,,,,,,,,,,,,,,,,,,,,,,,,,,,,,,,,,,1020,10033,,,,,,,,,,,,,,,,,,,,,,
96,47,B2-001-3254,3047,B2,B2,Ciclo Completo,Tecnificado,sano,6finalizacion,TRES,0,NEG,pos,1,1,27.91,POS,pos,1,,,,,,,,,,,,,,,,,,,,,,,,,,,,,,,,,,,,,,,1020,10033,,,,,,,,,,,,,,,,,,,,,,
97,69,B3-063-2443,2137,B3,B3,Ciclo Completo,Tecnificado,sano,1gestacion,UNO,0,NEG,neg,0,1,35.78,NEG,pos,1,0,1,0,0,0,0,0,0,0,0,0,0,0,0,0,0,0,1,0,0,0,0,0,0,0,0,0,0,1,1,0,0,0,0,0,0,0,1,3200,16419,217,140,40,100,88,2.35,8,12,7,2,15,13.8,0.9,0.3,25,1.3,12.1,7.5,12,27,180,110
98,69,B3-063-2443,2137,B3,B3,Ciclo Completo,Tecnificado,sano,2lactancia,UNO,0,NEG,neg,0,1,35.67,NEG,pos,1,0,1,0,0,0,0,0,0,0,0,0,0,0,0,0,0,0,1,0,0,0,0,0,0,0,0,0,0,1,1,0,0,0,0,0,0,0,1,3200,16419,217,140,40,100,88,2.35,8,12,7,2,15,13.8,0.9,0.3,25,1.3,12.1,7.5,12,27,180,110
99,69,B3-063-2443,2137,B3,B3,Ciclo Completo,Tecnificado,sano,3destete,DOS,0,NEG,neg,0,1,35.28,NEG,pos,1,0,1,0,0,0,0,0,0,0,0,0,0,0,0,0,0,0,1,0,0,0,0,0,0,0,0,0,0,1,1,0,0,0,0,0,0,0,1,3200,16419,217,140,40,100,88,2.35,8,12,7,2,15,13.8,0.9,0.3,25,1.3,12.1,7.5,12,27,180,110
100,69,B3-063-2443,2137,B3,B3,Ciclo Completo,Tecnificado,sano,4crecimiento,TRES,0,NEG,neg,0,1,36.68,NEG,pos,1,0,1,0,0,0,0,0,0,0,0,0,0,0,0,0,0,0,1,0,0,0,0,0,0,0,0,0,0,1,1,0,0,0,0,0,0,0,1,3200,16419,217,140,40,100,88,2.35,8,12,7,2,15,13.8,0.9,0.3,25,1.3,12.1,7.5,12,27,180,110
101,69,B3-063-2443,2137,B3,B3,Ciclo Completo,Tecnificado,sano,5desarrollo,TRES,0,NEG,neg,0,1,36.13,NEG,pos,1,0,1,0,0,0,0,0,0,0,0,0,0,0,0,0,0,0,1,0,0,0,0,0,0,0,0,0,0,1,1,0,0,0,0,0,0,0,1,3200,16419,217,140,40,100,88,2.35,8,12,7,2,15,13.8,0.9,0.3,25,1.3,12.1,7.5,12,27,180,110
102,69,B3-063-2443,2137,B3,B3,Ciclo Completo,Tecnificado,sano,5desarrollo,TRES,0,NEG,neg,0,1,36.07,NEG,pos,1,0,1,0,0,0,0,0,0,0,0,0,0,0,0,0,0,0,1,0,0,0,0,0,0,0,0,0,0,1,1,0,0,0,0,0,0,0,1,3200,16419,217,140,40,100,88,2.35,8,12,7,2,15,13.8,0.9,0.3,25,1.3,12.1,7.5,12,27,180,110
103,69,B3-063-2443,2137,B3,B3,Ciclo Completo,Tecnificado,sano,6finalizacion,TRES,0,NEG,neg,0,1,35.53,NEG,pos,1,0,1,0,0,0,0,0,0,0,0,0,0,0,0,0,0,0,1,0,0,0,0,0,0,0,0,0,0,1,1,0,0,0,0,0,0,0,1,3200,16419,217,140,40,100,88,2.35,8,12,7,2,15,13.8,0.9,0.3,25,1.3,12.1,7.5,12,27,180,110
104,69,B3-063-2443,2137,B3,B3,Ciclo Completo,Tecnificado,sano,6finalizacion,TRES,0,NEG,neg,0,1,34.4,POS,pos,1,0,1,0,0,0,0,0,0,0,0,0,0,0,0,0,0,0,1,0,0,0,0,0,0,0,0,0,0,1,1,0,0,0,0,0,0,0,1,3200,16419,217,140,40,100,88,2.35,8,12,7,2,15,13.8,0.9,0.3,25,1.3,12.1,7.5,12,27,180,110
105,61,B2-105-2036,3048,B2,B2,Sitio 3,Tecnificado,sano,3destete,DOS,28.15,POS,pos,1,3,35.84,NEG,pos,1,1,,,0,0,0,0,0,0,0,1,0,0,0,0,0,1,1,1,1,1,1,1,1,1,1,1,0,1,1,0,0,0,0,,0,0,1,,1100,200,130,26.2,100,71.9,2.13,8.6,0.6,10,2,12.2,11.3,0.6,2.5,25.2,,9.4,7.2,14.1,20.06,,120
106,61,B2-105-2036,3048,B2,B2,Sitio 3,Tecnificado,sano,3destete,DOS,30.21,POS,pos,1,3,35.98,NEG,pos,1,1,,,0,0,0,0,0,0,0,1,0,0,0,0,0,1,1,1,1,1,1,1,1,1,1,1,0,1,1,0,0,0,0,,0,0,1,,1100,200,130,26.2,100,71.9,2.13,8.6,0.6,10,2,12.2,11.3,0.6,2.5,25.2,,9.4,7.2,14.1,20.06,,120
107,61,B2-105-2036,3048,B2,B2,Sitio 3,Tecnificado,sano,4crecimiento,TRES,0,NEG,pos,1,1,34.66,POS,pos,1,1,,,0,0,0,0,0,0,0,1,0,0,0,0,0,1,1,1,1,1,1,1,1,1,1,1,0,1,1,0,0,0,0,,0,0,1,,1100,200,130,26.2,100,71.9,2.13,8.6,0.6,10,2,12.2,11.3,0.6,2.5,25.2,,9.4,7.2,14.1,20.06,,120
108,61,B2-105-2036,3048,B2,B2,Sitio 3,Tecnificado,sano,4crecimiento,TRES,0,NEG,pos,1,1,34.02,POS,pos,1,1,,,0,0,0,0,0,0,0,1,0,0,0,0,0,1,1,1,1,1,1,1,1,1,1,1,0,1,1,0,0,0,0,,0,0,1,,1100,200,130,26.2,100,71.9,2.13,8.6,0.6,10,2,12.2,11.3,0.6,2.5,25.2,,9.4,7.2,14.1,20.06,,120
109,61,B2-105-2036,3048,B2,B2,Sitio 3,Tecnificado,sano,5desarrollo,TRES,33.48,POS,pos,1,3,33.72,POS,pos,1,1,,,0,0,0,0,0,0,0,1,0,0,0,0,0,1,1,1,1,1,1,1,1,1,1,1,0,1,1,0,0,0,0,,0,0,1,,1100,200,130,26.2,100,71.9,2.13,8.6,0.6,10,2,12.2,11.3,0.6,2.5,25.2,,9.4,7.2,14.1,20.06,,120
110,61,B2-105-2036,3048,B2,B2,Sitio 3,Tecnificado,sano,5desarrollo,TRES,34,POS,pos,1,3,35.12,NEG,pos,1,1,,,0,0,0,0,0,0,0,1,0,0,0,0,0,1,1,1,1,1,1,1,1,1,1,1,0,1,1,0,0,0,0,,0,0,1,,1100,200,130,26.2,100,71.9,2.13,8.6,0.6,10,2,12.2,11.3,0.6,2.5,25.2,,9.4,7.2,14.1,20.06,,120
111,61,B2-105-2036,3048,B2,B2,Sitio 3,Tecnificado,sano,6finalizacion,TRES,0,NEG,pos,1,1,36.16,NEG,pos,1,1,,,0,0,0,0,0,0,0,1,0,0,0,0,0,1,1,1,1,1,1,1,1,1,1,1,0,1,1,0,0,0,0,,0,0,1,,1100,200,130,26.2,100,71.9,2.13,8.6,0.6,10,2,12.2,11.3,0.6,2.5,25.2,,9.4,7.2,14.1,20.06,,120
112,61,B2-105-2036,3048,B2,B2,Sitio 3,Tecnificado,sano,6finalizacion,TRES,36.05,NEG,pos,1,2,36.1,NEG,pos,1,1,,,0,0,0,0,0,0,0,1,0,0,0,0,0,1,1,1,1,1,1,1,1,1,1,1,0,1,1,0,0,0,0,,0,0,1,,1100,200,130,26.2,100,71.9,2.13,8.6,0.6,10,2,12.2,11.3,0.6,2.5,25.2,,9.4,7.2,14.1,20.06,,120
113,4,A3-015-0205,2923,A3,A,Ciclo Completo,Semitecnificado ,sano,1gestacion,UNO,0,NEG,pos_clin,1,1,36.59,NEG,neg,0,1,1,0,0,0,0,1,1,0,0,0,0,1,1,0,0,0,1,1,0,1,0,0,0,0,0,1,0,0,1,0,0,1,0,0,0,0,0,328,3090,210,130,20,20,80,2.2,7,3,6,1.5,12,11,1,1,23,,10,,18,22,160,105
114,28,A4-119-0843,2491,A4,A,Sitio 3,Tecnificado,sano,4crecimiento,TRES,30.61,POS,pos,1,3,35.78,NEG,pos,1,0,,,0,0,0,1,0,0,0,0,0,1,0,0,1,1,1,1,1,1,1,1,1,1,1,1,0,0,0,0,0,0,0,1,1,0,1,,3000,,,,,,,,,,,,,,,,,,,,,160,
115,28,A4-119-0843,2491,A4,A,Sitio 3,Tecnificado,sano,5desarrollo,TRES,0,NEG,pos,1,1,35.84,NEG,pos,1,0,,,0,0,0,1,0,0,0,0,0,1,0,0,1,1,1,1,1,1,1,1,1,1,1,1,0,0,0,0,0,0,0,1,1,0,1,,3000,,,,,,,,,,,,,,,,,,,,,160,
116,28,A4-119-0843,2491,A4,A,Sitio 3,Tecnificado,sano,5desarrollo,TRES,0,NEG,pos,1,1,35.78,NEG,pos,1,0,,,0,0,0,1,0,0,0,0,0,1,0,0,1,1,1,1,1,1,1,1,1,1,1,1,0,0,0,0,0,0,0,1,1,0,1,,3000,,,,,,,,,,,,,,,,,,,,,160,
117,28,A4-119-0843,2491,A4,A,Sitio 3,Tecnificado,sano,6finalizacion,TRES,0,NEG,pos,1,1,35.23,NEG,pos,1,0,,,0,0,0,1,0,0,0,0,0,1,0,0,1,1,1,1,1,1,1,1,1,1,1,1,0,0,0,0,0,0,0,1,1,0,1,,3000,,,,,,,,,,,,,,,,,,,,,160,
118,28,A4-119-0843,2491,A4,A,Sitio 3,Tecnificado,sano,6finalizacion,TRES,0,NEG,pos,1,1,34.56,POS,pos,1,0,,,0,0,0,1,0,0,0,0,0,1,0,0,1,1,1,1,1,1,1,1,1,1,1,1,0,0,0,0,0,0,0,1,1,0,1,,3000,,,,,,,,,,,,,,,,,,,,,160,
119,15,A4-029-0488,1906,A4,A,Ciclo Completo,Semitecnificado ,sano,1gestacion,UNO,0,NEG,pos_clin,1,1,34.98,POS,pos_clin,1,0,1,0,0,0,0,1,0,0,0,1,0,1,1,0,1,0,0,1,0,0,0,0,0,0,1,1,0,1,1,0,0,0,0,0,0,0,0,100,1306,220,140,15,100,70,2.24,17,14.8,8,3,13.2,11.6,1.4,0.2,24.3,1.4,9.7,8.1,16.4,21.7,175,107.5
120,36,B1-046-1134,3022,B1,B1,Sitio 3,Tecnificado,sano,4crecimiento,TRES,32.11,POS,pos,1,3,25.05,POS,pos,1,1,,0,0,0,0,1,0,1,0,0,0,1,0,0,0,1,1,1,1,1,1,0,1,0,1,1,0,0,1,0,0,0,0,0,1,0,1,,2035,,,,,,,,,,,,,,,,,,,,,160,
121,36,B1-046-1134,3022,B1,B1,Sitio 3,Tecnificado,sano,4crecimiento,TRES,30.81,POS,pos,1,3,28.07,POS,pos,1,1,,0,0,0,0,1,0,1,0,0,0,1,0,0,0,1,1,1,1,1,1,0,1,0,1,1,0,0,1,0,0,0,0,0,1,0,1,,2035,,,,,,,,,,,,,,,,,,,,,160,
122,36,B1-046-1134,3022,B1,B1,Sitio 3,Tecnificado,sano,5desarrollo,TRES,36.34,NEG,pos,1,2,36.03,NEG,pos,1,1,,0,0,0,0,1,0,1,0,0,0,1,0,0,0,1,1,1,1,1,1,0,1,0,1,1,0,0,1,0,0,0,0,0,1,0,1,,2035,,,,,,,,,,,,,,,,,,,,,160,
123,36,B1-046-1134,3022,B1,B1,Sitio 3,Tecnificado,sano,5desarrollo,TRES,0,NEG,pos,1,1,31.9,POS,pos,1,1,,0,0,0,0,1,0,1,0,0,0,1,0,0,0,1,1,1,1,1,1,0,1,0,1,1,0,0,1,0,0,0,0,0,1,0,1,,2035,,,,,,,,,,,,,,,,,,,,,160,
124,36,B1-046-1134,3022,B1,B1,Sitio 3,Tecnificado,sano,6finalizacion,TRES,34.74,POS,pos,1,3,35.58,NEG,pos,1,1,,0,0,0,0,1,0,1,0,0,0,1,0,0,0,1,1,1,1,1,1,0,1,0,1,1,0,0,1,0,0,0,0,0,1,0,1,,2035,,,,,,,,,,,,,,,,,,,,,160,
125,36,B1-046-1134,3022,B1,B1,Sitio 3,Tecnificado,sano,6finalizacion,TRES,0,NEG,pos,1,1,34.67,POS,pos,1,1,,0,0,0,0,1,0,1,0,0,0,1,0,0,0,1,1,1,1,1,1,0,1,0,1,1,0,0,1,0,0,0,0,0,1,0,1,,2035,,,,,,,,,,,,,,,,,,,,,160,
126,52,B2-093-1665,2792,B2,B2,Ciclo Completo,Semitecnificado ,sano,1gestacion,UNO,0,NEG,pos,1,1,36.43,NEG,pos,1,0,1,0,0,0,0,1,0,0,0,0,0,1,0,0,0,0,0,1,1,1,0,0,0,0,0,1,0,1,,0,0,1,0,0,0,0,0,480,5142,130,130,49.7,100,81,2.15,25,7,7,2,13.5,11.1,13,4.3,23.4,1.4,9,6.4,17.2,19,180,120
127,52,B2-093-1665,2792,B2,B2,Ciclo Completo,Semitecnificado ,sano,1gestacion,UNO,0,NEG,pos,1,1,33.81,POS,pos,1,0,1,0,0,0,0,1,0,0,0,0,0,1,0,0,0,0,0,1,1,1,0,0,0,0,0,1,0,1,,0,0,1,0,0,0,0,0,480,5142,130,130,49.7,100,81,2.15,25,7,7,2,13.5,11.1,13,4.3,23.4,1.4,9,6.4,17.2,19,180,120
128,52,B2-093-1665,2792,B2,B2,Ciclo Completo,Semitecnificado ,sano,2lactancia,UNO,0,NEG,pos,1,1,34.31,POS,pos,1,0,1,0,0,0,0,1,0,0,0,0,0,1,0,0,0,0,0,1,1,1,0,0,0,0,0,1,0,1,,0,0,1,0,0,0,0,0,480,5142,130,130,49.7,100,81,2.15,25,7,7,2,13.5,11.1,13,4.3,23.4,1.4,9,6.4,17.2,19,180,120
129,52,B2-093-1665,2792,B2,B2,Ciclo Completo,Semitecnificado ,sano,2lactancia,UNO,0,NEG,pos,1,1,35.48,NEG,pos,1,0,1,0,0,0,0,1,0,0,0,0,0,1,0,0,0,0,0,1,1,1,0,0,0,0,0,1,0,1,,0,0,1,0,0,0,0,0,480,5142,130,130,49.7,100,81,2.15,25,7,7,2,13.5,11.1,13,4.3,23.4,1.4,9,6.4,17.2,19,180,120
130,51,B2-033-1705,2143,B2,B2,Ciclo Completo,Tecnificado,sano,1gestacion,UNO,0,NEG,pos,1,1,35.39,NEG,pos,1,1,0,0,0,1,0,1,1,1,0,0,0,1,1,0,0,1,1,0,0,0,0,0,0,0,1,1,0,1,,0,0,0,0,0,1,1,0,573,5947,240.8,140,13.5,100,85,2.3,7,1.6,6,,13.4,11.9,1.3,0.11,28,0.9,,8,7.6,21,190,
131,51,B2-033-1705,2143,B2,B2,Ciclo Completo,Tecnificado,sano,1gestacion,UNO,0,NEG,pos,1,1,33.66,POS,pos,1,1,0,0,0,1,0,1,1,1,0,0,0,1,1,0,0,1,1,0,0,0,0,0,0,0,1,1,0,1,,0,0,0,0,0,1,1,0,573,5947,240.8,140,13.5,100,85,2.3,7,1.6,6,,13.4,11.9,1.3,0.11,28,0.9,,8,7.6,21,190,
132,51,B2-033-1705,2143,B2,B2,Ciclo Completo,Tecnificado,sano,2lactancia,UNO,0,NEG,pos,1,1,33.72,POS,pos,1,1,0,0,0,1,0,1,1,1,0,0,0,1,1,0,0,1,1,0,0,0,0,0,0,0,1,1,0,1,,0,0,0,0,0,1,1,0,573,5947,240.8,140,13.5,100,85,2.3,7,1.6,6,,13.4,11.9,1.3,0.11,28,0.9,,8,7.6,21,190,
133,51,B2-033-1705,2143,B2,B2,Ciclo Completo,Tecnificado,sano,2lactancia,UNO,0,NEG,pos,1,1,33.13,POS,pos,1,1,0,0,0,1,0,1,1,1,0,0,0,1,1,0,0,1,1,0,0,0,0,0,0,0,1,1,0,1,,0,0,0,0,0,1,1,0,573,5947,240.8,140,13.5,100,85,2.3,7,1.6,6,,13.4,11.9,1.3,0.11,28,0.9,,8,7.6,21,190,
134,51,B2-033-1705,2143,B2,B2,Ciclo Completo,Tecnificado,sano,3destete,DOS,30.12,POS,pos,1,3,32.37,POS,pos,1,1,0,0,0,1,0,1,1,1,0,0,0,1,1,0,0,1,1,0,0,0,0,0,0,0,1,1,0,1,,0,0,0,0,0,1,1,0,573,5947,240.8,140,13.5,100,85,2.3,7,1.6,6,,13.4,11.9,1.3,0.11,28,0.9,,8,7.6,21,190,
135,51,B2-033-1705,2143,B2,B2,Ciclo Completo,Tecnificado,sano,3destete,DOS,0,NEG,pos,1,1,33.07,POS,pos,1,1,0,0,0,1,0,1,1,1,0,0,0,1,1,0,0,1,1,0,0,0,0,0,0,0,1,1,0,1,,0,0,0,0,0,1,1,0,573,5947,240.8,140,13.5,100,85,2.3,7,1.6,6,,13.4,11.9,1.3,0.11,28,0.9,,8,7.6,21,190,
136,51,B2-033-1705,2143,B2,B2,Ciclo Completo,Tecnificado,sano,4crecimiento,TRES,0,NEG,pos,1,1,34.43,POS,pos,1,1,0,0,0,1,0,1,1,1,0,0,0,1,1,0,0,1,1,0,0,0,0,0,0,0,1,1,0,1,,0,0,0,0,0,1,1,0,573,5947,240.8,140,13.5,100,85,2.3,7,1.6,6,,13.4,11.9,1.3,0.11,28,0.9,,8,7.6,21,190,
137,51,B2-033-1705,2143,B2,B2,Ciclo Completo,Tecnificado,sano,4crecimiento,TRES,0,NEG,pos,1,1,33.85,POS,pos,1,1,0,0,0,1,0,1,1,1,0,0,0,1,1,0,0,1,1,0,0,0,0,0,0,0,1,1,0,1,,0,0,0,0,0,1,1,0,573,5947,240.8,140,13.5,100,85,2.3,7,1.6,6,,13.4,11.9,1.3,0.11,28,0.9,,8,7.6,21,190,
138,51,B2-033-1705,2143,B2,B2,Ciclo Completo,Tecnificado,sano,5desarrollo,TRES,0,NEG,pos,1,1,32.71,POS,pos,1,1,0,0,0,1,0,1,1,1,0,0,0,1,1,0,0,1,1,0,0,0,0,0,0,0,1,1,0,1,,0,0,0,0,0,1,1,0,573,5947,240.8,140,13.5,100,85,2.3,7,1.6,6,,13.4,11.9,1.3,0.11,28,0.9,,8,7.6,21,190,
139,51,B2-033-1705,2143,B2,B2,Ciclo Completo,Tecnificado,sano,5desarrollo,TRES,0,NEG,pos,1,1,32.97,POS,pos,1,1,0,0,0,1,0,1,1,1,0,0,0,1,1,0,0,1,1,0,0,0,0,0,0,0,1,1,0,1,,0,0,0,0,0,1,1,0,573,5947,240.8,140,13.5,100,85,2.3,7,1.6,6,,13.4,11.9,1.3,0.11,28,0.9,,8,7.6,21,190,
140,51,B2-033-1705,2143,B2,B2,Ciclo Completo,Tecnificado,sano,6finalizacion,TRES,0,NEG,pos,1,1,33.95,POS,pos,1,1,0,0,0,1,0,1,1,1,0,0,0,1,1,0,0,1,1,0,0,0,0,0,0,0,1,1,0,1,,0,0,0,0,0,1,1,0,573,5947,240.8,140,13.5,100,85,2.3,7,1.6,6,,13.4,11.9,1.3,0.11,28,0.9,,8,7.6,21,190,
141,51,B2-033-1705,2143,B2,B2,Ciclo Completo,Tecnificado,sano,6finalizacion,TRES,0,NEG,pos,1,1,34.05,POS,pos,1,1,0,0,0,1,0,1,1,1,0,0,0,1,1,0,0,1,1,0,0,0,0,0,0,0,1,1,0,1,,0,0,0,0,0,1,1,0,573,5947,240.8,140,13.5,100,85,2.3,7,1.6,6,,13.4,11.9,1.3,0.11,28,0.9,,8,7.6,21,190,
142,60,B2-105-2035,3053,B2,B2,Sitio 1,Tecnificado,sano,1gestacion,UNO,0,NEG,pos,1,1,33.8,POS,pos,1,1,1,0,0,0,0,0,0,0,0,1,0,0,0,0,0,0,0,0,0,0,0,0,0,0,0,1,0,1,1,0,0,0,0,0,0,0,1,800,1759,,,,,,,,,,,,,,,,,,,,,200,105
143,60,B2-105-2035,3053,B2,B2,Sitio 1,Tecnificado,sano,1gestacion,UNO,0,NEG,pos,1,1,33.96,POS,pos,1,1,1,0,0,0,0,0,0,0,0,1,0,0,0,0,0,0,0,0,0,0,0,0,0,0,0,1,0,1,1,0,0,0,0,0,0,0,1,800,1759,,,,,,,,,,,,,,,,,,,,,200,105
144,60,B2-105-2035,3053,B2,B2,Sitio 1,Tecnificado,sano,2lactancia,UNO,31.89,POS,pos,1,3,32.9,POS,pos,1,1,1,0,0,0,0,0,0,0,0,1,0,0,0,0,0,0,0,0,0,0,0,0,0,0,0,1,0,1,1,0,0,0,0,0,0,0,1,800,1759,,,,,,,,,,,,,,,,,,,,,200,105
145,60,B2-105-2035,3053,B2,B2,Sitio 1,Tecnificado,sano,2lactancia,UNO,32.13,POS,pos,1,3,33.81,POS,pos,1,1,1,0,0,0,0,0,0,0,0,1,0,0,0,0,0,0,0,0,0,0,0,0,0,0,0,1,0,1,1,0,0,0,0,0,0,0,1,800,1759,,,,,,,,,,,,,,,,,,,,,200,105
146,38,B1-046-1139,3027,B1,B1,Ciclo Completo,Semitecnificado ,sano,1gestacion,UNO,0,NEG,pos,1,1,34.79,POS,pos,1,1,1,0,0,0,0,1,1,0,0,0,0,1,0,0,0,0,0,0,0,0,0,0,0,0,1,1,0,0,1,0,0,0,0,1,0,0,1,50,723,210.7,130,25,50,80,2.43,5,0,8,2,13,11,2,0,30,1.3,8,6.5,23,19.44,180,107.7
147,38,B1-046-1139,3027,B1,B1,Ciclo Completo,Semitecnificado ,sano,1gestacion,UNO,0,NEG,pos,1,1,34.68,POS,pos,1,1,1,0,0,0,0,1,1,0,0,0,0,1,0,0,0,0,0,0,0,0,0,0,0,0,1,1,0,0,1,0,0,0,0,1,0,0,1,50,723,210.7,130,25,50,80,2.43,5,0,8,2,13,11,2,0,30,1.3,8,6.5,23,19.44,180,107.7
148,38,B1-046-1139,3027,B1,B1,Ciclo Completo,Semitecnificado ,sano,2lactancia,UNO,23.09,POS,pos,1,3,33.68,POS,pos,1,1,1,0,0,0,0,1,1,0,0,0,0,1,0,0,0,0,0,0,0,0,0,0,0,0,1,1,0,0,1,0,0,0,0,1,0,0,1,50,723,210.7,130,25,50,80,2.43,5,0,8,2,13,11,2,0,30,1.3,8,6.5,23,19.44,180,107.7
149,38,B1-046-1139,3027,B1,B1,Ciclo Completo,Semitecnificado ,sano,2lactancia,UNO,0,NEG,pos,1,1,36.99,NEG,pos,1,1,1,0,0,0,0,1,1,0,0,0,0,1,0,0,0,0,0,0,0,0,0,0,0,0,1,1,0,0,1,0,0,0,0,1,0,0,1,50,723,210.7,130,25,50,80,2.43,5,0,8,2,13,11,2,0,30,1.3,8,6.5,23,19.44,180,107.7
150,38,B1-046-1139,3027,B1,B1,Ciclo Completo,Semitecnificado ,sano,3destete,DOS,0,NEG,pos,1,1,36.33,NEG,pos,1,1,1,0,0,0,0,1,1,0,0,0,0,1,0,0,0,0,0,0,0,0,0,0,0,0,1,1,0,0,1,0,0,0,0,1,0,0,1,50,723,210.7,130,25,50,80,2.43,5,0,8,2,13,11,2,0,30,1.3,8,6.5,23,19.44,180,107.7
151,38,B1-046-1139,3027,B1,B1,Ciclo Completo,Semitecnificado ,sano,4crecimiento,TRES,0,NEG,pos,1,1,34.45,POS,pos,1,1,1,0,0,0,0,1,1,0,0,0,0,1,0,0,0,0,0,0,0,0,0,0,0,0,1,1,0,0,1,0,0,0,0,1,0,0,1,50,723,210.7,130,25,50,80,2.43,5,0,8,2,13,11,2,0,30,1.3,8,6.5,23,19.44,180,107.7
152,38,B1-046-1139,3027,B1,B1,Ciclo Completo,Semitecnificado ,sano,4crecimiento,TRES,0,NEG,pos,1,1,34.57,POS,pos,1,1,1,0,0,0,0,1,1,0,0,0,0,1,0,0,0,0,0,0,0,0,0,0,0,0,1,1,0,0,1,0,0,0,0,1,0,0,1,50,723,210.7,130,25,50,80,2.43,5,0,8,2,13,11,2,0,30,1.3,8,6.5,23,19.44,180,107.7
153,38,B1-046-1139,3027,B1,B1,Ciclo Completo,Semitecnificado ,sano,5desarrollo,TRES,0,NEG,pos,1,1,29.19,POS,pos,1,1,1,0,0,0,0,1,1,0,0,0,0,1,0,0,0,0,0,0,0,0,0,0,0,0,1,1,0,0,1,0,0,0,0,1,0,0,1,50,723,210.7,130,25,50,80,2.43,5,0,8,2,13,11,2,0,30,1.3,8,6.5,23,19.44,180,107.7
154,38,B1-046-1139,3027,B1,B1,Ciclo Completo,Semitecnificado ,sano,5desarrollo,TRES,35.34,NEG,pos,1,2,31.49,POS,pos,1,1,1,0,0,0,0,1,1,0,0,0,0,1,0,0,0,0,0,0,0,0,0,0,0,0,1,1,0,0,1,0,0,0,0,1,0,0,1,50,723,210.7,130,25,50,80,2.43,5,0,8,2,13,11,2,0,30,1.3,8,6.5,23,19.44,180,107.7
155,38,B1-046-1139,3027,B1,B1,Ciclo Completo,Semitecnificado ,sano,6finalizacion,TRES,36.49,NEG,pos,1,2,33.91,POS,pos,1,1,1,0,0,0,0,1,1,0,0,0,0,1,0,0,0,0,0,0,0,0,0,0,0,0,1,1,0,0,1,0,0,0,0,1,0,0,1,50,723,210.7,130,25,50,80,2.43,5,0,8,2,13,11,2,0,30,1.3,8,6.5,23,19.44,180,107.7
156,38,B1-046-1139,3027,B1,B1,Ciclo Completo,Semitecnificado ,sano,6finalizacion,TRES,36.57,NEG,pos,1,2,30.53,POS,pos,1,1,1,0,0,0,0,1,1,0,0,0,0,1,0,0,0,0,0,0,0,0,0,0,0,0,1,1,0,0,1,0,0,0,0,1,0,0,1,50,723,210.7,130,25,50,80,2.43,5,0,8,2,13,11,2,0,30,1.3,8,6.5,23,19.44,180,107.7
157,1,A2-058-0088,2238,A2,A,Ciclo Completo,Tecnificado,sano,3destete,DOS,0,NEG,pos,1,1,34.19,POS,pos,1,0,1,0,0,0,0,0,0,0,0,,,,,0,0,0,1,1,0,1,1,1,0,,1,0,1,0,1,0,0,0,0,0,0,0,1,736,6862,,,,,,,,,,,,,,,,,,,,,,
158,1,A2-058-0088,2238,A2,A,Ciclo Completo,Tecnificado,sano,4crecimiento,TRES,0,NEG,pos,1,1,33.89,POS,pos,1,0,1,0,0,0,0,0,0,0,0,,,,,0,0,0,1,1,0,1,1,1,0,,1,0,1,0,1,0,0,0,0,0,0,0,1,736,6862,,,,,,,,,,,,,,,,,,,,,,
159,1,A2-058-0088,2238,A2,A,Ciclo Completo,Tecnificado,sano,4crecimiento,TRES,0,NEG,pos,1,1,33.73,POS,pos,1,0,1,0,0,0,0,0,0,0,0,,,,,0,0,0,1,1,0,1,1,1,0,,1,0,1,0,1,0,0,0,0,0,0,0,1,736,6862,,,,,,,,,,,,,,,,,,,,,,
160,1,A2-058-0088,2238,A2,A,Ciclo Completo,Tecnificado,sano,5desarrollo,TRES,0,NEG,pos,1,1,33.62,POS,pos,1,0,1,0,0,0,0,0,0,0,0,,,,,0,0,0,1,1,0,1,1,1,0,,1,0,1,0,1,0,0,0,0,0,0,0,1,736,6862,,,,,,,,,,,,,,,,,,,,,,
161,1,A2-058-0088,2238,A2,A,Ciclo Completo,Tecnificado,sano,5desarrollo,TRES,0,NEG,pos,1,1,35.86,NEG,pos,1,0,1,0,0,0,0,0,0,0,0,,,,,0,0,0,1,1,0,1,1,1,0,,1,0,1,0,1,0,0,0,0,0,0,0,1,736,6862,,,,,,,,,,,,,,,,,,,,,,
162,1,A2-058-0088,2238,A2,A,Ciclo Completo,Tecnificado,sano,6finalizacion,TRES,0,NEG,pos,1,1,35.51,NEG,pos,1,0,1,0,0,0,0,0,0,0,0,,,,,0,0,0,1,1,0,1,1,1,0,,1,0,1,0,1,0,0,0,0,0,0,0,1,736,6862,,,,,,,,,,,,,,,,,,,,,,
163,1,A2-058-0088,2238,A2,A,Ciclo Completo,Tecnificado,sano,6finalizacion,TRES,0,NEG,pos,1,1,36.85,NEG,pos,1,0,1,0,0,0,0,0,0,0,0,,,,,0,0,0,1,1,0,1,1,1,0,,1,0,1,0,1,0,0,0,0,0,0,0,1,736,6862,,,,,,,,,,,,,,,,,,,,,,
164,79,B3-120-2749,2643,B3,B3,Sitio 3,Tecnificado,sano,4crecimiento,TRES,0,NEG,neg,0,1,0,NEG,pos_clin,1,0,,,,0,0,0,0,0,0,0,0,1,0,0,0,1,1,1,1,1,1,0,1,0,1,1,0,0,0,0,0,0,0,0,1,0,0,,4000,,,,,,,,,,,,,,,,,,,,,180,115
165,79,B3-120-2749,2643,B3,B3,Sitio 3,Tecnificado,sano,4crecimiento,TRES,0,NEG,neg,0,1,35.16,NEG,pos_clin,1,0,,,,0,0,0,0,0,0,0,0,1,0,0,0,1,1,1,1,1,1,0,1,0,1,1,0,0,0,0,0,0,0,0,1,0,0,,4000,,,,,,,,,,,,,,,,,,,,,180,115
166,79,B3-120-2749,2643,B3,B3,Sitio 3,Tecnificado,sano,5desarrollo,TRES,0,NEG,neg,0,1,35.32,NEG,pos_clin,1,0,,,,0,0,0,0,0,0,0,0,1,0,0,0,1,1,1,1,1,1,0,1,0,1,1,0,0,0,0,0,0,0,0,1,0,0,,4000,,,,,,,,,,,,,,,,,,,,,180,115
167,79,B3-120-2749,2643,B3,B3,Sitio 3,Tecnificado,sano,5desarrollo,TRES,0,NEG,neg,0,1,35.15,NEG,pos_clin,1,0,,,,0,0,0,0,0,0,0,0,1,0,0,0,1,1,1,1,1,1,0,1,0,1,1,0,0,0,0,0,0,0,0,1,0,0,,4000,,,,,,,,,,,,,,,,,,,,,180,115
168,79,B3-120-2749,2643,B3,B3,Sitio 3,Tecnificado,sano,6finalizacion,TRES,0,NEG,neg,0,1,33.04,POS,pos_clin,1,0,,,,0,0,0,0,0,0,0,0,1,0,0,0,1,1,1,1,1,1,0,1,0,1,1,0,0,0,0,0,0,0,0,1,0,0,,4000,,,,,,,,,,,,,,,,,,,,,180,115
169,79,B3-120-2749,2643,B3,B3,Sitio 3,Tecnificado,sano,6finalizacion,TRES,0,NEG,neg,0,1,35.82,NEG,pos_clin,1,0,,,,0,0,0,0,0,0,0,0,1,0,0,0,1,1,1,1,1,1,0,1,0,1,1,0,0,0,0,0,0,0,0,1,0,0,,4000,,,,,,,,,,,,,,,,,,,,,180,115
170,66,B3-044-2259,3042,B3,B3,Sitio 3,Tecnificado,sano,5desarrollo,TRES,0,NEG,neg,0,1,26.83,POS,pos,1,0,,,0,0,1,1,0,1,0,1,0,1,1,0,1,1,1,1,1,1,1,1,1,1,0,1,0,1,,1,0,0,0,0,0,0,0,,1000,,,,,,,,,,,,,,,,,,,,,166.5,120
171,66,B3-044-2259,3042,B3,B3,Sitio 3,Tecnificado,sano,5desarrollo,TRES,0,NEG,neg,0,1,32.3,POS,pos,1,0,,,0,0,1,1,0,1,0,1,0,1,1,0,1,1,1,1,1,1,1,1,1,1,0,1,0,1,,1,0,0,0,0,0,0,0,,1000,,,,,,,,,,,,,,,,,,,,,166.5,120
172,66,B3-044-2259,3042,B3,B3,Sitio 3,Tecnificado,sano,6finalizacion,TRES,0,NEG,neg,0,1,32.55,POS,pos,1,0,,,0,0,1,1,0,1,0,1,0,1,1,0,1,1,1,1,1,1,1,1,1,1,0,1,0,1,,1,0,0,0,0,0,0,0,,1000,,,,,,,,,,,,,,,,,,,,,166.5,120
173,66,B3-044-2259,3042,B3,B3,Sitio 3,Tecnificado,sano,6finalizacion,TRES,0,NEG,neg,0,1,34.45,POS,pos,1,0,,,0,0,1,1,0,1,0,1,0,1,1,0,1,1,1,1,1,1,1,1,1,1,0,1,0,1,,1,0,0,0,0,0,0,0,,1000,,,,,,,,,,,,,,,,,,,,,166.5,120
174,53,B2-093-1947,3060,B2,B2,Sitio 1,Tecnificado,sano,1gestacion,UNO,0,NEG,neg,0,1,36.95,NEG,neg,0,0,1,0,0,0,0,0,0,0,0,0,0,0,0,0,0,0,0,0,0,0,0,0,0,0,0,0,0,1,0,0,0,0,0,0,0,0,0,2060,5856,240,150,35,100,80,2.2,25,5,8,3.5,13,11.5,1.2,0.3,28,1.3,9.4,8,16,20.7,,110
175,53,B2-093-1947,3060,B2,B2,Sitio 1,Tecnificado,sano,1gestacion,UNO,0,NEG,neg,0,1,36.05,NEG,neg,0,0,1,0,0,0,0,0,0,0,0,0,0,0,0,0,0,0,0,0,0,0,0,0,0,0,0,0,0,1,0,0,0,0,0,0,0,0,0,2060,5856,240,150,35,100,80,2.2,25,5,8,3.5,13,11.5,1.2,0.3,28,1.3,9.4,8,16,20.7,,110
176,53,B2-093-1947,3060,B2,B2,Sitio 1,Tecnificado,sano,2lactancia,UNO,0,NEG,neg,0,1,35.05,NEG,neg,0,0,1,0,0,0,0,0,0,0,0,0,0,0,0,0,0,0,0,0,0,0,0,0,0,0,0,0,0,1,0,0,0,0,0,0,0,0,0,2060,5856,240,150,35,100,80,2.2,25,5,8,3.5,13,11.5,1.2,0.3,28,1.3,9.4,8,16,20.7,,110
177,53,B2-093-1947,3060,B2,B2,Sitio 1,Tecnificado,sano,2lactancia,UNO,0,NEG,neg,0,1,37.93,NEG,neg,0,0,1,0,0,0,0,0,0,0,0,0,0,0,0,0,0,0,0,0,0,0,0,0,0,0,0,0,0,1,0,0,0,0,0,0,0,0,0,2060,5856,240,150,35,100,80,2.2,25,5,8,3.5,13,11.5,1.2,0.3,28,1.3,9.4,8,16,20.7,,110
178,65,B3-030-2200,2150,B3,B3,Ciclo Completo,Semitecnificado ,sano,3destete,DOS,0,NEG,pos,1,1,36.23,NEG,pos,1,1,0,0,0,0,0,1,,0,0,0,0,1,0,0,0,1,1,1,1,1,1,0,0,0,1,1,0,0,0,0,0,0,0,0,0,0,0,23,172,240.8,150,40,100,57.85,2.07,,0,6,,13.16,10.41,1.91,0.83,32.6,1.93,5.36,8.225,15.9,13.4,165,100
179,65,B3-030-2200,2150,B3,B3,Ciclo Completo,Semitecnificado ,sano,3destete,DOS,0,NEG,pos,1,1,35.99,NEG,pos,1,1,0,0,0,0,0,1,,0,0,0,0,1,0,0,0,1,1,1,1,1,1,0,0,0,1,1,0,0,0,0,0,0,0,0,0,0,0,23,172,240.8,150,40,100,57.85,2.07,,0,6,,13.16,10.41,1.91,0.83,32.6,1.93,5.36,8.225,15.9,13.4,165,100
180,65,B3-030-2200,2150,B3,B3,Ciclo Completo,Semitecnificado ,sano,4crecimiento,TRES,0,NEG,pos,1,1,34.44,POS,pos,1,1,0,0,0,0,0,1,,0,0,0,0,1,0,0,0,1,1,1,1,1,1,0,0,0,1,1,0,0,0,0,0,0,0,0,0,0,0,23,172,240.8,150,40,100,57.85,2.07,,0,6,,13.16,10.41,1.91,0.83,32.6,1.93,5.36,8.225,15.9,13.4,165,100
181,65,B3-030-2200,2150,B3,B3,Ciclo Completo,Semitecnificado ,sano,4crecimiento,TRES,0,NEG,pos,1,1,36.11,NEG,pos,1,1,0,0,0,0,0,1,,0,0,0,0,1,0,0,0,1,1,1,1,1,1,0,0,0,1,1,0,0,0,0,0,0,0,0,0,0,0,23,172,240.8,150,40,100,57.85,2.07,,0,6,,13.16,10.41,1.91,0.83,32.6,1.93,5.36,8.225,15.9,13.4,165,100
182,65,B3-030-2200,2150,B3,B3,Ciclo Completo,Semitecnificado ,sano,5desarrollo,TRES,0,NEG,pos,1,1,36.21,NEG,pos,1,1,0,0,0,0,0,1,,0,0,0,0,1,0,0,0,1,1,1,1,1,1,0,0,0,1,1,0,0,0,0,0,0,0,0,0,0,0,23,172,240.8,150,40,100,57.85,2.07,,0,6,,13.16,10.41,1.91,0.83,32.6,1.93,5.36,8.225,15.9,13.4,165,100
183,65,B3-030-2200,2150,B3,B3,Ciclo Completo,Semitecnificado ,sano,5desarrollo,TRES,0,NEG,pos,1,1,33.8,POS,pos,1,1,0,0,0,0,0,1,,0,0,0,0,1,0,0,0,1,1,1,1,1,1,0,0,0,1,1,0,0,0,0,0,0,0,0,0,0,0,23,172,240.8,150,40,100,57.85,2.07,,0,6,,13.16,10.41,1.91,0.83,32.6,1.93,5.36,8.225,15.9,13.4,165,100
184,65,B3-030-2200,2150,B3,B3,Ciclo Completo,Semitecnificado ,sano,6finalizacion,TRES,0,NEG,pos,1,1,35.96,NEG,pos,1,1,0,0,0,0,0,1,,0,0,0,0,1,0,0,0,1,1,1,1,1,1,0,0,0,1,1,0,0,0,0,0,0,0,0,0,0,0,23,172,240.8,150,40,100,57.85,2.07,,0,6,,13.16,10.41,1.91,0.83,32.6,1.93,5.36,8.225,15.9,13.4,165,100
185,65,B3-030-2200,2150,B3,B3,Ciclo Completo,Semitecnificado ,sano,6finalizacion,TRES,34.84,POS,pos,1,3,37.63,NEG,pos,1,1,0,0,0,0,0,1,,0,0,0,0,1,0,0,0,1,1,1,1,1,1,0,0,0,1,1,0,0,0,0,0,0,0,0,0,0,0,23,172,240.8,150,40,100,57.85,2.07,,0,6,,13.16,10.41,1.91,0.83,32.6,1.93,5.36,8.225,15.9,13.4,165,100
186,13,A4-005-0369,2344,A4,A,Ciclo Completo,Semitecnificado ,sano,1gestacion,UNO,39.17,NEG,pos,1,2,36.24,NEG,pos,1,1,0,0,0,0,0,0,0,0,0,0,0,1,0,0,0,1,1,1,1,1,1,0,0,0,1,1,0,0,,0,0,0,0,0,1,0,1,45,409,255.85,130,,10,81.8,2.4,4,,9,4,,,,,24,1.5,,6,10.78,2.4,165,112
187,73,B3-093-1949,3063,B3,B3,Ciclo Completo,Semitecnificado ,sano,1gestacion,UNO,0,NEG,pos,1,1,36.05,NEG,neg,0,,,,,,,,,,,,,,,,,,,,,,,,,,,,,,,,,,,,,,,,,,,,,,,,,,,,,,,,,,,,,,
188,73,B3-093-1949,3063,B3,B3,Ciclo Completo,Semitecnificado ,sano,1gestacion,UNO,38.58,NEG,pos,1,2,39.26,NEG,neg,0,,,,,,,,,,,,,,,,,,,,,,,,,,,,,,,,,,,,,,,,,,,,,,,,,,,,,,,,,,,,,,
189,73,B3-093-1949,3063,B3,B3,Ciclo Completo,Semitecnificado ,sano,2lactancia,UNO,29.15,POS,pos,1,3,36.58,NEG,neg,0,,,,,,,,,,,,,,,,,,,,,,,,,,,,,,,,,,,,,,,,,,,,,,,,,,,,,,,,,,,,,,
190,73,B3-093-1949,3063,B3,B3,Ciclo Completo,Semitecnificado ,sano,2lactancia,UNO,31.72,POS,pos,1,3,40.46,NEG,neg,0,,,,,,,,,,,,,,,,,,,,,,,,,,,,,,,,,,,,,,,,,,,,,,,,,,,,,,,,,,,,,,
191,27,A4-114-0808,2488,A4,A,Ciclo Completo,Semitecnificado ,sano,1gestacion,UNO,0,NEG,pos,1,1,36.01,NEG,pos,1,1,1,0,0,0,0,1,0,1,0,1,0,1,0,0,0,0,1,1,0,1,1,0,0,0,1,0,0,1,1,1,0,0,0,0,1,0,0,120,998,,,,,,,,,,,,,,,,,,,,,,
192,27,A4-114-0808,2488,A4,A,Ciclo Completo,Semitecnificado ,sano,1gestacion,UNO,0,NEG,pos,1,1,35.81,NEG,pos,1,1,1,0,0,0,0,1,0,1,0,1,0,1,0,0,0,0,1,1,0,1,1,0,0,0,1,0,0,1,1,1,0,0,0,0,1,0,0,120,998,,,,,,,,,,,,,,,,,,,,,,
193,27,A4-114-0808,2488,A4,A,Ciclo Completo,Semitecnificado ,sano,2lactancia,UNO,0,NEG,pos,1,1,37.3,NEG,pos,1,1,1,0,0,0,0,1,0,1,0,1,0,1,0,0,0,0,1,1,0,1,1,0,0,0,1,0,0,1,1,1,0,0,0,0,1,0,0,120,998,,,,,,,,,,,,,,,,,,,,,,
194,27,A4-114-0808,2488,A4,A,Ciclo Completo,Semitecnificado ,sano,2lactancia,UNO,34.04,POS,pos,1,3,36.77,NEG,pos,1,1,1,0,0,0,0,1,0,1,0,1,0,1,0,0,0,0,1,1,0,1,1,0,0,0,1,0,0,1,1,1,0,0,0,0,1,0,0,120,998,,,,,,,,,,,,,,,,,,,,,,
195,27,A4-114-0808,2488,A4,A,Ciclo Completo,Semitecnificado ,sano,3destete,DOS,39.01,NEG,pos,1,2,36.24,NEG,pos,1,1,1,0,0,0,0,1,0,1,0,1,0,1,0,0,0,0,1,1,0,1,1,0,0,0,1,0,0,1,1,1,0,0,0,0,1,0,0,120,998,,,,,,,,,,,,,,,,,,,,,,
196,27,A4-114-0808,2488,A4,A,Ciclo Completo,Semitecnificado ,sano,3destete,DOS,37.62,NEG,pos,1,2,26.15,POS,pos,1,1,1,0,0,0,0,1,0,1,0,1,0,1,0,0,0,0,1,1,0,1,1,0,0,0,1,0,0,1,1,1,0,0,0,0,1,0,0,120,998,,,,,,,,,,,,,,,,,,,,,,
197,27,A4-114-0808,2488,A4,A,Ciclo Completo,Semitecnificado ,sano,4crecimiento,TRES,38.41,NEG,pos,1,2,34.97,POS,pos,1,1,1,0,0,0,0,1,0,1,0,1,0,1,0,0,0,0,1,1,0,1,1,0,0,0,1,0,0,1,1,1,0,0,0,0,1,0,0,120,998,,,,,,,,,,,,,,,,,,,,,,
198,27,A4-114-0808,2488,A4,A,Ciclo Completo,Semitecnificado ,sano,4crecimiento,TRES,33.89,POS,pos,1,3,35.17,NEG,pos,1,1,1,0,0,0,0,1,0,1,0,1,0,1,0,0,0,0,1,1,0,1,1,0,0,0,1,0,0,1,1,1,0,0,0,0,1,0,0,120,998,,,,,,,,,,,,,,,,,,,,,,
199,27,A4-114-0808,2488,A4,A,Ciclo Completo,Semitecnificado ,sano,5desarrollo,TRES,37.75,NEG,pos,1,2,36.26,NEG,pos,1,1,1,0,0,0,0,1,0,1,0,1,0,1,0,0,0,0,1,1,0,1,1,0,0,0,1,0,0,1,1,1,0,0,0,0,1,0,0,120,998,,,,,,,,,,,,,,,,,,,,,,
200,27,A4-114-0808,2488,A4,A,Ciclo Completo,Semitecnificado ,sano,5desarrollo,TRES,0,NEG,pos,1,1,35.22,NEG,pos,1,1,1,0,0,0,0,1,0,1,0,1,0,1,0,0,0,0,1,1,0,1,1,0,0,0,1,0,0,1,1,1,0,0,0,0,1,0,0,120,998,,,,,,,,,,,,,,,,,,,,,,
201,27,A4-114-0808,2488,A4,A,Ciclo Completo,Semitecnificado ,sano,6finalizacion,TRES,34.44,POS,pos,1,3,35.2,NEG,pos,1,1,1,0,0,0,0,1,0,1,0,1,0,1,0,0,0,0,1,1,0,1,1,0,0,0,1,0,0,1,1,1,0,0,0,0,1,0,0,120,998,,,,,,,,,,,,,,,,,,,,,,
202,27,A4-114-0808,2488,A4,A,Ciclo Completo,Semitecnificado ,sano,6finalizacion,TRES,33.63,POS,pos,1,3,36.78,NEG,pos,1,1,1,0,0,0,0,1,0,1,0,1,0,1,0,0,0,0,1,1,0,1,1,0,0,0,1,0,0,1,1,1,0,0,0,0,1,0,0,120,998,,,,,,,,,,,,,,,,,,,,,,
203,46,B2-001-1456,3052,B2,B2,Ciclo Completo,Tecnificado,sano,1gestacion,UNO,23.18,POS,pos,1,3,32.39,POS,pos,1,0,1,0,0,0,0,0,0,0,0,0,0,0,0,0,0,1,0,1,0,1,0,0,0,0,1,1,0,1,0,0,0,0,0,0,0,0,0,413,12181,205,140,40,100,83.8,2.25,16.8,1,6,1,12.3,9.6,2,0.7,21,1.2,8,5.5,20,18,167,105
204,46,B2-001-1456,3052,B2,B2,Ciclo Completo,Tecnificado,sano,3destete,DOS,37.9,NEG,pos,1,2,35.21,NEG,pos,1,0,1,0,0,0,0,0,0,0,0,0,0,0,0,0,0,1,0,1,0,1,0,0,0,0,1,1,0,1,0,0,0,0,0,0,0,0,0,413,12181,205,140,40,100,83.8,2.25,16.8,1,6,1,12.3,9.6,2,0.7,21,1.2,8,5.5,20,18,167,105
205,46,B2-001-1456,3052,B2,B2,Ciclo Completo,Tecnificado,sano,3destete,DOS,30.2,POS,pos,1,3,34.74,POS,pos,1,0,1,0,0,0,0,0,0,0,0,0,0,0,0,0,0,1,0,1,0,1,0,0,0,0,1,1,0,1,0,0,0,0,0,0,0,0,0,413,12181,205,140,40,100,83.8,2.25,16.8,1,6,1,12.3,9.6,2,0.7,21,1.2,8,5.5,20,18,167,105
206,46,B2-001-1456,3052,B2,B2,Ciclo Completo,Tecnificado,sano,5desarrollo,TRES,31.35,POS,pos,1,3,36.05,NEG,pos,1,0,1,0,0,0,0,0,0,0,0,0,0,0,0,0,0,1,0,1,0,1,0,0,0,0,1,1,0,1,0,0,0,0,0,0,0,0,0,413,12181,205,140,40,100,83.8,2.25,16.8,1,6,1,12.3,9.6,2,0.7,21,1.2,8,5.5,20,18,167,105
207,46,B2-001-1456,3052,B2,B2,Ciclo Completo,Tecnificado,sano,5desarrollo,TRES,23.2,POS,pos,1,3,32.09,POS,pos,1,0,1,0,0,0,0,0,0,0,0,0,0,0,0,0,0,1,0,1,0,1,0,0,0,0,1,1,0,1,0,0,0,0,0,0,0,0,0,413,12181,205,140,40,100,83.8,2.25,16.8,1,6,1,12.3,9.6,2,0.7,21,1.2,8,5.5,20,18,167,105
208,46,B2-001-1456,3052,B2,B2,Ciclo Completo,Tecnificado,sano,6finalizacion,TRES,23.21,POS,pos,1,3,35.04,NEG,pos,1,0,1,0,0,0,0,0,0,0,0,0,0,0,0,0,0,1,0,1,0,1,0,0,0,0,1,1,0,1,0,0,0,0,0,0,0,0,0,413,12181,205,140,40,100,83.8,2.25,16.8,1,6,1,12.3,9.6,2,0.7,21,1.2,8,5.5,20,18,167,105
209,46,B2-001-1456,3052,B2,B2,Ciclo Completo,Tecnificado,sano,6finalizacion,TRES,26.18,POS,pos,1,3,28.88,POS,pos,1,0,1,0,0,0,0,0,0,0,0,0,0,0,0,0,0,1,0,1,0,1,0,0,0,0,1,1,0,1,0,0,0,0,0,0,0,0,0,413,12181,205,140,40,100,83.8,2.25,16.8,1,6,1,12.3,9.6,2,0.7,21,1.2,8,5.5,20,18,167,105
210,74,B3-097-2645,3046,B3,B3,Ciclo Completo,Semitecnificado ,sano,1gestacion,UNO,0,NEG,pos,1,1,38.05,NEG,pos,1,1,1,0,0,0,0,1,1,0,0,0,1,1,0,0,0,1,1,0,0,1,0,1,1,1,1,1,0,1,1,0,0,0,1,0,1,1,1,39,273,210.7,140,,95,81.81,2.42,9,5.12,19,3,13.5,9.57,2.53,1.03,26.55,1.55,7.33,7.73,20.48,,150.5,
211,74,B3-097-2645,3046,B3,B3,Ciclo Completo,Semitecnificado ,sano,3destete,DOS,0,NEG,pos,1,1,0,NEG,pos,1,1,1,0,0,0,0,1,1,0,0,0,1,1,0,0,0,1,1,0,0,1,0,1,1,1,1,1,0,1,1,0,0,0,1,0,1,1,1,39,273,210.7,140,,95,81.81,2.42,9,5.12,19,3,13.5,9.57,2.53,1.03,26.55,1.55,7.33,7.73,20.48,,150.5,
212,74,B3-097-2645,3046,B3,B3,Ciclo Completo,Semitecnificado ,sano,3destete,DOS,32.55,POS,pos,1,3,34.35,POS,pos,1,1,1,0,0,0,0,1,1,0,0,0,1,1,0,0,0,1,1,0,0,1,0,1,1,1,1,1,0,1,1,0,0,0,1,0,1,1,1,39,273,210.7,140,,95,81.81,2.42,9,5.12,19,3,13.5,9.57,2.53,1.03,26.55,1.55,7.33,7.73,20.48,,150.5,
213,74,B3-097-2645,3046,B3,B3,Ciclo Completo,Semitecnificado ,sano,4crecimiento,TRES,0,NEG,pos,1,1,23.92,POS,pos,1,1,1,0,0,0,0,1,1,0,0,0,1,1,0,0,0,1,1,0,0,1,0,1,1,1,1,1,0,1,1,0,0,0,1,0,1,1,1,39,273,210.7,140,,95,81.81,2.42,9,5.12,19,3,13.5,9.57,2.53,1.03,26.55,1.55,7.33,7.73,20.48,,150.5,
214,74,B3-097-2645,3046,B3,B3,Ciclo Completo,Semitecnificado ,sano,4crecimiento,TRES,33.46,POS,pos,1,3,25.99,POS,pos,1,1,1,0,0,0,0,1,1,0,0,0,1,1,0,0,0,1,1,0,0,1,0,1,1,1,1,1,0,1,1,0,0,0,1,0,1,1,1,39,273,210.7,140,,95,81.81,2.42,9,5.12,19,3,13.5,9.57,2.53,1.03,26.55,1.55,7.33,7.73,20.48,,150.5,
215,74,B3-097-2645,3046,B3,B3,Ciclo Completo,Semitecnificado ,sano,5desarrollo,TRES,39.33,NEG,pos,1,2,28.58,POS,pos,1,1,1,0,0,0,0,1,1,0,0,0,1,1,0,0,0,1,1,0,0,1,0,1,1,1,1,1,0,1,1,0,0,0,1,0,1,1,1,39,273,210.7,140,,95,81.81,2.42,9,5.12,19,3,13.5,9.57,2.53,1.03,26.55,1.55,7.33,7.73,20.48,,150.5,
216,74,B3-097-2645,3046,B3,B3,Ciclo Completo,Semitecnificado ,sano,5desarrollo,TRES,0,NEG,pos,1,1,0,NEG,pos,1,1,1,0,0,0,0,1,1,0,0,0,1,1,0,0,0,1,1,0,0,1,0,1,1,1,1,1,0,1,1,0,0,0,1,0,1,1,1,39,273,210.7,140,,95,81.81,2.42,9,5.12,19,3,13.5,9.57,2.53,1.03,26.55,1.55,7.33,7.73,20.48,,150.5,
217,74,B3-097-2645,3046,B3,B3,Ciclo Completo,Semitecnificado ,sano,6finalizacion,TRES,39.28,NEG,pos,1,2,0,NEG,pos,1,1,1,0,0,0,0,1,1,0,0,0,1,1,0,0,0,1,1,0,0,1,0,1,1,1,1,1,0,1,1,0,0,0,1,0,1,1,1,39,273,210.7,140,,95,81.81,2.42,9,5.12,19,3,13.5,9.57,2.53,1.03,26.55,1.55,7.33,7.73,20.48,,150.5,
218,74,B3-097-2645,3046,B3,B3,Ciclo Completo,Semitecnificado ,sano,6finalizacion,TRES,35.18,NEG,pos,1,2,0,NEG,pos,1,1,1,0,0,0,0,1,1,0,0,0,1,1,0,0,0,1,1,0,0,1,0,1,1,1,1,1,0,1,1,0,0,0,1,0,1,1,1,39,273,210.7,140,,95,81.81,2.42,9,5.12,19,3,13.5,9.57,2.53,1.03,26.55,1.55,7.33,7.73,20.48,,150.5,
219,11,A3-110-0329,2469,A3,A,Ciclo Completo,Semitecnificado ,sano,1gestacion,UNO,0,NEG,pos_clin,1,1,0,NEG,pos_clin,1,0,0,0,0,0,0,0,0,0,0,0,0,1,0,0,0,1,1,0,0,1,0,0,0,0,1,1,,,0,,0,0,0,0,1,0,0,80,349,270.9,135,30,5,77,2.3,7,,8,4.5,13,11.12,1,1,28,0.75,,9,5,25,,130
220,11,A3-110-0329,2469,A3,A,Ciclo Completo,Semitecnificado ,sano,1gestacion,UNO,38.54,NEG,pos_clin,1,2,0,NEG,pos_clin,1,0,0,0,0,0,0,0,0,0,0,0,0,1,0,0,0,1,1,0,0,1,0,0,0,0,1,1,,,0,,0,0,0,0,1,0,0,80,349,270.9,135,30,5,77,2.3,7,,8,4.5,13,11.12,1,1,28,0.75,,9,5,25,,130
221,11,A3-110-0329,2469,A3,A,Ciclo Completo,Semitecnificado ,sano,3destete,DOS,0,NEG,pos_clin,1,1,0,NEG,pos_clin,1,0,0,0,0,0,0,0,0,0,0,0,0,1,0,0,0,1,1,0,0,1,0,0,0,0,1,1,,,0,,0,0,0,0,1,0,0,80,349,270.9,135,30,5,77,2.3,7,,8,4.5,13,11.12,1,1,28,0.75,,9,5,25,,130
222,11,A3-110-0329,2469,A3,A,Ciclo Completo,Semitecnificado ,sano,3destete,DOS,39.02,NEG,pos_clin,1,2,0,NEG,pos_clin,1,0,0,0,0,0,0,0,0,0,0,0,0,1,0,0,0,1,1,0,0,1,0,0,0,0,1,1,,,0,,0,0,0,0,1,0,0,80,349,270.9,135,30,5,77,2.3,7,,8,4.5,13,11.12,1,1,28,0.75,,9,5,25,,130
223,11,A3-110-0329,2469,A3,A,Ciclo Completo,Semitecnificado ,sano,4crecimiento,TRES,33.11,POS,pos_clin,1,3,0,NEG,pos_clin,1,0,0,0,0,0,0,0,0,0,0,0,0,1,0,0,0,1,1,0,0,1,0,0,0,0,1,1,,,0,,0,0,0,0,1,0,0,80,349,270.9,135,30,5,77,2.3,7,,8,4.5,13,11.12,1,1,28,0.75,,9,5,25,,130
224,11,A3-110-0329,2469,A3,A,Ciclo Completo,Semitecnificado ,sano,4crecimiento,TRES,32.65,POS,pos_clin,1,3,0,NEG,pos_clin,1,0,0,0,0,0,0,0,0,0,0,0,0,1,0,0,0,1,1,0,0,1,0,0,0,0,1,1,,,0,,0,0,0,0,1,0,0,80,349,270.9,135,30,5,77,2.3,7,,8,4.5,13,11.12,1,1,28,0.75,,9,5,25,,130
225,11,A3-110-0329,2469,A3,A,Ciclo Completo,Semitecnificado ,sano,5desarrollo,TRES,0,NEG,pos_clin,1,1,0,NEG,pos_clin,1,0,0,0,0,0,0,0,0,0,0,0,0,1,0,0,0,1,1,0,0,1,0,0,0,0,1,1,,,0,,0,0,0,0,1,0,0,80,349,270.9,135,30,5,77,2.3,7,,8,4.5,13,11.12,1,1,28,0.75,,9,5,25,,130
226,11,A3-110-0329,2469,A3,A,Ciclo Completo,Semitecnificado ,sano,5desarrollo,TRES,33.95,POS,pos_clin,1,3,0,NEG,pos_clin,1,0,0,0,0,0,0,0,0,0,0,0,0,1,0,0,0,1,1,0,0,1,0,0,0,0,1,1,,,0,,0,0,0,0,1,0,0,80,349,270.9,135,30,5,77,2.3,7,,8,4.5,13,11.12,1,1,28,0.75,,9,5,25,,130
227,11,A3-110-0329,2469,A3,A,Ciclo Completo,Semitecnificado ,sano,6finalizacion,TRES,38.22,NEG,pos_clin,1,2,0,NEG,pos_clin,1,0,0,0,0,0,0,0,0,0,0,0,0,1,0,0,0,1,1,0,0,1,0,0,0,0,1,1,,,0,,0,0,0,0,1,0,0,80,349,270.9,135,30,5,77,2.3,7,,8,4.5,13,11.12,1,1,28,0.75,,9,5,25,,130
228,11,A3-110-0329,2469,A3,A,Ciclo Completo,Semitecnificado ,sano,6finalizacion,TRES,34.4,POS,pos_clin,1,3,34.29,POS,pos_clin,1,0,0,0,0,0,0,0,0,0,0,0,0,1,0,0,0,1,1,0,0,1,0,0,0,0,1,1,,,0,,0,0,0,0,1,0,0,80,349,270.9,135,30,5,77,2.3,7,,8,4.5,13,11.12,1,1,28,0.75,,9,5,25,,130
229,6,A3-015-2964,3069,A3,A,Ciclo Completo,Semitecnificado ,sano,1gestacion,UNO,34.88,POS,pos,1,3,38.05,NEG,pos,1,1,1,0,0,0,0,1,1,0,0,0,0,1,1,0,0,0,1,1,0,1,0,0,0,0,0,1,0,0,1,0,0,1,0,1,0,0,0,450,4512,210,130,20,80,80,2.2,7,4,5,2,12.5,11.5,0.5,0.5,24,,9,,7.8,19.8,160,100
230,6,A3-015-2964,3069,A3,A,Ciclo Completo,Semitecnificado ,sano,1gestacion,UNO,38.36,NEG,pos,1,2,0,NEG,pos,1,1,1,0,0,0,0,1,1,0,0,0,0,1,1,0,0,0,1,1,0,1,0,0,0,0,0,1,0,0,1,0,0,1,0,1,0,0,0,450,4512,210,130,20,80,80,2.2,7,4,5,2,12.5,11.5,0.5,0.5,24,,9,,7.8,19.8,160,100
231,6,A3-015-2964,3069,A3,A,Ciclo Completo,Semitecnificado ,sano,2lactancia,UNO,37.55,NEG,pos,1,2,0,NEG,pos,1,1,1,0,0,0,0,1,1,0,0,0,0,1,1,0,0,0,1,1,0,1,0,0,0,0,0,1,0,0,1,0,0,1,0,1,0,0,0,450,4512,210,130,20,80,80,2.2,7,4,5,2,12.5,11.5,0.5,0.5,24,,9,,7.8,19.8,160,100
232,6,A3-015-2964,3069,A3,A,Ciclo Completo,Semitecnificado ,sano,2lactancia,UNO,35.54,NEG,pos,1,2,38.68,NEG,pos,1,1,1,0,0,0,0,1,1,0,0,0,0,1,1,0,0,0,1,1,0,1,0,0,0,0,0,1,0,0,1,0,0,1,0,1,0,0,0,450,4512,210,130,20,80,80,2.2,7,4,5,2,12.5,11.5,0.5,0.5,24,,9,,7.8,19.8,160,100
233,6,A3-015-2964,3069,A3,A,Ciclo Completo,Semitecnificado ,sano,4crecimiento,TRES,35.1,NEG,pos,1,2,37.59,NEG,pos,1,1,1,0,0,0,0,1,1,0,0,0,0,1,1,0,0,0,1,1,0,1,0,0,0,0,0,1,0,0,1,0,0,1,0,1,0,0,0,450,4512,210,130,20,80,80,2.2,7,4,5,2,12.5,11.5,0.5,0.5,24,,9,,7.8,19.8,160,100
234,6,A3-015-2964,3069,A3,A,Ciclo Completo,Semitecnificado ,sano,5desarrollo,TRES,38.39,NEG,pos,1,2,33.6,POS,pos,1,1,1,0,0,0,0,1,1,0,0,0,0,1,1,0,0,0,1,1,0,1,0,0,0,0,0,1,0,0,1,0,0,1,0,1,0,0,0,450,4512,210,130,20,80,80,2.2,7,4,5,2,12.5,11.5,0.5,0.5,24,,9,,7.8,19.8,160,100
235,6,A3-015-2964,3069,A3,A,Ciclo Completo,Semitecnificado ,sano,5desarrollo,TRES,39.06,NEG,pos,1,2,34.4,POS,pos,1,1,1,0,0,0,0,1,1,0,0,0,0,1,1,0,0,0,1,1,0,1,0,0,0,0,0,1,0,0,1,0,0,1,0,1,0,0,0,450,4512,210,130,20,80,80,2.2,7,4,5,2,12.5,11.5,0.5,0.5,24,,9,,7.8,19.8,160,100
236,6,A3-015-2964,3069,A3,A,Ciclo Completo,Semitecnificado ,sano,6finalizacion,TRES,39.09,NEG,pos,1,2,34.91,POS,pos,1,1,1,0,0,0,0,1,1,0,0,0,0,1,1,0,0,0,1,1,0,1,0,0,0,0,0,1,0,0,1,0,0,1,0,1,0,0,0,450,4512,210,130,20,80,80,2.2,7,4,5,2,12.5,11.5,0.5,0.5,24,,9,,7.8,19.8,160,100
237,6,A3-015-2964,3069,A3,A,Ciclo Completo,Semitecnificado ,sano,6finalizacion,TRES,0,NEG,pos,1,1,34.87,POS,pos,1,1,1,0,0,0,0,1,1,0,0,0,0,1,1,0,0,0,1,1,0,1,0,0,0,0,0,1,0,0,1,0,0,1,0,1,0,0,0,450,4512,210,130,20,80,80,2.2,7,4,5,2,12.5,11.5,0.5,0.5,24,,9,,7.8,19.8,160,100
238,16,A4-029-0495,2036,A4,A,Ciclo Completo,Tecnificado,sano,1gestacion,UNO,33.46,POS,pos,1,3,34.09,POS,pos,1,0,1,0,0,0,0,1,0,1,0,1,0,0,1,0,0,0,0,0,0,1,0,0,0,0,1,0,0,1,,1,0,0,0,0,0,0,0,854,12243,235,157.5,55,100,87,2.45,12,2.4,2.8,2,17.7,14.9,2.3,0.5,26.4,1.3,12.1,6.9,18.8,29.2,182,120
239,16,A4-029-0495,2036,A4,A,Ciclo Completo,Tecnificado,sano,1gestacion,UNO,34.35,POS,pos,1,3,34.98,POS,pos,1,0,1,0,0,0,0,1,0,1,0,1,0,0,1,0,0,0,0,0,0,1,0,0,0,0,1,0,0,1,,1,0,0,0,0,0,0,0,854,12243,235,157.5,55,100,87,2.45,12,2.4,2.8,2,17.7,14.9,2.3,0.5,26.4,1.3,12.1,6.9,18.8,29.2,182,120
240,16,A4-029-0495,2036,A4,A,Ciclo Completo,Tecnificado,sano,2lactancia,UNO,0,NEG,pos,1,1,33.22,POS,pos,1,0,1,0,0,0,0,1,0,1,0,1,0,0,1,0,0,0,0,0,0,1,0,0,0,0,1,0,0,1,,1,0,0,0,0,0,0,0,854,12243,235,157.5,55,100,87,2.45,12,2.4,2.8,2,17.7,14.9,2.3,0.5,26.4,1.3,12.1,6.9,18.8,29.2,182,120
241,16,A4-029-0495,2036,A4,A,Ciclo Completo,Tecnificado,sano,2lactancia,UNO,32,POS,pos,1,3,35.11,NEG,pos,1,0,1,0,0,0,0,1,0,1,0,1,0,0,1,0,0,0,0,0,0,1,0,0,0,0,1,0,0,1,,1,0,0,0,0,0,0,0,854,12243,235,157.5,55,100,87,2.45,12,2.4,2.8,2,17.7,14.9,2.3,0.5,26.4,1.3,12.1,6.9,18.8,29.2,182,120
242,16,A4-029-0495,2036,A4,A,Ciclo Completo,Tecnificado,sano,3destete,DOS,31.1,POS,pos,1,3,34.69,POS,pos,1,0,1,0,0,0,0,1,0,1,0,1,0,0,1,0,0,0,0,0,0,1,0,0,0,0,1,0,0,1,,1,0,0,0,0,0,0,0,854,12243,235,157.5,55,100,87,2.45,12,2.4,2.8,2,17.7,14.9,2.3,0.5,26.4,1.3,12.1,6.9,18.8,29.2,182,120
243,16,A4-029-0495,2036,A4,A,Ciclo Completo,Tecnificado,sano,3destete,DOS,29.8,POS,pos,1,3,35.46,NEG,pos,1,0,1,0,0,0,0,1,0,1,0,1,0,0,1,0,0,0,0,0,0,1,0,0,0,0,1,0,0,1,,1,0,0,0,0,0,0,0,854,12243,235,157.5,55,100,87,2.45,12,2.4,2.8,2,17.7,14.9,2.3,0.5,26.4,1.3,12.1,6.9,18.8,29.2,182,120
244,16,A4-029-0495,2036,A4,A,Ciclo Completo,Tecnificado,sano,4crecimiento,TRES,39.1,NEG,pos,1,2,35.19,NEG,pos,1,0,1,0,0,0,0,1,0,1,0,1,0,0,1,0,0,0,0,0,0,1,0,0,0,0,1,0,0,1,,1,0,0,0,0,0,0,0,854,12243,235,157.5,55,100,87,2.45,12,2.4,2.8,2,17.7,14.9,2.3,0.5,26.4,1.3,12.1,6.9,18.8,29.2,182,120
245,16,A4-029-0495,2036,A4,A,Ciclo Completo,Tecnificado,sano,4crecimiento,TRES,34.11,POS,pos,1,3,34.05,POS,pos,1,0,1,0,0,0,0,1,0,1,0,1,0,0,1,0,0,0,0,0,0,1,0,0,0,0,1,0,0,1,,1,0,0,0,0,0,0,0,854,12243,235,157.5,55,100,87,2.45,12,2.4,2.8,2,17.7,14.9,2.3,0.5,26.4,1.3,12.1,6.9,18.8,29.2,182,120
246,54,B2-093-1948,3061,B2,B2,Sitio 3,Tecnificado,sano,3destete,DOS,27.26,POS,pos,1,3,32.2,POS,pos,1,0,0,0,0,0,0,0,0,0,0,0,0,0,0,0,1,1,1,1,1,0,1,0,1,0,0,1,0,1,1,0,0,0,0,0,1,0,0,,13271,,,,,,,,,,,,,,,,,,,,,177,
247,54,B2-093-1948,3061,B2,B2,Sitio 3,Tecnificado,sano,3destete,DOS,28.97,POS,pos,1,3,33.88,POS,pos,1,0,0,0,0,0,0,0,0,0,0,0,0,0,0,0,1,1,1,1,1,0,1,0,1,0,0,1,0,1,1,0,0,0,0,0,1,0,0,,13271,,,,,,,,,,,,,,,,,,,,,177,
248,54,B2-093-1948,3061,B2,B2,Sitio 3,Tecnificado,sano,4crecimiento,TRES,0,NEG,pos,1,1,32.96,POS,pos,1,0,0,0,0,0,0,0,0,0,0,0,0,0,0,0,1,1,1,1,1,0,1,0,1,0,0,1,0,1,1,0,0,0,0,0,1,0,0,,13271,,,,,,,,,,,,,,,,,,,,,177,
249,54,B2-093-1948,3061,B2,B2,Sitio 3,Tecnificado,sano,4crecimiento,TRES,23.2,POS,pos,1,3,32.77,POS,pos,1,0,0,0,0,0,0,0,0,0,0,0,0,0,0,0,1,1,1,1,1,0,1,0,1,0,0,1,0,1,1,0,0,0,0,0,1,0,0,,13271,,,,,,,,,,,,,,,,,,,,,177,
250,54,B2-093-1948,3061,B2,B2,Sitio 3,Tecnificado,sano,5desarrollo,TRES,38.59,NEG,pos,1,2,34.57,POS,pos,1,0,0,0,0,0,0,0,0,0,0,0,0,0,0,0,1,1,1,1,1,0,1,0,1,0,0,1,0,1,1,0,0,0,0,0,1,0,0,,13271,,,,,,,,,,,,,,,,,,,,,177,
251,54,B2-093-1948,3061,B2,B2,Sitio 3,Tecnificado,sano,5desarrollo,TRES,33.21,POS,pos,1,3,32.7,POS,pos,1,0,0,0,0,0,0,0,0,0,0,0,0,0,0,0,1,1,1,1,1,0,1,0,1,0,0,1,0,1,1,0,0,0,0,0,1,0,0,,13271,,,,,,,,,,,,,,,,,,,,,177,
252,54,B2-093-1948,3061,B2,B2,Sitio 3,Tecnificado,sano,6finalizacion,TRES,0,NEG,pos,1,1,32.46,POS,pos,1,0,0,0,0,0,0,0,0,0,0,0,0,0,0,0,1,1,1,1,1,0,1,0,1,0,0,1,0,1,1,0,0,0,0,0,1,0,0,,13271,,,,,,,,,,,,,,,,,,,,,177,
253,54,B2-093-1948,3061,B2,B2,Sitio 3,Tecnificado,sano,6finalizacion,TRES,0,NEG,pos,1,1,31.92,POS,pos,1,0,0,0,0,0,0,0,0,0,0,0,0,0,0,0,1,1,1,1,1,0,1,0,1,0,0,1,0,1,1,0,0,0,0,0,1,0,0,,13271,,,,,,,,,,,,,,,,,,,,,177,
254,24,A4-045-0653,2146,A4,A,Ciclo Completo,Tecnificado,sano,1gestacion,UNO,34.27,POS,pos,1,3,32.41,POS,pos,1,0,1,0,0,0,0,0,0,0,0,1,0,0,1,0,0,1,1,0,0,1,0,0,0,0,1,1,0,1,1,1,0,0,0,0,0,0,0,962,9739,250,160,50.5,100,85.2,2.8,44.3,1.9,8,2,13.7,12.5,1.02,0.17,18.8,1.3,9,5.2,28.8,21.5,168,121
255,24,A4-045-0653,2146,A4,A,Ciclo Completo,Tecnificado,sano,1gestacion,UNO,0,NEG,pos,1,1,32.94,POS,pos,1,0,1,0,0,0,0,0,0,0,0,1,0,0,1,0,0,1,1,0,0,1,0,0,0,0,1,1,0,1,1,1,0,0,0,0,0,0,0,962,9739,250,160,50.5,100,85.2,2.8,44.3,1.9,8,2,13.7,12.5,1.02,0.17,18.8,1.3,9,5.2,28.8,21.5,168,121
256,24,A4-045-0653,2146,A4,A,Ciclo Completo,Tecnificado,sano,3destete,DOS,31.9,POS,pos,1,3,30.43,POS,pos,1,0,1,0,0,0,0,0,0,0,0,1,0,0,1,0,0,1,1,0,0,1,0,0,0,0,1,1,0,1,1,1,0,0,0,0,0,0,0,962,9739,250,160,50.5,100,85.2,2.8,44.3,1.9,8,2,13.7,12.5,1.02,0.17,18.8,1.3,9,5.2,28.8,21.5,168,121
257,24,A4-045-0653,2146,A4,A,Ciclo Completo,Tecnificado,sano,3destete,DOS,32.04,POS,pos,1,3,32.66,POS,pos,1,0,1,0,0,0,0,0,0,0,0,1,0,0,1,0,0,1,1,0,0,1,0,0,0,0,1,1,0,1,1,1,0,0,0,0,0,0,0,962,9739,250,160,50.5,100,85.2,2.8,44.3,1.9,8,2,13.7,12.5,1.02,0.17,18.8,1.3,9,5.2,28.8,21.5,168,121
258,24,A4-045-0653,2146,A4,A,Ciclo Completo,Tecnificado,sano,4crecimiento,TRES,39.62,NEG,pos,1,2,33.38,POS,pos,1,0,1,0,0,0,0,0,0,0,0,1,0,0,1,0,0,1,1,0,0,1,0,0,0,0,1,1,0,1,1,1,0,0,0,0,0,0,0,962,9739,250,160,50.5,100,85.2,2.8,44.3,1.9,8,2,13.7,12.5,1.02,0.17,18.8,1.3,9,5.2,28.8,21.5,168,121
259,24,A4-045-0653,2146,A4,A,Ciclo Completo,Tecnificado,sano,4crecimiento,TRES,0,NEG,pos,1,1,35.84,NEG,pos,1,0,1,0,0,0,0,0,0,0,0,1,0,0,1,0,0,1,1,0,0,1,0,0,0,0,1,1,0,1,1,1,0,0,0,0,0,0,0,962,9739,250,160,50.5,100,85.2,2.8,44.3,1.9,8,2,13.7,12.5,1.02,0.17,18.8,1.3,9,5.2,28.8,21.5,168,121
260,24,A4-045-0653,2146,A4,A,Ciclo Completo,Tecnificado,sano,5desarrollo,TRES,34.16,POS,pos,1,3,35.88,NEG,pos,1,0,1,0,0,0,0,0,0,0,0,1,0,0,1,0,0,1,1,0,0,1,0,0,0,0,1,1,0,1,1,1,0,0,0,0,0,0,0,962,9739,250,160,50.5,100,85.2,2.8,44.3,1.9,8,2,13.7,12.5,1.02,0.17,18.8,1.3,9,5.2,28.8,21.5,168,121
261,24,A4-045-0653,2146,A4,A,Ciclo Completo,Tecnificado,sano,5desarrollo,TRES,38.42,NEG,pos,1,2,37.03,NEG,pos,1,0,1,0,0,0,0,0,0,0,0,1,0,0,1,0,0,1,1,0,0,1,0,0,0,0,1,1,0,1,1,1,0,0,0,0,0,0,0,962,9739,250,160,50.5,100,85.2,2.8,44.3,1.9,8,2,13.7,12.5,1.02,0.17,18.8,1.3,9,5.2,28.8,21.5,168,121
262,24,A4-045-0653,2146,A4,A,Ciclo Completo,Tecnificado,sano,6finalizacion,TRES,33.06,POS,pos,1,3,35.79,NEG,pos,1,0,1,0,0,0,0,0,0,0,0,1,0,0,1,0,0,1,1,0,0,1,0,0,0,0,1,1,0,1,1,1,0,0,0,0,0,0,0,962,9739,250,160,50.5,100,85.2,2.8,44.3,1.9,8,2,13.7,12.5,1.02,0.17,18.8,1.3,9,5.2,28.8,21.5,168,121
263,24,A4-045-0653,2146,A4,A,Ciclo Completo,Tecnificado,sano,6finalizacion,TRES,34.49,POS,pos,1,3,36.22,NEG,pos,1,0,1,0,0,0,0,0,0,0,0,1,0,0,1,0,0,1,1,0,0,1,0,0,0,0,1,1,0,1,1,1,0,0,0,0,0,0,0,962,9739,250,160,50.5,100,85.2,2.8,44.3,1.9,8,2,13.7,12.5,1.02,0.17,18.8,1.3,9,5.2,28.8,21.5,168,121
264,25,A4-045-0654,2145,A4,A,Ciclo Completo,Tecnificado,sano,1gestacion,UNO,37.77,NEG,pos,1,2,35.2,NEG,pos,1,1,0,0,0,0,0,1,0,1,0,1,0,1,,0,0,0,1,0,0,1,0,0,0,0,1,0,0,1,1,0,0,0,0,0,0,0,0,491,6504,243,160,70,100,78.1,2.25,17,6.5,7,2,16.6,14.1,1.8,0.6,25.8,1.3,11.7,7.3,17.02,26.3,186,121
265,25,A4-045-0654,2145,A4,A,Ciclo Completo,Tecnificado,sano,1gestacion,UNO,34.31,POS,pos,1,3,34.71,POS,pos,1,1,0,0,0,0,0,1,0,1,0,1,0,1,,0,0,0,1,0,0,1,0,0,0,0,1,0,0,1,1,0,0,0,0,0,0,0,0,491,6504,243,160,70,100,78.1,2.25,17,6.5,7,2,16.6,14.1,1.8,0.6,25.8,1.3,11.7,7.3,17.02,26.3,186,121
266,25,A4-045-0654,2145,A4,A,Ciclo Completo,Tecnificado,sano,2lactancia,UNO,38.42,NEG,pos,1,2,34.76,POS,pos,1,1,0,0,0,0,0,1,0,1,0,1,0,1,,0,0,0,1,0,0,1,0,0,0,0,1,0,0,1,1,0,0,0,0,0,0,0,0,491,6504,243,160,70,100,78.1,2.25,17,6.5,7,2,16.6,14.1,1.8,0.6,25.8,1.3,11.7,7.3,17.02,26.3,186,121
267,25,A4-045-0654,2145,A4,A,Ciclo Completo,Tecnificado,sano,2lactancia,UNO,33.97,POS,pos,1,3,32.92,POS,pos,1,1,0,0,0,0,0,1,0,1,0,1,0,1,,0,0,0,1,0,0,1,0,0,0,0,1,0,0,1,1,0,0,0,0,0,0,0,0,491,6504,243,160,70,100,78.1,2.25,17,6.5,7,2,16.6,14.1,1.8,0.6,25.8,1.3,11.7,7.3,17.02,26.3,186,121
268,25,A4-045-0654,2145,A4,A,Ciclo Completo,Tecnificado,sano,4crecimiento,TRES,31.24,POS,pos,1,3,35.57,NEG,pos,1,1,0,0,0,0,0,1,0,1,0,1,0,1,,0,0,0,1,0,0,1,0,0,0,0,1,0,0,1,1,0,0,0,0,0,0,0,0,491,6504,243,160,70,100,78.1,2.25,17,6.5,7,2,16.6,14.1,1.8,0.6,25.8,1.3,11.7,7.3,17.02,26.3,186,121
269,25,A4-045-0654,2145,A4,A,Ciclo Completo,Tecnificado,sano,4crecimiento,TRES,33.55,POS,pos,1,3,0,NEG,pos,1,1,0,0,0,0,0,1,0,1,0,1,0,1,,0,0,0,1,0,0,1,0,0,0,0,1,0,0,1,1,0,0,0,0,0,0,0,0,491,6504,243,160,70,100,78.1,2.25,17,6.5,7,2,16.6,14.1,1.8,0.6,25.8,1.3,11.7,7.3,17.02,26.3,186,121
270,25,A4-045-0654,2145,A4,A,Ciclo Completo,Tecnificado,sano,5desarrollo,TRES,33.34,POS,pos,1,3,35.95,NEG,pos,1,1,0,0,0,0,0,1,0,1,0,1,0,1,,0,0,0,1,0,0,1,0,0,0,0,1,0,0,1,1,0,0,0,0,0,0,0,0,491,6504,243,160,70,100,78.1,2.25,17,6.5,7,2,16.6,14.1,1.8,0.6,25.8,1.3,11.7,7.3,17.02,26.3,186,121
271,25,A4-045-0654,2145,A4,A,Ciclo Completo,Tecnificado,sano,5desarrollo,TRES,0,NEG,pos,1,1,37.5,NEG,pos,1,1,0,0,0,0,0,1,0,1,0,1,0,1,,0,0,0,1,0,0,1,0,0,0,0,1,0,0,1,1,0,0,0,0,0,0,0,0,491,6504,243,160,70,100,78.1,2.25,17,6.5,7,2,16.6,14.1,1.8,0.6,25.8,1.3,11.7,7.3,17.02,26.3,186,121
272,25,A4-045-0654,2145,A4,A,Ciclo Completo,Tecnificado,sano,6finalizacion,TRES,34.34,POS,pos,1,3,38,NEG,pos,1,1,0,0,0,0,0,1,0,1,0,1,0,1,,0,0,0,1,0,0,1,0,0,0,0,1,0,0,1,1,0,0,0,0,0,0,0,0,491,6504,243,160,70,100,78.1,2.25,17,6.5,7,2,16.6,14.1,1.8,0.6,25.8,1.3,11.7,7.3,17.02,26.3,186,121
273,25,A4-045-0654,2145,A4,A,Ciclo Completo,Tecnificado,sano,6finalizacion,TRES,33.59,POS,pos,1,3,0,NEG,pos,1,1,0,0,0,0,0,1,0,1,0,1,0,1,,0,0,0,1,0,0,1,0,0,0,0,1,0,0,1,1,0,0,0,0,0,0,0,0,491,6504,243,160,70,100,78.1,2.25,17,6.5,7,2,16.6,14.1,1.8,0.6,25.8,1.3,11.7,7.3,17.02,26.3,186,121
274,50,B2-016-1638,2517,B2,B2,Ciclo Completo,Semitecnificado ,sano,1gestacion,UNO,38.23,NEG,pos_clin,1,2,36.77,NEG,neg,0,1,1,0,0,0,0,1,0,1,0,1,0,1,1,0,0,1,1,0,0,0,0,0,1,1,1,0,0,1,1,1,0,1,0,0,1,0,1,190,646,180.6,107.5,8.2,95,97,2.35,7.8,2,7,6,10,8,2,2,28,1.7,7.5,8.5,19,17.61,168,110
275,50,B2-016-1638,2517,B2,B2,Ciclo Completo,Semitecnificado ,sano,3destete,DOS,23.47,POS,pos_clin,1,3,35.46,NEG,neg,0,1,1,0,0,0,0,1,0,1,0,1,0,1,1,0,0,1,1,0,0,0,0,0,1,1,1,0,0,1,1,1,0,1,0,0,1,0,1,190,646,180.6,107.5,8.2,95,97,2.35,7.8,2,7,6,10,8,2,2,28,1.7,7.5,8.5,19,17.61,168,110
276,50,B2-016-1638,2517,B2,B2,Ciclo Completo,Semitecnificado ,sano,3destete,DOS,23.2,POS,pos_clin,1,3,36.71,NEG,neg,0,1,1,0,0,0,0,1,0,1,0,1,0,1,1,0,0,1,1,0,0,0,0,0,1,1,1,0,0,1,1,1,0,1,0,0,1,0,1,190,646,180.6,107.5,8.2,95,97,2.35,7.8,2,7,6,10,8,2,2,28,1.7,7.5,8.5,19,17.61,168,110
277,50,B2-016-1638,2517,B2,B2,Ciclo Completo,Semitecnificado ,sano,4crecimiento,TRES,38.6,NEG,pos_clin,1,2,36.61,NEG,neg,0,1,1,0,0,0,0,1,0,1,0,1,0,1,1,0,0,1,1,0,0,0,0,0,1,1,1,0,0,1,1,1,0,1,0,0,1,0,1,190,646,180.6,107.5,8.2,95,97,2.35,7.8,2,7,6,10,8,2,2,28,1.7,7.5,8.5,19,17.61,168,110
278,50,B2-016-1638,2517,B2,B2,Ciclo Completo,Semitecnificado ,sano,4crecimiento,TRES,0,NEG,pos_clin,1,1,38.24,NEG,neg,0,1,1,0,0,0,0,1,0,1,0,1,0,1,1,0,0,1,1,0,0,0,0,0,1,1,1,0,0,1,1,1,0,1,0,0,1,0,1,190,646,180.6,107.5,8.2,95,97,2.35,7.8,2,7,6,10,8,2,2,28,1.7,7.5,8.5,19,17.61,168,110
279,50,B2-016-1638,2517,B2,B2,Ciclo Completo,Semitecnificado ,sano,5desarrollo,TRES,0,NEG,pos_clin,1,1,37.79,NEG,neg,0,1,1,0,0,0,0,1,0,1,0,1,0,1,1,0,0,1,1,0,0,0,0,0,1,1,1,0,0,1,1,1,0,1,0,0,1,0,1,190,646,180.6,107.5,8.2,95,97,2.35,7.8,2,7,6,10,8,2,2,28,1.7,7.5,8.5,19,17.61,168,110
280,50,B2-016-1638,2517,B2,B2,Ciclo Completo,Semitecnificado ,sano,5desarrollo,TRES,39.29,NEG,pos_clin,1,2,0,NEG,neg,0,1,1,0,0,0,0,1,0,1,0,1,0,1,1,0,0,1,1,0,0,0,0,0,1,1,1,0,0,1,1,1,0,1,0,0,1,0,1,190,646,180.6,107.5,8.2,95,97,2.35,7.8,2,7,6,10,8,2,2,28,1.7,7.5,8.5,19,17.61,168,110
281,50,B2-016-1638,2517,B2,B2,Ciclo Completo,Semitecnificado ,sano,6finalizacion,TRES,33.89,POS,pos_clin,1,3,0,NEG,neg,0,1,1,0,0,0,0,1,0,1,0,1,0,1,1,0,0,1,1,0,0,0,0,0,1,1,1,0,0,1,1,1,0,1,0,0,1,0,1,190,646,180.6,107.5,8.2,95,97,2.35,7.8,2,7,6,10,8,2,2,28,1.7,7.5,8.5,19,17.61,168,110
282,50,B2-016-1638,2517,B2,B2,Ciclo Completo,Semitecnificado ,sano,6finalizacion,TRES,0,NEG,pos_clin,1,1,0,NEG,neg,0,1,1,0,0,0,0,1,0,1,0,1,0,1,1,0,0,1,1,0,0,0,0,0,1,1,1,0,0,1,1,1,0,1,0,0,1,0,1,190,646,180.6,107.5,8.2,95,97,2.35,7.8,2,7,6,10,8,2,2,28,1.7,7.5,8.5,19,17.61,168,110
283,5,A3-015-0212,3068,A3,A,Ciclo Completo,Semitecnificado ,sano,1gestacion,UNO,0,NEG,pos,1,1,0,NEG,pos,1,1,1,0,0,0,0,1,0,0,0,0,0,1,1,0,0,0,1,0,0,0,0,0,0,0,1,1,0,0,1,0,0,0,0,0,0,0,0,290,2420,220,135,40,50,85,2.4,5,1,7.5,3,14.2,12.7,1,0.5,28,1.35,8.8,7.88,14.89,21.12,148,95
284,5,A3-015-0212,3068,A3,A,Ciclo Completo,Semitecnificado ,sano,1gestacion,UNO,38.81,NEG,pos,1,2,0,NEG,pos,1,1,1,0,0,0,0,1,0,0,0,0,0,1,1,0,0,0,1,0,0,0,0,0,0,0,1,1,0,0,1,0,0,0,0,0,0,0,0,290,2420,220,135,40,50,85,2.4,5,1,7.5,3,14.2,12.7,1,0.5,28,1.35,8.8,7.88,14.89,21.12,148,95
285,5,A3-015-0212,3068,A3,A,Ciclo Completo,Semitecnificado ,sano,2lactancia,UNO,0,NEG,pos,1,1,0,NEG,pos,1,1,1,0,0,0,0,1,0,0,0,0,0,1,1,0,0,0,1,0,0,0,0,0,0,0,1,1,0,0,1,0,0,0,0,0,0,0,0,290,2420,220,135,40,50,85,2.4,5,1,7.5,3,14.2,12.7,1,0.5,28,1.35,8.8,7.88,14.89,21.12,148,95
286,5,A3-015-0212,3068,A3,A,Ciclo Completo,Semitecnificado ,sano,3destete,DOS,28.52,POS,pos,1,3,0,NEG,pos,1,1,1,0,0,0,0,1,0,0,0,0,0,1,1,0,0,0,1,0,0,0,0,0,0,0,1,1,0,0,1,0,0,0,0,0,0,0,0,290,2420,220,135,40,50,85,2.4,5,1,7.5,3,14.2,12.7,1,0.5,28,1.35,8.8,7.88,14.89,21.12,148,95
287,5,A3-015-0212,3068,A3,A,Ciclo Completo,Semitecnificado ,sano,4crecimiento,TRES,34.29,POS,pos,1,3,0,NEG,pos,1,1,1,0,0,0,0,1,0,0,0,0,0,1,1,0,0,0,1,0,0,0,0,0,0,0,1,1,0,0,1,0,0,0,0,0,0,0,0,290,2420,220,135,40,50,85,2.4,5,1,7.5,3,14.2,12.7,1,0.5,28,1.35,8.8,7.88,14.89,21.12,148,95
288,5,A3-015-0212,3068,A3,A,Ciclo Completo,Semitecnificado ,sano,4crecimiento,TRES,29.05,POS,pos,1,3,0,NEG,pos,1,1,1,0,0,0,0,1,0,0,0,0,0,1,1,0,0,0,1,0,0,0,0,0,0,0,1,1,0,0,1,0,0,0,0,0,0,0,0,290,2420,220,135,40,50,85,2.4,5,1,7.5,3,14.2,12.7,1,0.5,28,1.35,8.8,7.88,14.89,21.12,148,95
289,5,A3-015-0212,3068,A3,A,Ciclo Completo,Semitecnificado ,sano,5desarrollo,TRES,0,NEG,pos,1,1,35.19,NEG,pos,1,1,1,0,0,0,0,1,0,0,0,0,0,1,1,0,0,0,1,0,0,0,0,0,0,0,1,1,0,0,1,0,0,0,0,0,0,0,0,290,2420,220,135,40,50,85,2.4,5,1,7.5,3,14.2,12.7,1,0.5,28,1.35,8.8,7.88,14.89,21.12,148,95
290,5,A3-015-0212,3068,A3,A,Ciclo Completo,Semitecnificado ,sano,5desarrollo,TRES,38.87,NEG,pos,1,2,32.6,POS,pos,1,1,1,0,0,0,0,1,0,0,0,0,0,1,1,0,0,0,1,0,0,0,0,0,0,0,1,1,0,0,1,0,0,0,0,0,0,0,0,290,2420,220,135,40,50,85,2.4,5,1,7.5,3,14.2,12.7,1,0.5,28,1.35,8.8,7.88,14.89,21.12,148,95
291,5,A3-015-0212,3068,A3,A,Ciclo Completo,Semitecnificado ,sano,6finalizacion,TRES,0,NEG,pos,1,1,36.02,NEG,pos,1,1,1,0,0,0,0,1,0,0,0,0,0,1,1,0,0,0,1,0,0,0,0,0,0,0,1,1,0,0,1,0,0,0,0,0,0,0,0,290,2420,220,135,40,50,85,2.4,5,1,7.5,3,14.2,12.7,1,0.5,28,1.35,8.8,7.88,14.89,21.12,148,95
292,5,A3-015-0212,3068,A3,A,Ciclo Completo,Semitecnificado ,sano,6finalizacion,TRES,0,NEG,pos,1,1,35.97,NEG,pos,1,1,1,0,0,0,0,1,0,0,0,0,0,1,1,0,0,0,1,0,0,0,0,0,0,0,1,1,0,0,1,0,0,0,0,0,0,0,0,290,2420,220,135,40,50,85,2.4,5,1,7.5,3,14.2,12.7,1,0.5,28,1.35,8.8,7.88,14.89,21.12,148,95
293,59,B2-105-2025,2599,B2,B2,Ciclo Completo,Tecnificado,sano,1gestacion,UNO,0,NEG,pos,1,1,36.93,NEG,pos,1,1,1,0,0,0,0,0,0,0,0,1,0,0,0,0,0,1,0,0,0,1,0,0,0,1,0,1,0,1,1,0,0,1,1,0,1,0,0,890,7546,242,130,57,100,,2.3,38,8.5,7,4,12.7,11.2,1.19,0.3,29,1.57,8,6.5,36.5,15.2,182,110
294,59,B2-105-2025,2599,B2,B2,Ciclo Completo,Tecnificado,sano,1gestacion,UNO,0,NEG,pos,1,1,36.81,NEG,pos,1,1,1,0,0,0,0,0,0,0,0,1,0,0,0,0,0,1,0,0,0,1,0,0,0,1,0,1,0,1,1,0,0,1,1,0,1,0,0,890,7546,242,130,57,100,,2.3,38,8.5,7,4,12.7,11.2,1.19,0.3,29,1.57,8,6.5,36.5,15.2,182,110
295,59,B2-105-2025,2599,B2,B2,Ciclo Completo,Tecnificado,sano,2lactancia,UNO,0,NEG,pos,1,1,0,NEG,pos,1,1,1,0,0,0,0,0,0,0,0,1,0,0,0,0,0,1,0,0,0,1,0,0,0,1,0,1,0,1,1,0,0,1,1,0,1,0,0,890,7546,242,130,57,100,,2.3,38,8.5,7,4,12.7,11.2,1.19,0.3,29,1.57,8,6.5,36.5,15.2,182,110
296,59,B2-105-2025,2599,B2,B2,Ciclo Completo,Tecnificado,sano,2lactancia,UNO,0,NEG,pos,1,1,0,NEG,pos,1,1,1,0,0,0,0,0,0,0,0,1,0,0,0,0,0,1,0,0,0,1,0,0,0,1,0,1,0,1,1,0,0,1,1,0,1,0,0,890,7546,242,130,57,100,,2.3,38,8.5,7,4,12.7,11.2,1.19,0.3,29,1.57,8,6.5,36.5,15.2,182,110
297,59,B2-105-2025,2599,B2,B2,Ciclo Completo,Tecnificado,sano,4crecimiento,TRES,32.67,POS,pos,1,3,33.56,POS,pos,1,1,1,0,0,0,0,0,0,0,0,1,0,0,0,0,0,1,0,0,0,1,0,0,0,1,0,1,0,1,1,0,0,1,1,0,1,0,0,890,7546,242,130,57,100,,2.3,38,8.5,7,4,12.7,11.2,1.19,0.3,29,1.57,8,6.5,36.5,15.2,182,110
298,59,B2-105-2025,2599,B2,B2,Ciclo Completo,Tecnificado,sano,4crecimiento,TRES,37.99,NEG,pos,1,2,26.37,POS,pos,1,1,1,0,0,0,0,0,0,0,0,1,0,0,0,0,0,1,0,0,0,1,0,0,0,1,0,1,0,1,1,0,0,1,1,0,1,0,0,890,7546,242,130,57,100,,2.3,38,8.5,7,4,12.7,11.2,1.19,0.3,29,1.57,8,6.5,36.5,15.2,182,110
299,59,B2-105-2025,2599,B2,B2,Ciclo Completo,Tecnificado,sano,5desarrollo,TRES,37.96,NEG,pos,1,2,34.49,POS,pos,1,1,1,0,0,0,0,0,0,0,0,1,0,0,0,0,0,1,0,0,0,1,0,0,0,1,0,1,0,1,1,0,0,1,1,0,1,0,0,890,7546,242,130,57,100,,2.3,38,8.5,7,4,12.7,11.2,1.19,0.3,29,1.57,8,6.5,36.5,15.2,182,110
300,59,B2-105-2025,2599,B2,B2,Ciclo Completo,Tecnificado,sano,5desarrollo,TRES,34.39,POS,pos,1,3,36.65,NEG,pos,1,1,1,0,0,0,0,0,0,0,0,1,0,0,0,0,0,1,0,0,0,1,0,0,0,1,0,1,0,1,1,0,0,1,1,0,1,0,0,890,7546,242,130,57,100,,2.3,38,8.5,7,4,12.7,11.2,1.19,0.3,29,1.57,8,6.5,36.5,15.2,182,110
301,59,B2-105-2025,2599,B2,B2,Ciclo Completo,Tecnificado,sano,6finalizacion,TRES,34.33,POS,pos,1,3,32.34,POS,pos,1,1,1,0,0,0,0,0,0,0,0,1,0,0,0,0,0,1,0,0,0,1,0,0,0,1,0,1,0,1,1,0,0,1,1,0,1,0,0,890,7546,242,130,57,100,,2.3,38,8.5,7,4,12.7,11.2,1.19,0.3,29,1.57,8,6.5,36.5,15.2,182,110
302,59,B2-105-2025,2599,B2,B2,Ciclo Completo,Tecnificado,sano,6finalizacion,TRES,37.63,NEG,pos,1,2,31.21,POS,pos,1,1,1,0,0,0,0,0,0,0,0,1,0,0,0,0,0,1,0,0,0,1,0,0,0,1,0,1,0,1,1,0,0,1,1,0,1,0,0,890,7546,242,130,57,100,,2.3,38,8.5,7,4,12.7,11.2,1.19,0.3,29,1.57,8,6.5,36.5,15.2,182,110
303,26,A4-045-0656,3040,A4,A,Ciclo Completo,Tecnificado,sano,1gestacion,UNO,39.08,NEG,pos,1,2,0,NEG,pos,1,0,1,0,0,0,0,0,0,0,0,1,0,0,0,0,0,1,1,1,0,1,0,0,0,1,1,1,0,1,1,0,0,0,0,0,0,0,0,640,7536,240,140,39,100,84,2.4,9,0.62,7,3,12.8,12.2,0.9,0.3,27.4,1.5,9.9,7.69,13,24.28,168,112
304,26,A4-045-0656,3040,A4,A,Ciclo Completo,Tecnificado,sano,1gestacion,UNO,0,NEG,pos,1,1,38.62,NEG,pos,1,0,1,0,0,0,0,0,0,0,0,1,0,0,0,0,0,1,1,1,0,1,0,0,0,1,1,1,0,1,1,0,0,0,0,0,0,0,0,640,7536,240,140,39,100,84,2.4,9,0.62,7,3,12.8,12.2,0.9,0.3,27.4,1.5,9.9,7.69,13,24.28,168,112
305,26,A4-045-0656,3040,A4,A,Ciclo Completo,Tecnificado,sano,2lactancia,UNO,37.8,NEG,pos,1,2,37.52,NEG,pos,1,0,1,0,0,0,0,0,0,0,0,1,0,0,0,0,0,1,1,1,0,1,0,0,0,1,1,1,0,1,1,0,0,0,0,0,0,0,0,640,7536,240,140,39,100,84,2.4,9,0.62,7,3,12.8,12.2,0.9,0.3,27.4,1.5,9.9,7.69,13,24.28,168,112
306,26,A4-045-0656,3040,A4,A,Ciclo Completo,Tecnificado,sano,2lactancia,UNO,39.7,NEG,pos,1,2,38.17,NEG,pos,1,0,1,0,0,0,0,0,0,0,0,1,0,0,0,0,0,1,1,1,0,1,0,0,0,1,1,1,0,1,1,0,0,0,0,0,0,0,0,640,7536,240,140,39,100,84,2.4,9,0.62,7,3,12.8,12.2,0.9,0.3,27.4,1.5,9.9,7.69,13,24.28,168,112
307,26,A4-045-0656,3040,A4,A,Ciclo Completo,Tecnificado,sano,4crecimiento,TRES,38.68,NEG,pos,1,2,27.41,POS,pos,1,0,1,0,0,0,0,0,0,0,0,1,0,0,0,0,0,1,1,1,0,1,0,0,0,1,1,1,0,1,1,0,0,0,0,0,0,0,0,640,7536,240,140,39,100,84,2.4,9,0.62,7,3,12.8,12.2,0.9,0.3,27.4,1.5,9.9,7.69,13,24.28,168,112
308,26,A4-045-0656,3040,A4,A,Ciclo Completo,Tecnificado,sano,4crecimiento,TRES,0,NEG,pos,1,1,30,POS,pos,1,0,1,0,0,0,0,0,0,0,0,1,0,0,0,0,0,1,1,1,0,1,0,0,0,1,1,1,0,1,1,0,0,0,0,0,0,0,0,640,7536,240,140,39,100,84,2.4,9,0.62,7,3,12.8,12.2,0.9,0.3,27.4,1.5,9.9,7.69,13,24.28,168,112
309,26,A4-045-0656,3040,A4,A,Ciclo Completo,Tecnificado,sano,5desarrollo,TRES,39.68,NEG,pos,1,2,26.83,POS,pos,1,0,1,0,0,0,0,0,0,0,0,1,0,0,0,0,0,1,1,1,0,1,0,0,0,1,1,1,0,1,1,0,0,0,0,0,0,0,0,640,7536,240,140,39,100,84,2.4,9,0.62,7,3,12.8,12.2,0.9,0.3,27.4,1.5,9.9,7.69,13,24.28,168,112
310,26,A4-045-0656,3040,A4,A,Ciclo Completo,Tecnificado,sano,5desarrollo,TRES,38.38,NEG,pos,1,2,27.56,POS,pos,1,0,1,0,0,0,0,0,0,0,0,1,0,0,0,0,0,1,1,1,0,1,0,0,0,1,1,1,0,1,1,0,0,0,0,0,0,0,0,640,7536,240,140,39,100,84,2.4,9,0.62,7,3,12.8,12.2,0.9,0.3,27.4,1.5,9.9,7.69,13,24.28,168,112
311,26,A4-045-0656,3040,A4,A,Ciclo Completo,Tecnificado,sano,6finalizacion,TRES,37.85,NEG,pos,1,2,30.45,POS,pos,1,0,1,0,0,0,0,0,0,0,0,1,0,0,0,0,0,1,1,1,0,1,0,0,0,1,1,1,0,1,1,0,0,0,0,0,0,0,0,640,7536,240,140,39,100,84,2.4,9,0.62,7,3,12.8,12.2,0.9,0.3,27.4,1.5,9.9,7.69,13,24.28,168,112
312,26,A4-045-0656,3040,A4,A,Ciclo Completo,Tecnificado,sano,6finalizacion,TRES,0,NEG,pos,1,1,32.08,POS,pos,1,0,1,0,0,0,0,0,0,0,0,1,0,0,0,0,0,1,1,1,0,1,0,0,0,1,1,1,0,1,1,0,0,0,0,0,0,0,0,640,7536,240,140,39,100,84,2.4,9,0.62,7,3,12.8,12.2,0.9,0.3,27.4,1.5,9.9,7.69,13,24.28,168,112
313,71,B3-066-2460,2139,B3,B3,Ciclo Completo,Semitecnificado ,sano,1gestacion,UNO,34.96,POS,pos_clin,1,3,36.2,NEG,neg,0,1,0,0,0,1,1,1,1,1,0,1,0,1,1,0,0,1,1,1,0,1,0,0,0,0,1,1,1,1,,0,0,0,0,0,1,0,1,126,945,180.6,170,22,100,,,13,,7,8,,,,,28.7,1.3,,7.4,35,,,125
314,71,B3-066-2460,2139,B3,B3,Ciclo Completo,Semitecnificado ,sano,2lactancia,UNO,31.93,POS,pos_clin,1,3,35.07,NEG,neg,0,1,0,0,0,1,1,1,1,1,0,1,0,1,1,0,0,1,1,1,0,1,0,0,0,0,1,1,1,1,,0,0,0,0,0,1,0,1,126,945,180.6,170,22,100,,,13,,7,8,,,,,28.7,1.3,,7.4,35,,,125
315,71,B3-066-2460,2139,B3,B3,Ciclo Completo,Semitecnificado ,sano,3destete,DOS,31.56,POS,pos_clin,1,3,39.74,NEG,neg,0,1,0,0,0,1,1,1,1,1,0,1,0,1,1,0,0,1,1,1,0,1,0,0,0,0,1,1,1,1,,0,0,0,0,0,1,0,1,126,945,180.6,170,22,100,,,13,,7,8,,,,,28.7,1.3,,7.4,35,,,125
316,71,B3-066-2460,2139,B3,B3,Ciclo Completo,Semitecnificado ,sano,4crecimiento,TRES,34.27,POS,pos_clin,1,3,37.16,NEG,neg,0,1,0,0,0,1,1,1,1,1,0,1,0,1,1,0,0,1,1,1,0,1,0,0,0,0,1,1,1,1,,0,0,0,0,0,1,0,1,126,945,180.6,170,22,100,,,13,,7,8,,,,,28.7,1.3,,7.4,35,,,125
317,71,B3-066-2460,2139,B3,B3,Ciclo Completo,Semitecnificado ,sano,5desarrollo,TRES,34.72,POS,pos_clin,1,3,36.55,NEG,neg,0,1,0,0,0,1,1,1,1,1,0,1,0,1,1,0,0,1,1,1,0,1,0,0,0,0,1,1,1,1,,0,0,0,0,0,1,0,1,126,945,180.6,170,22,100,,,13,,7,8,,,,,28.7,1.3,,7.4,35,,,125
318,71,B3-066-2460,2139,B3,B3,Ciclo Completo,Semitecnificado ,sano,5desarrollo,TRES,0,NEG,pos_clin,1,1,37.02,NEG,neg,0,1,0,0,0,1,1,1,1,1,0,1,0,1,1,0,0,1,1,1,0,1,0,0,0,0,1,1,1,1,,0,0,0,0,0,1,0,1,126,945,180.6,170,22,100,,,13,,7,8,,,,,28.7,1.3,,7.4,35,,,125
319,71,B3-066-2460,2139,B3,B3,Ciclo Completo,Semitecnificado ,sano,6finalizacion,TRES,33.29,POS,pos_clin,1,3,0,NEG,neg,0,1,0,0,0,1,1,1,1,1,0,1,0,1,1,0,0,1,1,1,0,1,0,0,0,0,1,1,1,1,,0,0,0,0,0,1,0,1,126,945,180.6,170,22,100,,,13,,7,8,,,,,28.7,1.3,,7.4,35,,,125
320,9,A3-054-0249,2342,A3,A,Ciclo Completo,Semitecnificado ,sano,3destete,DOS,33.59,POS,pos_clin,1,3,35.58,NEG,pos_clin,1,1,1,0,0,0,0,0,1,0,0,0,0,1,1,0,0,1,1,1,0,1,1,0,0,0,1,0,0,1,0,0,0,0,0,0,0,1,0,279,758,217,160,22,100,74.89,2.24,9.22,1.22,7,2,13.64,11.16,1.82,0.65,18.79,1.24,8.38,5.95,2.76,18.82,183.17,117.08
321,9,A3-054-0249,2342,A3,A,Ciclo Completo,Semitecnificado ,sano,3destete,DOS,0,NEG,pos_clin,1,1,36.14,NEG,pos_clin,1,1,1,0,0,0,0,0,1,0,0,0,0,1,1,0,0,1,1,1,0,1,1,0,0,0,1,0,0,1,0,0,0,0,0,0,0,1,0,279,758,217,160,22,100,74.89,2.24,9.22,1.22,7,2,13.64,11.16,1.82,0.65,18.79,1.24,8.38,5.95,2.76,18.82,183.17,117.08
322,9,A3-054-0249,2342,A3,A,Ciclo Completo,Semitecnificado ,sano,4crecimiento,TRES,39.93,NEG,pos_clin,1,2,35.41,NEG,pos_clin,1,1,1,0,0,0,0,0,1,0,0,0,0,1,1,0,0,1,1,1,0,1,1,0,0,0,1,0,0,1,0,0,0,0,0,0,0,1,0,279,758,217,160,22,100,74.89,2.24,9.22,1.22,7,2,13.64,11.16,1.82,0.65,18.79,1.24,8.38,5.95,2.76,18.82,183.17,117.08
323,9,A3-054-0249,2342,A3,A,Ciclo Completo,Semitecnificado ,sano,4crecimiento,TRES,0,NEG,pos_clin,1,1,34.82,POS,pos_clin,1,1,1,0,0,0,0,0,1,0,0,0,0,1,1,0,0,1,1,1,0,1,1,0,0,0,1,0,0,1,0,0,0,0,0,0,0,1,0,279,758,217,160,22,100,74.89,2.24,9.22,1.22,7,2,13.64,11.16,1.82,0.65,18.79,1.24,8.38,5.95,2.76,18.82,183.17,117.08
324,9,A3-054-0249,2342,A3,A,Ciclo Completo,Semitecnificado ,sano,5desarrollo,TRES,0,NEG,pos_clin,1,1,40,NEG,pos_clin,1,1,1,0,0,0,0,0,1,0,0,0,0,1,1,0,0,1,1,1,0,1,1,0,0,0,1,0,0,1,0,0,0,0,0,0,0,1,0,279,758,217,160,22,100,74.89,2.24,9.22,1.22,7,2,13.64,11.16,1.82,0.65,18.79,1.24,8.38,5.95,2.76,18.82,183.17,117.08
325,9,A3-054-0249,2342,A3,A,Ciclo Completo,Semitecnificado ,sano,5desarrollo,TRES,0,NEG,pos_clin,1,1,37.48,NEG,pos_clin,1,1,1,0,0,0,0,0,1,0,0,0,0,1,1,0,0,1,1,1,0,1,1,0,0,0,1,0,0,1,0,0,0,0,0,0,0,1,0,279,758,217,160,22,100,74.89,2.24,9.22,1.22,7,2,13.64,11.16,1.82,0.65,18.79,1.24,8.38,5.95,2.76,18.82,183.17,117.08
326,9,A3-054-0249,2342,A3,A,Ciclo Completo,Semitecnificado ,sano,6finalizacion,TRES,33.36,POS,pos_clin,1,3,0,NEG,pos_clin,1,1,1,0,0,0,0,0,1,0,0,0,0,1,1,0,0,1,1,1,0,1,1,0,0,0,1,0,0,1,0,0,0,0,0,0,0,1,0,279,758,217,160,22,100,74.89,2.24,9.22,1.22,7,2,13.64,11.16,1.82,0.65,18.79,1.24,8.38,5.95,2.76,18.82,183.17,117.08
327,39,B1-046-1198,2141,B1,B1,Ciclo Completo,Semitecnificado ,sano,1gestacion,UNO,0,NEG,pos_clin,1,1,37.6,NEG,pos_clin,1,1,1,0,0,0,0,1,1,1,0,0,0,1,0,0,0,1,1,1,0,1,0,0,0,0,1,1,0,0,1,0,0,0,0,0,1,0,1,58,287,210.7,135,40,0,78.55,2.4,6.75,3,7,2,12.19,8.53,3.66,1.5,27.25,1.3,8,6.85,31.06,19.2,154,110
328,39,B1-046-1198,2141,B1,B1,Ciclo Completo,Semitecnificado ,sano,2lactancia,UNO,33.44,POS,pos_clin,1,3,27.88,POS,pos_clin,1,1,1,0,0,0,0,1,1,1,0,0,0,1,0,0,0,1,1,1,0,1,0,0,0,0,1,1,0,0,1,0,0,0,0,0,1,0,1,58,287,210.7,135,40,0,78.55,2.4,6.75,3,7,2,12.19,8.53,3.66,1.5,27.25,1.3,8,6.85,31.06,19.2,154,110
329,39,B1-046-1198,2141,B1,B1,Ciclo Completo,Semitecnificado ,sano,3destete,DOS,34.28,POS,pos_clin,1,3,25.61,POS,pos_clin,1,1,1,0,0,0,0,1,1,1,0,0,0,1,0,0,0,1,1,1,0,1,0,0,0,0,1,1,0,0,1,0,0,0,0,0,1,0,1,58,287,210.7,135,40,0,78.55,2.4,6.75,3,7,2,12.19,8.53,3.66,1.5,27.25,1.3,8,6.85,31.06,19.2,154,110
330,39,B1-046-1198,2141,B1,B1,Ciclo Completo,Semitecnificado ,sano,4crecimiento,TRES,0,NEG,pos_clin,1,1,35.35,NEG,pos_clin,1,1,1,0,0,0,0,1,1,1,0,0,0,1,0,0,0,1,1,1,0,1,0,0,0,0,1,1,0,0,1,0,0,0,0,0,1,0,1,58,287,210.7,135,40,0,78.55,2.4,6.75,3,7,2,12.19,8.53,3.66,1.5,27.25,1.3,8,6.85,31.06,19.2,154,110
331,39,B1-046-1198,2141,B1,B1,Ciclo Completo,Semitecnificado ,sano,5desarrollo,TRES,0,NEG,pos_clin,1,1,34.93,POS,pos_clin,1,1,1,0,0,0,0,1,1,1,0,0,0,1,0,0,0,1,1,1,0,1,0,0,0,0,1,1,0,0,1,0,0,0,0,0,1,0,1,58,287,210.7,135,40,0,78.55,2.4,6.75,3,7,2,12.19,8.53,3.66,1.5,27.25,1.3,8,6.85,31.06,19.2,154,110
332,39,B1-046-1198,2141,B1,B1,Ciclo Completo,Semitecnificado ,sano,6finalizacion,TRES,39.46,NEG,pos_clin,1,2,36.03,NEG,pos_clin,1,1,1,0,0,0,0,1,1,1,0,0,0,1,0,0,0,1,1,1,0,1,0,0,0,0,1,1,0,0,1,0,0,0,0,0,1,0,1,58,287,210.7,135,40,0,78.55,2.4,6.75,3,7,2,12.19,8.53,3.66,1.5,27.25,1.3,8,6.85,31.06,19.2,154,110
333,12,A3-113-0280,2091,A3,A,Ciclo Completo,Tecnificado,sano,1gestacion,UNO,0,NEG,pos_clin,1,1,0,NEG,pos_clin,1,1,1,0,0,0,0,1,0,0,0,0,0,0,0,0,0,1,1,1,0,1,1,0,0,0,1,1,0,0,0,0,0,0,0,0,0,0,0,874,16989,,,,,,,,,,,,,,,,,,,,,,
334,12,A3-113-0280,2091,A3,A,Ciclo Completo,Tecnificado,sano,2lactancia,UNO,0,NEG,pos_clin,1,1,24.3,POS,pos_clin,1,1,1,0,0,0,0,1,0,0,0,0,0,0,0,0,0,1,1,1,0,1,1,0,0,0,1,1,0,0,0,0,0,0,0,0,0,0,0,874,16989,,,,,,,,,,,,,,,,,,,,,,
335,12,A3-113-0280,2091,A3,A,Ciclo Completo,Tecnificado,sano,3destete,DOS,27.16,POS,pos_clin,1,3,39.65,NEG,pos_clin,1,1,1,0,0,0,0,1,0,0,0,0,0,0,0,0,0,1,1,1,0,1,1,0,0,0,1,1,0,0,0,0,0,0,0,0,0,0,0,874,16989,,,,,,,,,,,,,,,,,,,,,,
336,12,A3-113-0280,2091,A3,A,Ciclo Completo,Tecnificado,sano,3destete,DOS,30.28,POS,pos_clin,1,3,0,NEG,pos_clin,1,1,1,0,0,0,0,1,0,0,0,0,0,0,0,0,0,1,1,1,0,1,1,0,0,0,1,1,0,0,0,0,0,0,0,0,0,0,0,874,16989,,,,,,,,,,,,,,,,,,,,,,
337,12,A3-113-0280,2091,A3,A,Ciclo Completo,Tecnificado,sano,4crecimiento,TRES,38.6,NEG,pos_clin,1,2,24.52,POS,pos_clin,1,1,1,0,0,0,0,1,0,0,0,0,0,0,0,0,0,1,1,1,0,1,1,0,0,0,1,1,0,0,0,0,0,0,0,0,0,0,0,874,16989,,,,,,,,,,,,,,,,,,,,,,
338,12,A3-113-0280,2091,A3,A,Ciclo Completo,Tecnificado,sano,5desarrollo,TRES,0,NEG,pos_clin,1,1,35.6,NEG,pos_clin,1,1,1,0,0,0,0,1,0,0,0,0,0,0,0,0,0,1,1,1,0,1,1,0,0,0,1,1,0,0,0,0,0,0,0,0,0,0,0,874,16989,,,,,,,,,,,,,,,,,,,,,,
339,12,A3-113-0280,2091,A3,A,Ciclo Completo,Tecnificado,sano,6finalizacion,TRES,38.97,NEG,pos_clin,1,2,35.43,NEG,pos_clin,1,1,1,0,0,0,0,1,0,0,0,0,0,0,0,0,0,1,1,1,0,1,1,0,0,0,1,1,0,0,0,0,0,0,0,0,0,0,0,874,16989,,,,,,,,,,,,,,,,,,,,,,
340,57,B2-093-3252,3085,B2,B2,Ciclo Completo,Tecnificado,sano,1gestacion,UNO,0,NEG,pos,1,1,34.84,POS,pos,1,0,1,0,0,0,0,0,0,0,,0,0,0,0,,0,1,0,1,0,1,0,0,0,0,1,1,0,1,0,,0,0,0,0,0,0,0,1068,10173,205,140,40,100,89,2.48,10.3,1,6,1,13.4,12,1,0.4,21,1.5,10.1,5.5,14,22.2,167,
341,57,B2-093-3252,3085,B2,B2,Ciclo Completo,Tecnificado,sano,1gestacion,UNO,37.79,NEG,pos,1,2,33.08,POS,pos,1,0,1,0,0,0,0,0,0,0,,0,0,0,0,,0,1,0,1,0,1,0,0,0,0,1,1,0,1,0,,0,0,0,0,0,0,0,1068,10173,205,140,40,100,89,2.48,10.3,1,6,1,13.4,12,1,0.4,21,1.5,10.1,5.5,14,22.2,167,
342,57,B2-093-3252,3085,B2,B2,Ciclo Completo,Tecnificado,sano,2lactancia,UNO,24.75,POS,pos,1,3,19.2,POS,pos,1,0,1,0,0,0,0,0,0,0,,0,0,0,0,,0,1,0,1,0,1,0,0,0,0,1,1,0,1,0,,0,0,0,0,0,0,0,1068,10173,205,140,40,100,89,2.48,10.3,1,6,1,13.4,12,1,0.4,21,1.5,10.1,5.5,14,22.2,167,
343,57,B2-093-3252,3085,B2,B2,Ciclo Completo,Tecnificado,sano,2lactancia,UNO,23.6,POS,pos,1,3,27.99,POS,pos,1,0,1,0,0,0,0,0,0,0,,0,0,0,0,,0,1,0,1,0,1,0,0,0,0,1,1,0,1,0,,0,0,0,0,0,0,0,1068,10173,205,140,40,100,89,2.48,10.3,1,6,1,13.4,12,1,0.4,21,1.5,10.1,5.5,14,22.2,167,
344,57,B2-093-3252,3085,B2,B2,Ciclo Completo,Tecnificado,sano,3destete,DOS,29.19,POS,pos,1,3,26.9,POS,pos,1,0,1,0,0,0,0,0,0,0,,0,0,0,0,,0,1,0,1,0,1,0,0,0,0,1,1,0,1,0,,0,0,0,0,0,0,0,1068,10173,205,140,40,100,89,2.48,10.3,1,6,1,13.4,12,1,0.4,21,1.5,10.1,5.5,14,22.2,167,
345,57,B2-093-3252,3085,B2,B2,Ciclo Completo,Tecnificado,sano,4crecimiento,TRES,22.92,POS,pos,1,3,26.03,POS,pos,1,0,1,0,0,0,0,0,0,0,,0,0,0,0,,0,1,0,1,0,1,0,0,0,0,1,1,0,1,0,,0,0,0,0,0,0,0,1068,10173,205,140,40,100,89,2.48,10.3,1,6,1,13.4,12,1,0.4,21,1.5,10.1,5.5,14,22.2,167,
346,57,B2-093-3252,3085,B2,B2,Ciclo Completo,Tecnificado,sano,5desarrollo,TRES,31.05,POS,pos,1,3,34.17,POS,pos,1,0,1,0,0,0,0,0,0,0,,0,0,0,0,,0,1,0,1,0,1,0,0,0,0,1,1,0,1,0,,0,0,0,0,0,0,0,1068,10173,205,140,40,100,89,2.48,10.3,1,6,1,13.4,12,1,0.4,21,1.5,10.1,5.5,14,22.2,167,
347,57,B2-093-3252,3085,B2,B2,Ciclo Completo,Tecnificado,sano,5desarrollo,TRES,34.78,POS,pos,1,3,32.49,POS,pos,1,0,1,0,0,0,0,0,0,0,,0,0,0,0,,0,1,0,1,0,1,0,0,0,0,1,1,0,1,0,,0,0,0,0,0,0,0,1068,10173,205,140,40,100,89,2.48,10.3,1,6,1,13.4,12,1,0.4,21,1.5,10.1,5.5,14,22.2,167,
348,57,B2-093-3252,3085,B2,B2,Ciclo Completo,Tecnificado,sano,6finalizacion,TRES,39.32,NEG,pos,1,2,34.07,POS,pos,1,0,1,0,0,0,0,0,0,0,,0,0,0,0,,0,1,0,1,0,1,0,0,0,0,1,1,0,1,0,,0,0,0,0,0,0,0,1068,10173,205,140,40,100,89,2.48,10.3,1,6,1,13.4,12,1,0.4,21,1.5,10.1,5.5,14,22.2,167,
349,48,B2-016-1592,2516,B2,B2,Ciclo Completo,Tecnificado,sano,1gestacion,UNO,0,NEG,pos,1,1,36.13,NEG,pos,1,0,1,0,0,0,0,1,0,0,0,0,0,0,,0,0,1,0,0,0,0,0,0,0,0,1,0,0,1,0,0,0,0,0,0,0,0,1,1526,14017,230,120,36,100,76.6,2.36,7,1.3,8,2,11.8,10.6,0.9,0.3,21.4,1.4,8.8,6.3,17,20.8,210,105
350,48,B2-016-1592,2516,B2,B2,Ciclo Completo,Tecnificado,sano,1gestacion,UNO,0,NEG,pos,1,1,35.69,NEG,pos,1,0,1,0,0,0,0,1,0,0,0,0,0,0,,0,0,1,0,0,0,0,0,0,0,0,1,0,0,1,0,0,0,0,0,0,0,0,1,1526,14017,230,120,36,100,76.6,2.36,7,1.3,8,2,11.8,10.6,0.9,0.3,21.4,1.4,8.8,6.3,17,20.8,210,105
351,48,B2-016-1592,2516,B2,B2,Ciclo Completo,Tecnificado,sano,2lactancia,UNO,33.35,POS,pos,1,3,35.35,NEG,pos,1,0,1,0,0,0,0,1,0,0,0,0,0,0,,0,0,1,0,0,0,0,0,0,0,0,1,0,0,1,0,0,0,0,0,0,0,0,1,1526,14017,230,120,36,100,76.6,2.36,7,1.3,8,2,11.8,10.6,0.9,0.3,21.4,1.4,8.8,6.3,17,20.8,210,105
352,48,B2-016-1592,2516,B2,B2,Ciclo Completo,Tecnificado,sano,3destete,DOS,28.82,POS,pos,1,3,33.41,POS,pos,1,0,1,0,0,0,0,1,0,0,0,0,0,0,,0,0,1,0,0,0,0,0,0,0,0,1,0,0,1,0,0,0,0,0,0,0,0,1,1526,14017,230,120,36,100,76.6,2.36,7,1.3,8,2,11.8,10.6,0.9,0.3,21.4,1.4,8.8,6.3,17,20.8,210,105
353,48,B2-016-1592,2516,B2,B2,Ciclo Completo,Tecnificado,sano,4crecimiento,TRES,29.24,POS,pos,1,3,35.06,NEG,pos,1,0,1,0,0,0,0,1,0,0,0,0,0,0,,0,0,1,0,0,0,0,0,0,0,0,1,0,0,1,0,0,0,0,0,0,0,0,1,1526,14017,230,120,36,100,76.6,2.36,7,1.3,8,2,11.8,10.6,0.9,0.3,21.4,1.4,8.8,6.3,17,20.8,210,105
354,48,B2-016-1592,2516,B2,B2,Ciclo Completo,Tecnificado,sano,5desarrollo,TRES,0,NEG,pos,1,1,35.22,NEG,pos,1,0,1,0,0,0,0,1,0,0,0,0,0,0,,0,0,1,0,0,0,0,0,0,0,0,1,0,0,1,0,0,0,0,0,0,0,0,1,1526,14017,230,120,36,100,76.6,2.36,7,1.3,8,2,11.8,10.6,0.9,0.3,21.4,1.4,8.8,6.3,17,20.8,210,105
355,48,B2-016-1592,2516,B2,B2,Ciclo Completo,Tecnificado,sano,6finalizacion,TRES,34.29,POS,pos,1,3,34.8,POS,pos,1,0,1,0,0,0,0,1,0,0,0,0,0,0,,0,0,1,0,0,0,0,0,0,0,0,1,0,0,1,0,0,0,0,0,0,0,0,1,1526,14017,230,120,36,100,76.6,2.36,7,1.3,8,2,11.8,10.6,0.9,0.3,21.4,1.4,8.8,6.3,17,20.8,210,105
356,10,A3-110-0325,3074,A3,A,Ciclo Completo,Semitecnificado ,sano,3destete,DOS,38.83,NEG,pos,1,2,35.04,NEG,pos,1,0,1,0,,0,0,0,0,0,0,0,0,1,0,0,0,1,,0,1,1,1,0,0,0,1,1,0,0,0,0,0,0,0,0,0,0,1,80,750,301,120,15,10,,2.5,5,0,8,8,14,12,2,0,28,2,11,10,0,28,140,115
357,10,A3-110-0325,3074,A3,A,Ciclo Completo,Semitecnificado ,sano,3destete,DOS,37.99,NEG,pos,1,2,34.46,POS,pos,1,0,1,0,,0,0,0,0,0,0,0,0,1,0,0,0,1,,0,1,1,1,0,0,0,1,1,0,0,0,0,0,0,0,0,0,0,1,80,750,301,120,15,10,,2.5,5,0,8,8,14,12,2,0,28,2,11,10,0,28,140,115
358,10,A3-110-0325,3074,A3,A,Ciclo Completo,Semitecnificado ,sano,4crecimiento,TRES,34.78,POS,pos,1,3,33.56,POS,pos,1,0,1,0,,0,0,0,0,0,0,0,0,1,0,0,0,1,,0,1,1,1,0,0,0,1,1,0,0,0,0,0,0,0,0,0,0,1,80,750,301,120,15,10,,2.5,5,0,8,8,14,12,2,0,28,2,11,10,0,28,140,115
359,10,A3-110-0325,3074,A3,A,Ciclo Completo,Semitecnificado ,sano,4crecimiento,TRES,0,NEG,pos,1,1,33.83,POS,pos,1,0,1,0,,0,0,0,0,0,0,0,0,1,0,0,0,1,,0,1,1,1,0,0,0,1,1,0,0,0,0,0,0,0,0,0,0,1,80,750,301,120,15,10,,2.5,5,0,8,8,14,12,2,0,28,2,11,10,0,28,140,115
360,10,A3-110-0325,3074,A3,A,Ciclo Completo,Semitecnificado ,sano,5desarrollo,TRES,0,NEG,pos,1,1,33.01,POS,pos,1,0,1,0,,0,0,0,0,0,0,0,0,1,0,0,0,1,,0,1,1,1,0,0,0,1,1,0,0,0,0,0,0,0,0,0,0,1,80,750,301,120,15,10,,2.5,5,0,8,8,14,12,2,0,28,2,11,10,0,28,140,115
361,10,A3-110-0325,3074,A3,A,Ciclo Completo,Semitecnificado ,sano,5desarrollo,TRES,0,NEG,pos,1,1,34.41,POS,pos,1,0,1,0,,0,0,0,0,0,0,0,0,1,0,0,0,1,,0,1,1,1,0,0,0,1,1,0,0,0,0,0,0,0,0,0,0,1,80,750,301,120,15,10,,2.5,5,0,8,8,14,12,2,0,28,2,11,10,0,28,140,115
362,10,A3-110-0325,3074,A3,A,Ciclo Completo,Semitecnificado ,sano,6finalizacion,TRES,37.78,NEG,pos,1,2,35.31,NEG,pos,1,0,1,0,,0,0,0,0,0,0,0,0,1,0,0,0,1,,0,1,1,1,0,0,0,1,1,0,0,0,0,0,0,0,0,0,0,1,80,750,301,120,15,10,,2.5,5,0,8,8,14,12,2,0,28,2,11,10,0,28,140,115
363,10,A3-110-0325,3074,A3,A,Ciclo Completo,Semitecnificado ,sano,6finalizacion,TRES,33.16,POS,pos,1,3,36.25,NEG,pos,1,0,1,0,,0,0,0,0,0,0,0,0,1,0,0,0,1,,0,1,1,1,0,0,0,1,1,0,0,0,0,0,0,0,0,0,0,1,80,750,301,120,15,10,,2.5,5,0,8,8,14,12,2,0,28,2,11,10,0,28,140,115
364,40,B1-046-3242,3017,B1,B1,Ciclo Completo,Semitecnificado ,sano,1gestacion,UNO,0,NEG,pos,1,1,36.2,NEG,pos,1,1,1,0,0,0,0,1,0,0,0,0,0,1,0,0,0,1,1,1,0,0,0,0,1,0,1,1,0,1,1,1,0,1,0,0,0,0,1,40,265,210.7,130,5,0,80,2.5,5,0,10,3,13,12,1,0,26,1.3,10,6.5,2,25,180,103
365,40,B1-046-3242,3017,B1,B1,Ciclo Completo,Semitecnificado ,sano,1gestacion,UNO,0,NEG,pos,1,1,37.15,NEG,pos,1,1,1,0,0,0,0,1,0,0,0,0,0,1,0,0,0,1,1,1,0,0,0,0,1,0,1,1,0,1,1,1,0,1,0,0,0,0,1,40,265,210.7,130,5,0,80,2.5,5,0,10,3,13,12,1,0,26,1.3,10,6.5,2,25,180,103
366,40,B1-046-3242,3017,B1,B1,Ciclo Completo,Semitecnificado ,sano,2lactancia,UNO,31.8,POS,pos,1,3,35.09,NEG,pos,1,1,1,0,0,0,0,1,0,0,0,0,0,1,0,0,0,1,1,1,0,0,0,0,1,0,1,1,0,1,1,1,0,1,0,0,0,0,1,40,265,210.7,130,5,0,80,2.5,5,0,10,3,13,12,1,0,26,1.3,10,6.5,2,25,180,103
367,40,B1-046-3242,3017,B1,B1,Ciclo Completo,Semitecnificado ,sano,2lactancia,UNO,0,NEG,pos,1,1,25.16,POS,pos,1,1,1,0,0,0,0,1,0,0,0,0,0,1,0,0,0,1,1,1,0,0,0,0,1,0,1,1,0,1,1,1,0,1,0,0,0,0,1,40,265,210.7,130,5,0,80,2.5,5,0,10,3,13,12,1,0,26,1.3,10,6.5,2,25,180,103
368,40,B1-046-3242,3017,B1,B1,Ciclo Completo,Semitecnificado ,sano,3destete,DOS,0,NEG,pos,1,1,25.51,POS,pos,1,1,1,0,0,0,0,1,0,0,0,0,0,1,0,0,0,1,1,1,0,0,0,0,1,0,1,1,0,1,1,1,0,1,0,0,0,0,1,40,265,210.7,130,5,0,80,2.5,5,0,10,3,13,12,1,0,26,1.3,10,6.5,2,25,180,103
369,40,B1-046-3242,3017,B1,B1,Ciclo Completo,Semitecnificado ,sano,3destete,DOS,0,NEG,pos,1,1,26.08,POS,pos,1,1,1,0,0,0,0,1,0,0,0,0,0,1,0,0,0,1,1,1,0,0,0,0,1,0,1,1,0,1,1,1,0,1,0,0,0,0,1,40,265,210.7,130,5,0,80,2.5,5,0,10,3,13,12,1,0,26,1.3,10,6.5,2,25,180,103
370,40,B1-046-3242,3017,B1,B1,Ciclo Completo,Semitecnificado ,sano,4crecimiento,TRES,32.3,POS,pos,1,3,33.54,POS,pos,1,1,1,0,0,0,0,1,0,0,0,0,0,1,0,0,0,1,1,1,0,0,0,0,1,0,1,1,0,1,1,1,0,1,0,0,0,0,1,40,265,210.7,130,5,0,80,2.5,5,0,10,3,13,12,1,0,26,1.3,10,6.5,2,25,180,103
371,40,B1-046-3242,3017,B1,B1,Ciclo Completo,Semitecnificado ,sano,4crecimiento,TRES,38.58,NEG,pos,1,2,31.36,POS,pos,1,1,1,0,0,0,0,1,0,0,0,0,0,1,0,0,0,1,1,1,0,0,0,0,1,0,1,1,0,1,1,1,0,1,0,0,0,0,1,40,265,210.7,130,5,0,80,2.5,5,0,10,3,13,12,1,0,26,1.3,10,6.5,2,25,180,103
372,40,B1-046-3242,3017,B1,B1,Ciclo Completo,Semitecnificado ,sano,5desarrollo,TRES,0,NEG,pos,1,1,37.26,NEG,pos,1,1,1,0,0,0,0,1,0,0,0,0,0,1,0,0,0,1,1,1,0,0,0,0,1,0,1,1,0,1,1,1,0,1,0,0,0,0,1,40,265,210.7,130,5,0,80,2.5,5,0,10,3,13,12,1,0,26,1.3,10,6.5,2,25,180,103
373,40,B1-046-3242,3017,B1,B1,Ciclo Completo,Semitecnificado ,sano,5desarrollo,TRES,0,NEG,pos,1,1,36.25,NEG,pos,1,1,1,0,0,0,0,1,0,0,0,0,0,1,0,0,0,1,1,1,0,0,0,0,1,0,1,1,0,1,1,1,0,1,0,0,0,0,1,40,265,210.7,130,5,0,80,2.5,5,0,10,3,13,12,1,0,26,1.3,10,6.5,2,25,180,103
374,40,B1-046-3242,3017,B1,B1,Ciclo Completo,Semitecnificado ,sano,6finalizacion,TRES,0,NEG,pos,1,1,32.2,POS,pos,1,1,1,0,0,0,0,1,0,0,0,0,0,1,0,0,0,1,1,1,0,0,0,0,1,0,1,1,0,1,1,1,0,1,0,0,0,0,1,40,265,210.7,130,5,0,80,2.5,5,0,10,3,13,12,1,0,26,1.3,10,6.5,2,25,180,103
375,40,B1-046-3242,3017,B1,B1,Ciclo Completo,Semitecnificado ,sano,6finalizacion,TRES,0,NEG,pos,1,1,32.15,POS,pos,1,1,1,0,0,0,0,1,0,0,0,0,0,1,0,0,0,1,1,1,0,0,0,0,1,0,1,1,0,1,1,1,0,1,0,0,0,0,1,40,265,210.7,130,5,0,80,2.5,5,0,10,3,13,12,1,0,26,1.3,10,6.5,2,25,180,103
376,32,A5-023-1057,3070,A5,A,Ciclo Completo,Semitecnificado ,sano,1gestacion,UNO,38.15,NEG,pos,1,2,36.32,NEG,neg,0,1,1,0,0,0,0,1,0,0,0,0,0,0,0,0,0,0,1,1,0,0,1,0,0,0,1,1,0,0,0,0,0,0,0,0,0,0,0,450,4850,196,150,25,100,84,2.4,17.8,1,7.5,3,12.8,11.9,0.6,0.3,26.8,1.51,10.5,7.34,11.7,25.2,150,121
377,32,A5-023-1057,3070,A5,A,Ciclo Completo,Semitecnificado ,sano,1gestacion,UNO,33.71,POS,pos,1,3,40.29,NEG,neg,0,1,1,0,0,0,0,1,0,0,0,0,0,0,0,0,0,0,1,1,0,0,1,0,0,0,1,1,0,0,0,0,0,0,0,0,0,0,0,450,4850,196,150,25,100,84,2.4,17.8,1,7.5,3,12.8,11.9,0.6,0.3,26.8,1.51,10.5,7.34,11.7,25.2,150,121
378,32,A5-023-1057,3070,A5,A,Ciclo Completo,Semitecnificado ,sano,2lactancia,UNO,24.74,POS,pos,1,3,37.26,NEG,neg,0,1,1,0,0,0,0,1,0,0,0,0,0,0,0,0,0,0,1,1,0,0,1,0,0,0,1,1,0,0,0,0,0,0,0,0,0,0,0,450,4850,196,150,25,100,84,2.4,17.8,1,7.5,3,12.8,11.9,0.6,0.3,26.8,1.51,10.5,7.34,11.7,25.2,150,121
379,32,A5-023-1057,3070,A5,A,Ciclo Completo,Semitecnificado ,sano,2lactancia,UNO,24.21,POS,pos,1,3,38.49,NEG,neg,0,1,1,0,0,0,0,1,0,0,0,0,0,0,0,0,0,0,1,1,0,0,1,0,0,0,1,1,0,0,0,0,0,0,0,0,0,0,0,450,4850,196,150,25,100,84,2.4,17.8,1,7.5,3,12.8,11.9,0.6,0.3,26.8,1.51,10.5,7.34,11.7,25.2,150,121
380,32,A5-023-1057,3070,A5,A,Ciclo Completo,Semitecnificado ,sano,3destete,DOS,26.09,POS,pos,1,3,0,NEG,neg,0,1,1,0,0,0,0,1,0,0,0,0,0,0,0,0,0,0,1,1,0,0,1,0,0,0,1,1,0,0,0,0,0,0,0,0,0,0,0,450,4850,196,150,25,100,84,2.4,17.8,1,7.5,3,12.8,11.9,0.6,0.3,26.8,1.51,10.5,7.34,11.7,25.2,150,121
381,32,A5-023-1057,3070,A5,A,Ciclo Completo,Semitecnificado ,sano,3destete,DOS,18.41,POS,pos,1,3,38.7,NEG,neg,0,1,1,0,0,0,0,1,0,0,0,0,0,0,0,0,0,0,1,1,0,0,1,0,0,0,1,1,0,0,0,0,0,0,0,0,0,0,0,450,4850,196,150,25,100,84,2.4,17.8,1,7.5,3,12.8,11.9,0.6,0.3,26.8,1.51,10.5,7.34,11.7,25.2,150,121
382,32,A5-023-1057,3070,A5,A,Ciclo Completo,Semitecnificado ,sano,4crecimiento,TRES,25.76,POS,pos,1,3,0,NEG,neg,0,1,1,0,0,0,0,1,0,0,0,0,0,0,0,0,0,0,1,1,0,0,1,0,0,0,1,1,0,0,0,0,0,0,0,0,0,0,0,450,4850,196,150,25,100,84,2.4,17.8,1,7.5,3,12.8,11.9,0.6,0.3,26.8,1.51,10.5,7.34,11.7,25.2,150,121
383,32,A5-023-1057,3070,A5,A,Ciclo Completo,Semitecnificado ,sano,4crecimiento,TRES,33.42,POS,pos,1,3,38.65,NEG,neg,0,1,1,0,0,0,0,1,0,0,0,0,0,0,0,0,0,0,1,1,0,0,1,0,0,0,1,1,0,0,0,0,0,0,0,0,0,0,0,450,4850,196,150,25,100,84,2.4,17.8,1,7.5,3,12.8,11.9,0.6,0.3,26.8,1.51,10.5,7.34,11.7,25.2,150,121
384,32,A5-023-1057,3070,A5,A,Ciclo Completo,Semitecnificado ,sano,5desarrollo,TRES,0,NEG,pos,1,1,38.52,NEG,neg,0,1,1,0,0,0,0,1,0,0,0,0,0,0,0,0,0,0,1,1,0,0,1,0,0,0,1,1,0,0,0,0,0,0,0,0,0,0,0,450,4850,196,150,25,100,84,2.4,17.8,1,7.5,3,12.8,11.9,0.6,0.3,26.8,1.51,10.5,7.34,11.7,25.2,150,121
385,32,A5-023-1057,3070,A5,A,Ciclo Completo,Semitecnificado ,sano,5desarrollo,TRES,37.52,NEG,pos,1,2,39.6,NEG,neg,0,1,1,0,0,0,0,1,0,0,0,0,0,0,0,0,0,0,1,1,0,0,1,0,0,0,1,1,0,0,0,0,0,0,0,0,0,0,0,450,4850,196,150,25,100,84,2.4,17.8,1,7.5,3,12.8,11.9,0.6,0.3,26.8,1.51,10.5,7.34,11.7,25.2,150,121
386,32,A5-023-1057,3070,A5,A,Ciclo Completo,Semitecnificado ,sano,6finalizacion,TRES,0,NEG,pos,1,1,0,NEG,neg,0,1,1,0,0,0,0,1,0,0,0,0,0,0,0,0,0,0,1,1,0,0,1,0,0,0,1,1,0,0,0,0,0,0,0,0,0,0,0,450,4850,196,150,25,100,84,2.4,17.8,1,7.5,3,12.8,11.9,0.6,0.3,26.8,1.51,10.5,7.34,11.7,25.2,150,121
387,32,A5-023-1057,3070,A5,A,Ciclo Completo,Semitecnificado ,sano,6finalizacion,TRES,38.36,NEG,pos,1,2,37.06,NEG,neg,0,1,1,0,0,0,0,1,0,0,0,0,0,0,0,0,0,0,1,1,0,0,1,0,0,0,1,1,0,0,0,0,0,0,0,0,0,0,0,450,4850,196,150,25,100,84,2.4,17.8,1,7.5,3,12.8,11.9,0.6,0.3,26.8,1.51,10.5,7.34,11.7,25.2,150,121
388,18,A4-036-0554,2347,A4,A,Ciclo Completo,Semitecnificado ,sano,1gestacion,UNO,33.81,POS,pos_clin,1,3,0,NEG,pos_clin,1,0,1,0,0,0,0,0,,0,0,1,0,1,0,0,0,0,1,1,0,1,0,0,0,0,0,1,0,0,1,0,0,1,0,0,0,0,1,390,3967,210.27,145,17.39,100,75.98,1.91,48.54,3.29,6,,13.2,11.53,6.79,5.28,26.44,1.3,10,7.5,13.55,19.09,174.97,112.33
389,18,A4-036-0554,2347,A4,A,Ciclo Completo,Semitecnificado ,sano,1gestacion,UNO,0,NEG,pos_clin,1,1,35.83,NEG,pos_clin,1,0,1,0,0,0,0,0,,0,0,1,0,1,0,0,0,0,1,1,0,1,0,0,0,0,0,1,0,0,1,0,0,1,0,0,0,0,1,390,3967,210.27,145,17.39,100,75.98,1.91,48.54,3.29,6,,13.2,11.53,6.79,5.28,26.44,1.3,10,7.5,13.55,19.09,174.97,112.33
390,18,A4-036-0554,2347,A4,A,Ciclo Completo,Semitecnificado ,sano,2lactancia,UNO,33.73,POS,pos_clin,1,3,36.26,NEG,pos_clin,1,0,1,0,0,0,0,0,,0,0,1,0,1,0,0,0,0,1,1,0,1,0,0,0,0,0,1,0,0,1,0,0,1,0,0,0,0,1,390,3967,210.27,145,17.39,100,75.98,1.91,48.54,3.29,6,,13.2,11.53,6.79,5.28,26.44,1.3,10,7.5,13.55,19.09,174.97,112.33
391,18,A4-036-0554,2347,A4,A,Ciclo Completo,Semitecnificado ,sano,2lactancia,UNO,33.37,POS,pos_clin,1,3,34.48,POS,pos_clin,1,0,1,0,0,0,0,0,,0,0,1,0,1,0,0,0,0,1,1,0,1,0,0,0,0,0,1,0,0,1,0,0,1,0,0,0,0,1,390,3967,210.27,145,17.39,100,75.98,1.91,48.54,3.29,6,,13.2,11.53,6.79,5.28,26.44,1.3,10,7.5,13.55,19.09,174.97,112.33
392,18,A4-036-0554,2347,A4,A,Ciclo Completo,Semitecnificado ,sano,3destete,DOS,24.32,POS,pos_clin,1,3,32.17,POS,pos_clin,1,0,1,0,0,0,0,0,,0,0,1,0,1,0,0,0,0,1,1,0,1,0,0,0,0,0,1,0,0,1,0,0,1,0,0,0,0,1,390,3967,210.27,145,17.39,100,75.98,1.91,48.54,3.29,6,,13.2,11.53,6.79,5.28,26.44,1.3,10,7.5,13.55,19.09,174.97,112.33
393,18,A4-036-0554,2347,A4,A,Ciclo Completo,Semitecnificado ,sano,3destete,DOS,25.14,POS,pos_clin,1,3,32.96,POS,pos_clin,1,0,1,0,0,0,0,0,,0,0,1,0,1,0,0,0,0,1,1,0,1,0,0,0,0,0,1,0,0,1,0,0,1,0,0,0,0,1,390,3967,210.27,145,17.39,100,75.98,1.91,48.54,3.29,6,,13.2,11.53,6.79,5.28,26.44,1.3,10,7.5,13.55,19.09,174.97,112.33
394,18,A4-036-0554,2347,A4,A,Ciclo Completo,Semitecnificado ,sano,4crecimiento,TRES,0,NEG,pos_clin,1,1,32.54,POS,pos_clin,1,0,1,0,0,0,0,0,,0,0,1,0,1,0,0,0,0,1,1,0,1,0,0,0,0,0,1,0,0,1,0,0,1,0,0,0,0,1,390,3967,210.27,145,17.39,100,75.98,1.91,48.54,3.29,6,,13.2,11.53,6.79,5.28,26.44,1.3,10,7.5,13.55,19.09,174.97,112.33
395,18,A4-036-0554,2347,A4,A,Ciclo Completo,Semitecnificado ,sano,4crecimiento,TRES,33.83,POS,pos_clin,1,3,32.26,POS,pos_clin,1,0,1,0,0,0,0,0,,0,0,1,0,1,0,0,0,0,1,1,0,1,0,0,0,0,0,1,0,0,1,0,0,1,0,0,0,0,1,390,3967,210.27,145,17.39,100,75.98,1.91,48.54,3.29,6,,13.2,11.53,6.79,5.28,26.44,1.3,10,7.5,13.55,19.09,174.97,112.33
396,18,A4-036-0554,2347,A4,A,Ciclo Completo,Semitecnificado ,sano,5desarrollo,TRES,39.08,NEG,pos_clin,1,2,35.23,NEG,pos_clin,1,0,1,0,0,0,0,0,,0,0,1,0,1,0,0,0,0,1,1,0,1,0,0,0,0,0,1,0,0,1,0,0,1,0,0,0,0,1,390,3967,210.27,145,17.39,100,75.98,1.91,48.54,3.29,6,,13.2,11.53,6.79,5.28,26.44,1.3,10,7.5,13.55,19.09,174.97,112.33
397,18,A4-036-0554,2347,A4,A,Ciclo Completo,Semitecnificado ,sano,5desarrollo,TRES,0,NEG,pos_clin,1,1,31.3,POS,pos_clin,1,0,1,0,0,0,0,0,,0,0,1,0,1,0,0,0,0,1,1,0,1,0,0,0,0,0,1,0,0,1,0,0,1,0,0,0,0,1,390,3967,210.27,145,17.39,100,75.98,1.91,48.54,3.29,6,,13.2,11.53,6.79,5.28,26.44,1.3,10,7.5,13.55,19.09,174.97,112.33
398,18,A4-036-0554,2347,A4,A,Ciclo Completo,Semitecnificado ,sano,6finalizacion,TRES,0,NEG,pos_clin,1,1,34.89,POS,pos_clin,1,0,1,0,0,0,0,0,,0,0,1,0,1,0,0,0,0,1,1,0,1,0,0,0,0,0,1,0,0,1,0,0,1,0,0,0,0,1,390,3967,210.27,145,17.39,100,75.98,1.91,48.54,3.29,6,,13.2,11.53,6.79,5.28,26.44,1.3,10,7.5,13.55,19.09,174.97,112.33
399,18,A4-036-0554,2347,A4,A,Ciclo Completo,Semitecnificado ,sano,6finalizacion,TRES,0,NEG,pos_clin,1,1,35.03,NEG,pos_clin,1,0,1,0,0,0,0,0,,0,0,1,0,1,0,0,0,0,1,1,0,1,0,0,0,0,0,1,0,0,1,0,0,1,0,0,0,0,1,390,3967,210.27,145,17.39,100,75.98,1.91,48.54,3.29,6,,13.2,11.53,6.79,5.28,26.44,1.3,10,7.5,13.55,19.09,174.97,112.33
400,63,B3-018-2411,2138,B3,B3,Ciclo Completo,Semitecnificado ,sano,1gestacion,UNO,0,NEG,pos,1,1,35.19,NEG,pos,1,0,1,0,0,0,0,1,0,0,0,0,0,1,1,0,0,1,1,1,0,1,0,0,0,0,1,1,1,0,1,0,0,1,0,0,0,0,1,600,4605,231,140,6,8.9,52,,6.9,1,7,2,,,,0.5,25,1.58,,6,27,,189,110
401,63,B3-018-2411,2138,B3,B3,Ciclo Completo,Semitecnificado ,sano,1gestacion,UNO,38.56,NEG,pos,1,2,35.33,NEG,pos,1,0,1,0,0,0,0,1,0,0,0,0,0,1,1,0,0,1,1,1,0,1,0,0,0,0,1,1,1,0,1,0,0,1,0,0,0,0,1,600,4605,231,140,6,8.9,52,,6.9,1,7,2,,,,0.5,25,1.58,,6,27,,189,110
402,63,B3-018-2411,2138,B3,B3,Ciclo Completo,Semitecnificado ,sano,2lactancia,UNO,38.4,NEG,pos,1,2,34.67,POS,pos,1,0,1,0,0,0,0,1,0,0,0,0,0,1,1,0,0,1,1,1,0,1,0,0,0,0,1,1,1,0,1,0,0,1,0,0,0,0,1,600,4605,231,140,6,8.9,52,,6.9,1,7,2,,,,0.5,25,1.58,,6,27,,189,110
403,63,B3-018-2411,2138,B3,B3,Ciclo Completo,Semitecnificado ,sano,2lactancia,UNO,0,NEG,pos,1,1,35.34,NEG,pos,1,0,1,0,0,0,0,1,0,0,0,0,0,1,1,0,0,1,1,1,0,1,0,0,0,0,1,1,1,0,1,0,0,1,0,0,0,0,1,600,4605,231,140,6,8.9,52,,6.9,1,7,2,,,,0.5,25,1.58,,6,27,,189,110
404,63,B3-018-2411,2138,B3,B3,Ciclo Completo,Semitecnificado ,sano,4crecimiento,TRES,34.1,POS,pos,1,3,33.27,POS,pos,1,0,1,0,0,0,0,1,0,0,0,0,0,1,1,0,0,1,1,1,0,1,0,0,0,0,1,1,1,0,1,0,0,1,0,0,0,0,1,600,4605,231,140,6,8.9,52,,6.9,1,7,2,,,,0.5,25,1.58,,6,27,,189,110
405,63,B3-018-2411,2138,B3,B3,Ciclo Completo,Semitecnificado ,sano,4crecimiento,TRES,0,NEG,pos,1,1,0,NEG,pos,1,0,1,0,0,0,0,1,0,0,0,0,0,1,1,0,0,1,1,1,0,1,0,0,0,0,1,1,1,0,1,0,0,1,0,0,0,0,1,600,4605,231,140,6,8.9,52,,6.9,1,7,2,,,,0.5,25,1.58,,6,27,,189,110
406,63,B3-018-2411,2138,B3,B3,Ciclo Completo,Semitecnificado ,sano,5desarrollo,TRES,32.43,POS,pos,1,3,34.37,POS,pos,1,0,1,0,0,0,0,1,0,0,0,0,0,1,1,0,0,1,1,1,0,1,0,0,0,0,1,1,1,0,1,0,0,1,0,0,0,0,1,600,4605,231,140,6,8.9,52,,6.9,1,7,2,,,,0.5,25,1.58,,6,27,,189,110
407,14,A4-024-0460,3006,A4,A,Ciclo Completo,Semitecnificado ,sano,3destete,DOS,0,NEG,pos,1,1,35.63,NEG,neg,0,1,1,0,0,0,1,1,1,0,0,0,1,1,0,0,0,0,1,0,0,0,1,0,0,0,0,0,0,0,,1,0,1,0,0,0,0,0,103,319,224,140,10,80,80,2.5,7,5,8,5,16,14,3,2,28,1.2,12,7,10,,,117.5
408,14,A4-024-0460,3006,A4,A,Ciclo Completo,Semitecnificado ,sano,3destete,DOS,0,NEG,pos,1,1,39.43,NEG,neg,0,1,1,0,0,0,1,1,1,0,0,0,1,1,0,0,0,0,1,0,0,0,1,0,0,0,0,0,0,0,,1,0,1,0,0,0,0,0,103,319,224,140,10,80,80,2.5,7,5,8,5,16,14,3,2,28,1.2,12,7,10,,,117.5
409,14,A4-024-0460,3006,A4,A,Ciclo Completo,Semitecnificado ,sano,5desarrollo,TRES,0,NEG,pos,1,1,36.82,NEG,neg,0,1,1,0,0,0,1,1,1,0,0,0,1,1,0,0,0,0,1,0,0,0,1,0,0,0,0,0,0,0,,1,0,1,0,0,0,0,0,103,319,224,140,10,80,80,2.5,7,5,8,5,16,14,3,2,28,1.2,12,7,10,,,117.5
410,14,A4-024-0460,3006,A4,A,Ciclo Completo,Semitecnificado ,sano,5desarrollo,TRES,0,NEG,pos,1,1,40.67,NEG,neg,0,1,1,0,0,0,1,1,1,0,0,0,1,1,0,0,0,0,1,0,0,0,1,0,0,0,0,0,0,0,,1,0,1,0,0,0,0,0,103,319,224,140,10,80,80,2.5,7,5,8,5,16,14,3,2,28,1.2,12,7,10,,,117.5
411,14,A4-024-0460,3006,A4,A,Ciclo Completo,Semitecnificado ,sano,6finalizacion,TRES,0,NEG,pos,1,1,39.65,NEG,neg,0,1,1,0,0,0,1,1,1,0,0,0,1,1,0,0,0,0,1,0,0,0,1,0,0,0,0,0,0,0,,1,0,1,0,0,0,0,0,103,319,224,140,10,80,80,2.5,7,5,8,5,16,14,3,2,28,1.2,12,7,10,,,117.5
412,14,A4-024-0460,3006,A4,A,Ciclo Completo,Semitecnificado ,sano,6finalizacion,TRES,33.17,POS,pos,1,3,37.42,NEG,neg,0,1,1,0,0,0,1,1,1,0,0,0,1,1,0,0,0,0,1,0,0,0,1,0,0,0,0,0,0,0,,1,0,1,0,0,0,0,0,103,319,224,140,10,80,80,2.5,7,5,8,5,16,14,3,2,28,1.2,12,7,10,,,117.5
413,35,B1-046-1133,3020,B1,B1,Sitio 1,Semitecnificado ,sano,1gestacion,UNO,37.62,NEG,pos,1,2,40.3,NEG,pos,1,0,1,0,0,0,0,1,0,1,0,0,0,1,0,0,0,0,0,0,0,0,0,0,0,0,1,1,0,0,1,0,0,0,0,0,0,0,1,460,2539,270.9,140,30,95,80,2.5,5,2.6,8,2,14,12,1.5,0.5,23,1.5,9.5,7.5,20,23.75,,125
414,35,B1-046-1133,3020,B1,B1,Sitio 1,Semitecnificado ,sano,1gestacion,UNO,39.08,NEG,pos,1,2,0,NEG,pos,1,0,1,0,0,0,0,1,0,1,0,0,0,1,0,0,0,0,0,0,0,0,0,0,0,0,1,1,0,0,1,0,0,0,0,0,0,0,1,460,2539,270.9,140,30,95,80,2.5,5,2.6,8,2,14,12,1.5,0.5,23,1.5,9.5,7.5,20,23.75,,125
415,35,B1-046-1133,3020,B1,B1,Sitio 1,Semitecnificado ,sano,2lactancia,UNO,27.53,POS,pos,1,3,39.7,NEG,pos,1,0,1,0,0,0,0,1,0,1,0,0,0,1,0,0,0,0,0,0,0,0,0,0,0,0,1,1,0,0,1,0,0,0,0,0,0,0,1,460,2539,270.9,140,30,95,80,2.5,5,2.6,8,2,14,12,1.5,0.5,23,1.5,9.5,7.5,20,23.75,,125
416,35,B1-046-1133,3020,B1,B1,Sitio 1,Semitecnificado ,sano,2lactancia,UNO,0,NEG,pos,1,1,0,NEG,pos,1,0,1,0,0,0,0,1,0,1,0,0,0,1,0,0,0,0,0,0,0,0,0,0,0,0,1,1,0,0,1,0,0,0,0,0,0,0,1,460,2539,270.9,140,30,95,80,2.5,5,2.6,8,2,14,12,1.5,0.5,23,1.5,9.5,7.5,20,23.75,,125
417,35,B1-046-1133,3020,B1,B1,Sitio 1,Semitecnificado ,sano,3destete,DOS,37.12,NEG,pos,1,2,27.56,POS,pos,1,0,1,0,0,0,0,1,0,1,0,0,0,1,0,0,0,0,0,0,0,0,0,0,0,0,1,1,0,0,1,0,0,0,0,0,0,0,1,460,2539,270.9,140,30,95,80,2.5,5,2.6,8,2,14,12,1.5,0.5,23,1.5,9.5,7.5,20,23.75,,125
418,35,B1-046-1133,3020,B1,B1,Sitio 1,Semitecnificado ,sano,3destete,DOS,10.33,POS,pos,1,3,24.31,POS,pos,1,0,1,0,0,0,0,1,0,1,0,0,0,1,0,0,0,0,0,0,0,0,0,0,0,0,1,1,0,0,1,0,0,0,0,0,0,0,1,460,2539,270.9,140,30,95,80,2.5,5,2.6,8,2,14,12,1.5,0.5,23,1.5,9.5,7.5,20,23.75,,125
419,55,B2-093-1950,3065,B2,B2,Sitio 3,Tecnificado,sano,3destete,DOS,0,NEG,pos,1,1,37.38,NEG,pos,1,0,0,0,0,0,0,0,0,0,0,0,0,0,0,0,1,1,1,1,1,0,1,0,1,0,0,1,0,1,1,0,0,0,0,0,1,0,0,,14879,,,,,,,,,,,,,,,,,,,,,182,
420,55,B2-093-1950,3065,B2,B2,Sitio 3,Tecnificado,sano,4crecimiento,TRES,31.85,POS,pos,1,3,31.29,POS,pos,1,0,0,0,0,0,0,0,0,0,0,0,0,0,0,0,1,1,1,1,1,0,1,0,1,0,0,1,0,1,1,0,0,0,0,0,1,0,0,,14879,,,,,,,,,,,,,,,,,,,,,182,
421,55,B2-093-1950,3065,B2,B2,Sitio 3,Tecnificado,sano,4crecimiento,TRES,26.08,POS,pos,1,3,0,NEG,pos,1,0,0,0,0,0,0,0,0,0,0,0,0,0,0,0,1,1,1,1,1,0,1,0,1,0,0,1,0,1,1,0,0,0,0,0,1,0,0,,14879,,,,,,,,,,,,,,,,,,,,,182,
422,55,B2-093-1950,3065,B2,B2,Sitio 3,Tecnificado,sano,5desarrollo,TRES,0,NEG,pos,1,1,30.6,POS,pos,1,0,0,0,0,0,0,0,0,0,0,0,0,0,0,0,1,1,1,1,1,0,1,0,1,0,0,1,0,1,1,0,0,0,0,0,1,0,0,,14879,,,,,,,,,,,,,,,,,,,,,182,
423,55,B2-093-1950,3065,B2,B2,Sitio 3,Tecnificado,sano,5desarrollo,TRES,0,NEG,pos,1,1,32.22,POS,pos,1,0,0,0,0,0,0,0,0,0,0,0,0,0,0,0,1,1,1,1,1,0,1,0,1,0,0,1,0,1,1,0,0,0,0,0,1,0,0,,14879,,,,,,,,,,,,,,,,,,,,,182,
424,55,B2-093-1950,3065,B2,B2,Sitio 3,Tecnificado,sano,6finalizacion,TRES,0,NEG,pos,1,1,35.17,NEG,pos,1,0,0,0,0,0,0,0,0,0,0,0,0,0,0,0,1,1,1,1,1,0,1,0,1,0,0,1,0,1,1,0,0,0,0,0,1,0,0,,14879,,,,,,,,,,,,,,,,,,,,,182,
425,55,B2-093-1950,3065,B2,B2,Sitio 3,Tecnificado,sano,6finalizacion,TRES,0,NEG,pos,1,1,34.19,POS,pos,1,0,0,0,0,0,0,0,0,0,0,0,0,0,0,0,1,1,1,1,1,0,1,0,1,0,0,1,0,1,1,0,0,0,0,0,1,0,0,,14879,,,,,,,,,,,,,,,,,,,,,182,
426,17,A4-029-0519,2037,A4,A,Ciclo Completo,Tecnificado,sano,1gestacion,UNO,39,NEG,pos,1,2,0,NEG,neg,0,0,1,0,0,0,0,1,0,1,0,1,0,0,1,0,0,0,0,0,0,1,0,0,0,0,1,0,0,1,,1,0,0,0,0,0,0,0,899,12173,242.5,152.5,66,100,85.1,2.31,16,5,2.4,2,16.8,14.5,1.7,0.6,26.7,1.3,11.9,6.9,17.9,27.6,182,120
427,17,A4-029-0519,2037,A4,A,Ciclo Completo,Tecnificado,sano,1gestacion,UNO,38.46,NEG,pos,1,2,0,NEG,neg,0,0,1,0,0,0,0,1,0,1,0,1,0,0,1,0,0,0,0,0,0,1,0,0,0,0,1,0,0,1,,1,0,0,0,0,0,0,0,899,12173,242.5,152.5,66,100,85.1,2.31,16,5,2.4,2,16.8,14.5,1.7,0.6,26.7,1.3,11.9,6.9,17.9,27.6,182,120
428,17,A4-029-0519,2037,A4,A,Ciclo Completo,Tecnificado,sano,2lactancia,UNO,26.43,POS,pos,1,3,37.51,NEG,neg,0,0,1,0,0,0,0,1,0,1,0,1,0,0,1,0,0,0,0,0,0,1,0,0,0,0,1,0,0,1,,1,0,0,0,0,0,0,0,899,12173,242.5,152.5,66,100,85.1,2.31,16,5,2.4,2,16.8,14.5,1.7,0.6,26.7,1.3,11.9,6.9,17.9,27.6,182,120
429,17,A4-029-0519,2037,A4,A,Ciclo Completo,Tecnificado,sano,3destete,DOS,29.06,POS,pos,1,3,0,NEG,neg,0,0,1,0,0,0,0,1,0,1,0,1,0,0,1,0,0,0,0,0,0,1,0,0,0,0,1,0,0,1,,1,0,0,0,0,0,0,0,899,12173,242.5,152.5,66,100,85.1,2.31,16,5,2.4,2,16.8,14.5,1.7,0.6,26.7,1.3,11.9,6.9,17.9,27.6,182,120
430,17,A4-029-0519,2037,A4,A,Ciclo Completo,Tecnificado,sano,5desarrollo,TRES,37,NEG,pos,1,2,38.53,NEG,neg,0,0,1,0,0,0,0,1,0,1,0,1,0,0,1,0,0,0,0,0,0,1,0,0,0,0,1,0,0,1,,1,0,0,0,0,0,0,0,899,12173,242.5,152.5,66,100,85.1,2.31,16,5,2.4,2,16.8,14.5,1.7,0.6,26.7,1.3,11.9,6.9,17.9,27.6,182,120
431,17,A4-029-0519,2037,A4,A,Ciclo Completo,Tecnificado,sano,5desarrollo,TRES,34.17,POS,pos,1,3,39.59,NEG,neg,0,0,1,0,0,0,0,1,0,1,0,1,0,0,1,0,0,0,0,0,0,1,0,0,0,0,1,0,0,1,,1,0,0,0,0,0,0,0,899,12173,242.5,152.5,66,100,85.1,2.31,16,5,2.4,2,16.8,14.5,1.7,0.6,26.7,1.3,11.9,6.9,17.9,27.6,182,120
432,77,B3-120-2731,2004,B3,B3,Ciclo Completo,Semitecnificado ,sano,3destete,DOS,31.48,POS,pos_clin,1,3,0,NEG,neg,0,0,,0,0,0,0,0,0,0,0,1,0,1,0,0,0,0,1,1,0,0,0,0,0,0,0,1,0,1,0,0,0,0,0,0,1,0,0,460,5016,220,140,40,,74,2.3,,9.5,7,1.5,12.8,11.3,9.5,2.2,22.1,,8.6,6.6,22,19.55,200,
433,77,B3-120-2731,2004,B3,B3,Ciclo Completo,Semitecnificado ,sano,4crecimiento,TRES,39.55,NEG,pos_clin,1,2,38.74,NEG,neg,0,0,,0,0,0,0,0,0,0,0,1,0,1,0,0,0,0,1,1,0,0,0,0,0,0,0,1,0,1,0,0,0,0,0,0,1,0,0,460,5016,220,140,40,,74,2.3,,9.5,7,1.5,12.8,11.3,9.5,2.2,22.1,,8.6,6.6,22,19.55,200,
434,77,B3-120-2731,2004,B3,B3,Ciclo Completo,Semitecnificado ,sano,5desarrollo,TRES,0,NEG,pos_clin,1,1,37.82,NEG,neg,0,0,,0,0,0,0,0,0,0,0,1,0,1,0,0,0,0,1,1,0,0,0,0,0,0,0,1,0,1,0,0,0,0,0,0,1,0,0,460,5016,220,140,40,,74,2.3,,9.5,7,1.5,12.8,11.3,9.5,2.2,22.1,,8.6,6.6,22,19.55,200,
435,77,B3-120-2731,2004,B3,B3,Ciclo Completo,Semitecnificado ,sano,6finalizacion,TRES,32.34,POS,pos_clin,1,3,0,NEG,neg,0,0,,0,0,0,0,0,0,0,0,1,0,1,0,0,0,0,1,1,0,0,0,0,0,0,0,1,0,1,0,0,0,0,0,0,1,0,0,460,5016,220,140,40,,74,2.3,,9.5,7,1.5,12.8,11.3,9.5,2.2,22.1,,8.6,6.6,22,19.55,200,
436,30,A4-119-0845,2239,A4,A,Ciclo Completo,Semitecnificado ,sano,1gestacion,UNO,32.38,POS,pos,1,3,0,NEG,pos,1,0,1,1,0,0,1,1,1,1,0,0,0,1,1,0,0,1,1,1,0,1,1,0,0,0,1,0,1,0,0,0,0,1,0,1,0,0,0,30,276,210,140,40,0,81.49,2,12,3.33,8,5,,,,,33,0.9,,9.3,15.9,16.59,170,
437,30,A4-119-0845,2239,A4,A,Ciclo Completo,Semitecnificado ,sano,2lactancia,UNO,32.21,POS,pos,1,3,0,NEG,pos,1,0,1,1,0,0,1,1,1,1,0,0,0,1,1,0,0,1,1,1,0,1,1,0,0,0,1,0,1,0,0,0,0,1,0,1,0,0,0,30,276,210,140,40,0,81.49,2,12,3.33,8,5,,,,,33,0.9,,9.3,15.9,16.59,170,
438,30,A4-119-0845,2239,A4,A,Ciclo Completo,Semitecnificado ,sano,4crecimiento,TRES,31.25,POS,pos,1,3,36,NEG,pos,1,0,1,1,0,0,1,1,1,1,0,0,0,1,1,0,0,1,1,1,0,1,1,0,0,0,1,0,1,0,0,0,0,1,0,1,0,0,0,30,276,210,140,40,0,81.49,2,12,3.33,8,5,,,,,33,0.9,,9.3,15.9,16.59,170,
439,30,A4-119-0845,2239,A4,A,Ciclo Completo,Semitecnificado ,sano,4crecimiento,TRES,0,NEG,pos,1,1,36.4,NEG,pos,1,0,1,1,0,0,1,1,1,1,0,0,0,1,1,0,0,1,1,1,0,1,1,0,0,0,1,0,1,0,0,0,0,1,0,1,0,0,0,30,276,210,140,40,0,81.49,2,12,3.33,8,5,,,,,33,0.9,,9.3,15.9,16.59,170,
440,30,A4-119-0845,2239,A4,A,Ciclo Completo,Semitecnificado ,sano,5desarrollo,TRES,0,NEG,pos,1,1,33.72,POS,pos,1,0,1,1,0,0,1,1,1,1,0,0,0,1,1,0,0,1,1,1,0,1,1,0,0,0,1,0,1,0,0,0,0,1,0,1,0,0,0,30,276,210,140,40,0,81.49,2,12,3.33,8,5,,,,,33,0.9,,9.3,15.9,16.59,170,
441,30,A4-119-0845,2239,A4,A,Ciclo Completo,Semitecnificado ,sano,5desarrollo,TRES,0,NEG,pos,1,1,35.22,NEG,pos,1,0,1,1,0,0,1,1,1,1,0,0,0,1,1,0,0,1,1,1,0,1,1,0,0,0,1,0,1,0,0,0,0,1,0,1,0,0,0,30,276,210,140,40,0,81.49,2,12,3.33,8,5,,,,,33,0.9,,9.3,15.9,16.59,170,
442,30,A4-119-0845,2239,A4,A,Ciclo Completo,Semitecnificado ,sano,6finalizacion,TRES,38.2,NEG,pos,1,2,39.19,NEG,pos,1,0,1,1,0,0,1,1,1,1,0,0,0,1,1,0,0,1,1,1,0,1,1,0,0,0,1,0,1,0,0,0,0,1,0,1,0,0,0,30,276,210,140,40,0,81.49,2,12,3.33,8,5,,,,,33,0.9,,9.3,15.9,16.59,170,
443,20,A4-036-0560,2346,A4,A,Ciclo Completo,Semitecnificado ,sano,1gestacion,UNO,0,NEG,pos,1,1,0,NEG,pos,1,1,1,0,0,0,0,0,,0,0,1,0,1,1,0,0,0,1,1,0,1,1,0,0,0,1,1,0,0,,1,0,0,0,0,1,0,1,79,855,242,145,32.9,60,58.8,2.1,8.3,4.2,4,2,11.7,10.5,0.8,0.3,26.9,1.6,9.1,8.7,10.7,16.5,175,132
444,20,A4-036-0560,2346,A4,A,Ciclo Completo,Semitecnificado ,sano,1gestacion,UNO,0,NEG,pos,1,1,0,NEG,pos,1,1,1,0,0,0,0,0,,0,0,1,0,1,1,0,0,0,1,1,0,1,1,0,0,0,1,1,0,0,,1,0,0,0,0,1,0,1,79,855,242,145,32.9,60,58.8,2.1,8.3,4.2,4,2,11.7,10.5,0.8,0.3,26.9,1.6,9.1,8.7,10.7,16.5,175,132
445,20,A4-036-0560,2346,A4,A,Ciclo Completo,Semitecnificado ,sano,4crecimiento,TRES,38.87,NEG,pos,1,2,27.12,POS,pos,1,1,1,0,0,0,0,0,,0,0,1,0,1,1,0,0,0,1,1,0,1,1,0,0,0,1,1,0,0,,1,0,0,0,0,1,0,1,79,855,242,145,32.9,60,58.8,2.1,8.3,4.2,4,2,11.7,10.5,0.8,0.3,26.9,1.6,9.1,8.7,10.7,16.5,175,132
446,20,A4-036-0560,2346,A4,A,Ciclo Completo,Semitecnificado ,sano,4crecimiento,TRES,27.99,POS,pos,1,3,33.9,POS,pos,1,1,1,0,0,0,0,0,,0,0,1,0,1,1,0,0,0,1,1,0,1,1,0,0,0,1,1,0,0,,1,0,0,0,0,1,0,1,79,855,242,145,32.9,60,58.8,2.1,8.3,4.2,4,2,11.7,10.5,0.8,0.3,26.9,1.6,9.1,8.7,10.7,16.5,175,132
447,20,A4-036-0560,2346,A4,A,Ciclo Completo,Semitecnificado ,sano,5desarrollo,TRES,33.06,POS,pos,1,3,32.11,POS,pos,1,1,1,0,0,0,0,0,,0,0,1,0,1,1,0,0,0,1,1,0,1,1,0,0,0,1,1,0,0,,1,0,0,0,0,1,0,1,79,855,242,145,32.9,60,58.8,2.1,8.3,4.2,4,2,11.7,10.5,0.8,0.3,26.9,1.6,9.1,8.7,10.7,16.5,175,132
448,20,A4-036-0560,2346,A4,A,Ciclo Completo,Semitecnificado ,sano,5desarrollo,TRES,37.36,NEG,pos,1,2,32.08,POS,pos,1,1,1,0,0,0,0,0,,0,0,1,0,1,1,0,0,0,1,1,0,1,1,0,0,0,1,1,0,0,,1,0,0,0,0,1,0,1,79,855,242,145,32.9,60,58.8,2.1,8.3,4.2,4,2,11.7,10.5,0.8,0.3,26.9,1.6,9.1,8.7,10.7,16.5,175,132
449,20,A4-036-0560,2346,A4,A,Ciclo Completo,Semitecnificado ,sano,6finalizacion,TRES,0,NEG,pos,1,1,38.42,NEG,pos,1,1,1,0,0,0,0,0,,0,0,1,0,1,1,0,0,0,1,1,0,1,1,0,0,0,1,1,0,0,,1,0,0,0,0,1,0,1,79,855,242,145,32.9,60,58.8,2.1,8.3,4.2,4,2,11.7,10.5,0.8,0.3,26.9,1.6,9.1,8.7,10.7,16.5,175,132
450,20,A4-036-0560,2346,A4,A,Ciclo Completo,Semitecnificado ,sano,6finalizacion,TRES,0,NEG,pos,1,1,38.22,NEG,pos,1,1,1,0,0,0,0,0,,0,0,1,0,1,1,0,0,0,1,1,0,1,1,0,0,0,1,1,0,0,,1,0,0,0,0,1,0,1,79,855,242,145,32.9,60,58.8,2.1,8.3,4.2,4,2,11.7,10.5,0.8,0.3,26.9,1.6,9.1,8.7,10.7,16.5,175,132
451,37,B1-046-1136,2140,B1,B1,Ciclo Completo,Semitecnificado ,sano,1gestacion,UNO,0,NEG,pos_clin,1,1,38.66,NEG,neg,0,1,1,0,0,0,0,1,0,1,0,0,0,1,1,0,0,0,0,1,0,1,0,0,0,0,1,1,0,0,1,0,0,0,0,0,0,0,0,180,1131,240.8,150,40,91.91,48.55,,5,4,8,3,11.81,11.65,0.64,0.21,22,1.35,9,5.99,22.5,22.5,184,105
452,37,B1-046-1136,2140,B1,B1,Ciclo Completo,Semitecnificado ,sano,1gestacion,UNO,37.77,NEG,pos_clin,1,2,38.88,NEG,neg,0,1,1,0,0,0,0,1,0,1,0,0,0,1,1,0,0,0,0,1,0,1,0,0,0,0,1,1,0,0,1,0,0,0,0,0,0,0,0,180,1131,240.8,150,40,91.91,48.55,,5,4,8,3,11.81,11.65,0.64,0.21,22,1.35,9,5.99,22.5,22.5,184,105
453,37,B1-046-1136,2140,B1,B1,Ciclo Completo,Semitecnificado ,sano,2lactancia,UNO,0,NEG,pos_clin,1,1,0,NEG,neg,0,1,1,0,0,0,0,1,0,1,0,0,0,1,1,0,0,0,0,1,0,1,0,0,0,0,1,1,0,0,1,0,0,0,0,0,0,0,0,180,1131,240.8,150,40,91.91,48.55,,5,4,8,3,11.81,11.65,0.64,0.21,22,1.35,9,5.99,22.5,22.5,184,105
454,37,B1-046-1136,2140,B1,B1,Ciclo Completo,Semitecnificado ,sano,3destete,DOS,33.42,POS,pos_clin,1,3,36.28,NEG,neg,0,1,1,0,0,0,0,1,0,1,0,0,0,1,1,0,0,0,0,1,0,1,0,0,0,0,1,1,0,0,1,0,0,0,0,0,0,0,0,180,1131,240.8,150,40,91.91,48.55,,5,4,8,3,11.81,11.65,0.64,0.21,22,1.35,9,5.99,22.5,22.5,184,105
455,37,B1-046-1136,2140,B1,B1,Ciclo Completo,Semitecnificado ,sano,3destete,DOS,0,NEG,pos_clin,1,1,0,NEG,neg,0,1,1,0,0,0,0,1,0,1,0,0,0,1,1,0,0,0,0,1,0,1,0,0,0,0,1,1,0,0,1,0,0,0,0,0,0,0,0,180,1131,240.8,150,40,91.91,48.55,,5,4,8,3,11.81,11.65,0.64,0.21,22,1.35,9,5.99,22.5,22.5,184,105
456,37,B1-046-1136,2140,B1,B1,Ciclo Completo,Semitecnificado ,sano,5desarrollo,TRES,0,NEG,pos_clin,1,1,35.85,NEG,neg,0,1,1,0,0,0,0,1,0,1,0,0,0,1,1,0,0,0,0,1,0,1,0,0,0,0,1,1,0,0,1,0,0,0,0,0,0,0,0,180,1131,240.8,150,40,91.91,48.55,,5,4,8,3,11.81,11.65,0.64,0.21,22,1.35,9,5.99,22.5,22.5,184,105
457,37,B1-046-1136,2140,B1,B1,Ciclo Completo,Semitecnificado ,sano,6finalizacion,TRES,0,NEG,pos_clin,1,1,39.02,NEG,neg,0,1,1,0,0,0,0,1,0,1,0,0,0,1,1,0,0,0,0,1,0,1,0,0,0,0,1,1,0,0,1,0,0,0,0,0,0,0,0,180,1131,240.8,150,40,91.91,48.55,,5,4,8,3,11.81,11.65,0.64,0.21,22,1.35,9,5.99,22.5,22.5,184,105
458,37,B1-046-1136,2140,B1,B1,Ciclo Completo,Semitecnificado ,sano,6finalizacion,TRES,39.04,NEG,pos_clin,1,2,37.51,NEG,neg,0,1,1,0,0,0,0,1,0,1,0,0,0,1,1,0,0,0,0,1,0,1,0,0,0,0,1,1,0,0,1,0,0,0,0,0,0,0,0,180,1131,240.8,150,40,91.91,48.55,,5,4,8,3,11.81,11.65,0.64,0.21,22,1.35,9,5.99,22.5,22.5,184,105
459,31,A5-004-0851,3007,A5,A,Ciclo Completo,Semitecnificado ,sano,5desarrollo,TRES,34.49,POS,pos_clin,1,3,31.54,POS,pos_clin,1,1,1,0,0,0,1,1,0,0,0,0,0,1,0,0,0,1,1,1,1,1,1,0,1,0,1,1,0,0,,0,0,0,0,1,0,0,0,42,271,240.8,140,2,80,78,2,6,2,7,3,14,11,2,1,28,1.6,8,7.5,3,16,155,98
460,31,A5-004-0851,3007,A5,A,Ciclo Completo,Semitecnificado ,sano,5desarrollo,TRES,35.06,NEG,pos_clin,1,2,31.65,POS,pos_clin,1,1,1,0,0,0,1,1,0,0,0,0,0,1,0,0,0,1,1,1,1,1,1,0,1,0,1,1,0,0,,0,0,0,0,1,0,0,0,42,271,240.8,140,2,80,78,2,6,2,7,3,14,11,2,1,28,1.6,8,7.5,3,16,155,98
461,31,A5-004-0851,3007,A5,A,Ciclo Completo,Semitecnificado ,sano,6finalizacion,TRES,0,NEG,pos_clin,1,1,35.07,NEG,pos_clin,1,1,1,0,0,0,1,1,0,0,0,0,0,1,0,0,0,1,1,1,1,1,1,0,1,0,1,1,0,0,,0,0,0,0,1,0,0,0,42,271,240.8,140,2,80,78,2,6,2,7,3,14,11,2,1,28,1.6,8,7.5,3,16,155,98
462,31,A5-004-0851,3007,A5,A,Ciclo Completo,Semitecnificado ,sano,6finalizacion,TRES,38.42,NEG,pos_clin,1,2,33.82,POS,pos_clin,1,1,1,0,0,0,1,1,0,0,0,0,0,1,0,0,0,1,1,1,1,1,1,0,1,0,1,1,0,0,,0,0,0,0,1,0,0,0,42,271,240.8,140,2,80,78,2,6,2,7,3,14,11,2,1,28,1.6,8,7.5,3,16,155,98
463,78,B3-120-2734,2081,B3,B3,Ciclo Completo,Semitecnificado ,sano,3destete,DOS,30.65,POS,pos_clin,1,3,0,NEG,neg,0,0,0,0,0,0,0,0,0,0,0,0,0,1,0,0,0,0,1,1,0,0,0,0,0,0,0,1,0,0,0,0,0,0,0,0,0,0,1,448,1801,301,140,,90,80,2.5,5,,7,2.5,11.25,10.7,0.55,0.42,28,1.44,9,7.4,17.91,18,180.6,115
464,78,B3-120-2734,2081,B3,B3,Ciclo Completo,Semitecnificado ,sano,3destete,DOS,35.16,NEG,pos_clin,1,2,0,NEG,neg,0,0,0,0,0,0,0,0,0,0,0,0,0,1,0,0,0,0,1,1,0,0,0,0,0,0,0,1,0,0,0,0,0,0,0,0,0,0,1,448,1801,301,140,,90,80,2.5,5,,7,2.5,11.25,10.7,0.55,0.42,28,1.44,9,7.4,17.91,18,180.6,115
465,78,B3-120-2734,2081,B3,B3,Ciclo Completo,Semitecnificado ,sano,4crecimiento,TRES,33.8,POS,pos_clin,1,3,0,NEG,neg,0,0,0,0,0,0,0,0,0,0,0,0,0,1,0,0,0,0,1,1,0,0,0,0,0,0,0,1,0,0,0,0,0,0,0,0,0,0,1,448,1801,301,140,,90,80,2.5,5,,7,2.5,11.25,10.7,0.55,0.42,28,1.44,9,7.4,17.91,18,180.6,115
466,78,B3-120-2734,2081,B3,B3,Ciclo Completo,Semitecnificado ,sano,5desarrollo,TRES,38.45,NEG,pos_clin,1,2,0,NEG,neg,0,0,0,0,0,0,0,0,0,0,0,0,0,1,0,0,0,0,1,1,0,0,0,0,0,0,0,1,0,0,0,0,0,0,0,0,0,0,1,448,1801,301,140,,90,80,2.5,5,,7,2.5,11.25,10.7,0.55,0.42,28,1.44,9,7.4,17.91,18,180.6,115
467,78,B3-120-2734,2081,B3,B3,Ciclo Completo,Semitecnificado ,sano,6finalizacion,TRES,37.77,NEG,pos_clin,1,2,0,NEG,neg,0,0,0,0,0,0,0,0,0,0,0,0,0,1,0,0,0,0,1,1,0,0,0,0,0,0,0,1,0,0,0,0,0,0,0,0,0,0,1,448,1801,301,140,,90,80,2.5,5,,7,2.5,11.25,10.7,0.55,0.42,28,1.44,9,7.4,17.91,18,180.6,115
468,19,A4-036-0559,2142,A4,A,Ciclo Completo,Semitecnificado ,sano,1gestacion,UNO,34.47,POS,pos,1,3,0,NEG,pos,1,1,1,0,0,0,0,1,0,0,0,1,0,1,1,0,0,0,1,1,0,1,1,0,0,0,1,1,0,0,,0,0,0,1,0,0,0,0,139,1559,275,150,,100,,2.33,5,0,6.3,2,12.9,12,0.7,0.1,26.1,1.4,9.6,7.2,21,21.4,158,107
469,19,A4-036-0559,2142,A4,A,Ciclo Completo,Semitecnificado ,sano,1gestacion,UNO,37.92,NEG,pos,1,2,0,NEG,pos,1,1,1,0,0,0,0,1,0,0,0,1,0,1,1,0,0,0,1,1,0,1,1,0,0,0,1,1,0,0,,0,0,0,1,0,0,0,0,139,1559,275,150,,100,,2.33,5,0,6.3,2,12.9,12,0.7,0.1,26.1,1.4,9.6,7.2,21,21.4,158,107
470,19,A4-036-0559,2142,A4,A,Ciclo Completo,Semitecnificado ,sano,2lactancia,UNO,39.43,NEG,pos,1,2,37.27,NEG,pos,1,1,1,0,0,0,0,1,0,0,0,1,0,1,1,0,0,0,1,1,0,1,1,0,0,0,1,1,0,0,,0,0,0,1,0,0,0,0,139,1559,275,150,,100,,2.33,5,0,6.3,2,12.9,12,0.7,0.1,26.1,1.4,9.6,7.2,21,21.4,158,107
471,19,A4-036-0559,2142,A4,A,Ciclo Completo,Semitecnificado ,sano,3destete,DOS,0,NEG,pos,1,1,0,NEG,pos,1,1,1,0,0,0,0,1,0,0,0,1,0,1,1,0,0,0,1,1,0,1,1,0,0,0,1,1,0,0,,0,0,0,1,0,0,0,0,139,1559,275,150,,100,,2.33,5,0,6.3,2,12.9,12,0.7,0.1,26.1,1.4,9.6,7.2,21,21.4,158,107
472,19,A4-036-0559,2142,A4,A,Ciclo Completo,Semitecnificado ,sano,4crecimiento,TRES,34.73,POS,pos,1,3,0,NEG,pos,1,1,1,0,0,0,0,1,0,0,0,1,0,1,1,0,0,0,1,1,0,1,1,0,0,0,1,1,0,0,,0,0,0,1,0,0,0,0,139,1559,275,150,,100,,2.33,5,0,6.3,2,12.9,12,0.7,0.1,26.1,1.4,9.6,7.2,21,21.4,158,107
473,19,A4-036-0559,2142,A4,A,Ciclo Completo,Semitecnificado ,sano,5desarrollo,TRES,39.95,NEG,pos,1,2,33.1,POS,pos,1,1,1,0,0,0,0,1,0,0,0,1,0,1,1,0,0,0,1,1,0,1,1,0,0,0,1,1,0,0,,0,0,0,1,0,0,0,0,139,1559,275,150,,100,,2.33,5,0,6.3,2,12.9,12,0.7,0.1,26.1,1.4,9.6,7.2,21,21.4,158,107
474,19,A4-036-0559,2142,A4,A,Ciclo Completo,Semitecnificado ,sano,6finalizacion,TRES,34.61,POS,pos,1,3,39.53,NEG,pos,1,1,1,0,0,0,0,1,0,0,0,1,0,1,1,0,0,0,1,1,0,1,1,0,0,0,1,1,0,0,,0,0,0,1,0,0,0,0,139,1559,275,150,,100,,2.33,5,0,6.3,2,12.9,12,0.7,0.1,26.1,1.4,9.6,7.2,21,21.4,158,107
475,76,B3-120-2730,3073,B3,B3,Ciclo Completo,Semitecnificado ,sano,1gestacion,UNO,37.9,NEG,pos,1,2,38.45,NEG,neg,0,0,0,0,0,0,0,0,0,0,0,0,0,0,0,0,0,0,1,0,0,1,0,0,0,0,1,1,0,0,0,0,0,0,0,0,1,0,0,263,280,255,135,40,100,85.5,2.34,31.7,3.4,8,5,12.5,11.7,4.8,4.6,28,1.2,11,,7.2,27.2,168,
476,76,B3-120-2730,3073,B3,B3,Ciclo Completo,Semitecnificado ,sano,1gestacion,UNO,33.57,POS,pos,1,3,0,NEG,neg,0,0,0,0,0,0,0,0,0,0,0,0,0,0,0,0,0,0,1,0,0,1,0,0,0,0,1,1,0,0,0,0,0,0,0,0,1,0,0,263,280,255,135,40,100,85.5,2.34,31.7,3.4,8,5,12.5,11.7,4.8,4.6,28,1.2,11,,7.2,27.2,168,
477,76,B3-120-2730,3073,B3,B3,Ciclo Completo,Semitecnificado ,sano,2lactancia,UNO,26.73,POS,pos,1,3,0,NEG,neg,0,0,0,0,0,0,0,0,0,0,0,0,0,0,0,0,0,0,1,0,0,1,0,0,0,0,1,1,0,0,0,0,0,0,0,0,1,0,0,263,280,255,135,40,100,85.5,2.34,31.7,3.4,8,5,12.5,11.7,4.8,4.6,28,1.2,11,,7.2,27.2,168,
478,76,B3-120-2730,3073,B3,B3,Ciclo Completo,Semitecnificado ,sano,3destete,DOS,30.83,POS,pos,1,3,0,NEG,neg,0,0,0,0,0,0,0,0,0,0,0,0,0,0,0,0,0,0,1,0,0,1,0,0,0,0,1,1,0,0,0,0,0,0,0,0,1,0,0,263,280,255,135,40,100,85.5,2.34,31.7,3.4,8,5,12.5,11.7,4.8,4.6,28,1.2,11,,7.2,27.2,168,
479,76,B3-120-2730,3073,B3,B3,Ciclo Completo,Semitecnificado ,sano,3destete,DOS,33.78,POS,pos,1,3,0,NEG,neg,0,0,0,0,0,0,0,0,0,0,0,0,0,0,0,0,0,0,1,0,0,1,0,0,0,0,1,1,0,0,0,0,0,0,0,0,1,0,0,263,280,255,135,40,100,85.5,2.34,31.7,3.4,8,5,12.5,11.7,4.8,4.6,28,1.2,11,,7.2,27.2,168,
480,76,B3-120-2730,3073,B3,B3,Ciclo Completo,Semitecnificado ,sano,4crecimiento,TRES,39.77,NEG,pos,1,2,0,NEG,neg,0,0,0,0,0,0,0,0,0,0,0,0,0,0,0,0,0,0,1,0,0,1,0,0,0,0,1,1,0,0,0,0,0,0,0,0,1,0,0,263,280,255,135,40,100,85.5,2.34,31.7,3.4,8,5,12.5,11.7,4.8,4.6,28,1.2,11,,7.2,27.2,168,
481,76,B3-120-2730,3073,B3,B3,Ciclo Completo,Semitecnificado ,sano,4crecimiento,TRES,0,NEG,pos,1,1,38.29,NEG,neg,0,0,0,0,0,0,0,0,0,0,0,0,0,0,0,0,0,0,1,0,0,1,0,0,0,0,1,1,0,0,0,0,0,0,0,0,1,0,0,263,280,255,135,40,100,85.5,2.34,31.7,3.4,8,5,12.5,11.7,4.8,4.6,28,1.2,11,,7.2,27.2,168,
482,76,B3-120-2730,3073,B3,B3,Ciclo Completo,Semitecnificado ,sano,5desarrollo,TRES,0,NEG,pos,1,1,0,NEG,neg,0,0,0,0,0,0,0,0,0,0,0,0,0,0,0,0,0,0,1,0,0,1,0,0,0,0,1,1,0,0,0,0,0,0,0,0,1,0,0,263,280,255,135,40,100,85.5,2.34,31.7,3.4,8,5,12.5,11.7,4.8,4.6,28,1.2,11,,7.2,27.2,168,
483,76,B3-120-2730,3073,B3,B3,Ciclo Completo,Semitecnificado ,sano,5desarrollo,TRES,33.96,POS,pos,1,3,0,NEG,neg,0,0,0,0,0,0,0,0,0,0,0,0,0,0,0,0,0,0,1,0,0,1,0,0,0,0,1,1,0,0,0,0,0,0,0,0,1,0,0,263,280,255,135,40,100,85.5,2.34,31.7,3.4,8,5,12.5,11.7,4.8,4.6,28,1.2,11,,7.2,27.2,168,
484,76,B3-120-2730,3073,B3,B3,Ciclo Completo,Semitecnificado ,sano,6finalizacion,TRES,35.23,NEG,pos,1,2,38.22,NEG,neg,0,0,0,0,0,0,0,0,0,0,0,0,0,0,0,0,0,0,1,0,0,1,0,0,0,0,1,1,0,0,0,0,0,0,0,0,1,0,0,263,280,255,135,40,100,85.5,2.34,31.7,3.4,8,5,12.5,11.7,4.8,4.6,28,1.2,11,,7.2,27.2,168,
485,22,A4-045-0604,2035,A4,A,Ciclo Completo,Semitecnificado ,sano,1gestacion,UNO,33.4,POS,pos,1,3,0,NEG,neg,0,1,0,0,0,0,0,0,0,0,1,1,0,1,0,0,0,1,1,0,0,0,0,0,0,0,1,1,0,1,1,0,0,0,0,0,0,0,1,240,2133,263,160,58,100,74.5,2.33,17,8.8,8,2,13.5,12,1.1,0.4,25.5,1.4,10.2,7.95,14.8,20,190,130
486,22,A4-045-0604,2035,A4,A,Ciclo Completo,Semitecnificado ,sano,1gestacion,UNO,37.98,NEG,pos,1,2,0,NEG,neg,0,1,0,0,0,0,0,0,0,0,1,1,0,1,0,0,0,1,1,0,0,0,0,0,0,0,1,1,0,1,1,0,0,0,0,0,0,0,1,240,2133,263,160,58,100,74.5,2.33,17,8.8,8,2,13.5,12,1.1,0.4,25.5,1.4,10.2,7.95,14.8,20,190,130
487,22,A4-045-0604,2035,A4,A,Ciclo Completo,Semitecnificado ,sano,2lactancia,UNO,32.06,POS,pos,1,3,0,NEG,neg,0,1,0,0,0,0,0,0,0,0,1,1,0,1,0,0,0,1,1,0,0,0,0,0,0,0,1,1,0,1,1,0,0,0,0,0,0,0,1,240,2133,263,160,58,100,74.5,2.33,17,8.8,8,2,13.5,12,1.1,0.4,25.5,1.4,10.2,7.95,14.8,20,190,130
488,22,A4-045-0604,2035,A4,A,Ciclo Completo,Semitecnificado ,sano,3destete,DOS,25.91,POS,pos,1,3,0,NEG,neg,0,1,0,0,0,0,0,0,0,0,1,1,0,1,0,0,0,1,1,0,0,0,0,0,0,0,1,1,0,1,1,0,0,0,0,0,0,0,1,240,2133,263,160,58,100,74.5,2.33,17,8.8,8,2,13.5,12,1.1,0.4,25.5,1.4,10.2,7.95,14.8,20,190,130
489,22,A4-045-0604,2035,A4,A,Ciclo Completo,Semitecnificado ,sano,4crecimiento,TRES,0,NEG,pos,1,1,0,NEG,neg,0,1,0,0,0,0,0,0,0,0,1,1,0,1,0,0,0,1,1,0,0,0,0,0,0,0,1,1,0,1,1,0,0,0,0,0,0,0,1,240,2133,263,160,58,100,74.5,2.33,17,8.8,8,2,13.5,12,1.1,0.4,25.5,1.4,10.2,7.95,14.8,20,190,130
490,22,A4-045-0604,2035,A4,A,Ciclo Completo,Semitecnificado ,sano,5desarrollo,TRES,0,NEG,pos,1,1,0,NEG,neg,0,1,0,0,0,0,0,0,0,0,1,1,0,1,0,0,0,1,1,0,0,0,0,0,0,0,1,1,0,1,1,0,0,0,0,0,0,0,1,240,2133,263,160,58,100,74.5,2.33,17,8.8,8,2,13.5,12,1.1,0.4,25.5,1.4,10.2,7.95,14.8,20,190,130
491,22,A4-045-0604,2035,A4,A,Ciclo Completo,Semitecnificado ,sano,6finalizacion,TRES,35.04,NEG,pos,1,2,0,NEG,neg,0,1,0,0,0,0,0,0,0,0,1,1,0,1,0,0,0,1,1,0,0,0,0,0,0,0,1,1,0,1,1,0,0,0,0,0,0,0,1,240,2133,263,160,58,100,74.5,2.33,17,8.8,8,2,13.5,12,1.1,0.4,25.5,1.4,10.2,7.95,14.8,20,190,130
492,29,A4-119-0844,2490,A4,A,Sitio 1,Semitecnificado ,sano,1gestacion,UNO,38.4,NEG,pos_clin,1,2,0,NEG,neg,0,0,1,0,0,0,0,1,0,0,0,0,0,0,0,0,0,1,1,1,0,0,0,0,0,0,1,1,0,1,0,0,0,0,0,1,1,0,1,400,1327,252,155,13.5,5,90,2.4,6,1.5,6.5,2,12.3,11.5,6,2,21,1.3,10.3,6,10,24,,115
493,29,A4-119-0844,2490,A4,A,Sitio 1,Semitecnificado ,sano,1gestacion,UNO,35.29,NEG,pos_clin,1,2,0,NEG,neg,0,0,1,0,0,0,0,1,0,0,0,0,0,0,0,0,0,1,1,1,0,0,0,0,0,0,1,1,0,1,0,0,0,0,0,1,1,0,1,400,1327,252,155,13.5,5,90,2.4,6,1.5,6.5,2,12.3,11.5,6,2,21,1.3,10.3,6,10,24,,115
494,64,B3-030-2198,2343,B3,B3,Ciclo Completo,Semitecnificado ,sano,1gestacion,UNO,38.91,NEG,pos,1,2,0,NEG,pos,1,1,1,0,0,0,0,1,1,1,1,0,0,1,1,0,0,1,1,1,1,1,1,0,0,0,1,1,0,0,0,0,0,1,0,0,1,0,0,37,284,210.7,120,45,0,82,2.2,7,4.16,10,7,8.09,7.22,0.86,0,30,1.2,6,8.5,1.22,13.2,150,132.5
495,64,B3-030-2198,2343,B3,B3,Ciclo Completo,Semitecnificado ,sano,1gestacion,UNO,0,NEG,pos,1,1,0,NEG,pos,1,1,1,0,0,0,0,1,1,1,1,0,0,1,1,0,0,1,1,1,1,1,1,0,0,0,1,1,0,0,0,0,0,1,0,0,1,0,0,37,284,210.7,120,45,0,82,2.2,7,4.16,10,7,8.09,7.22,0.86,0,30,1.2,6,8.5,1.22,13.2,150,132.5
496,75,B3-120-2729,2645,B3,B3,Ciclo Completo,Tecnificado,sano,1gestacion,UNO,32.91,POS,pos_clin,1,3,34.44,POS,pos_clin,1,0,1,0,0,0,0,0,0,0,0,0,0,1,0,0,0,0,1,1,0,1,0,0,0,1,1,1,0,0,0,0,0,0,0,0,0,0,0,920,4238,232,140,35,100,80,2.3,7,4,6,,12,11,1,3,28,1.4,10.3,8,3,23.69,,130
497,75,B3-120-2729,2645,B3,B3,Ciclo Completo,Tecnificado,sano,1gestacion,UNO,39.2,NEG,pos_clin,1,2,0,NEG,pos_clin,1,0,1,0,0,0,0,0,0,0,0,0,0,1,0,0,0,0,1,1,0,1,0,0,0,1,1,1,0,0,0,0,0,0,0,0,0,0,0,920,4238,232,140,35,100,80,2.3,7,4,6,,12,11,1,3,28,1.4,10.3,8,3,23.69,,130
498,75,B3-120-2729,2645,B3,B3,Ciclo Completo,Tecnificado,sano,2lactancia,UNO,0,NEG,pos_clin,1,1,0,NEG,pos_clin,1,0,1,0,0,0,0,0,0,0,0,0,0,1,0,0,0,0,1,1,0,1,0,0,0,1,1,1,0,0,0,0,0,0,0,0,0,0,0,920,4238,232,140,35,100,80,2.3,7,4,6,,12,11,1,3,28,1.4,10.3,8,3,23.69,,130
499,70,B3-066-2459,3015,B3,B3,Sitio 1,Tecnificado,sano,1gestacion,UNO,30.06,POS,pos,1,3,0,NEG,neg,0,,,,,,,,,,,,,,,,,,,,,,,,,,,,,,,,,,,,,,,,4026,,,,,,,,,,,,,,,,,,,,,,
500,70,B3-066-2459,3015,B3,B3,Sitio 1,Tecnificado,sano,1gestacion,UNO,31.9,POS,pos,1,3,0,NEG,neg,0,,,,,,,,,,,,,,,,,,,,,,,,,,,,,,,,,,,,,,,,4026,,,,,,,,,,,,,,,,,,,,,,
501,33,A5-082-0918,3044,A5,A,Ciclo Completo,Semitecnificado ,sano,1gestacion,UNO,38.46,NEG,pos,1,2,0,NEG,pos,1,1,0,0,0,0,0,1,1,0,0,0,0,1,1,0,0,1,1,1,0,1,0,0,0,0,1,1,0,1,1,0,0,1,0,0,1,0,1,55,287,225.7,,9.09,100,38.88,,,7.27,7,5,14,13.07,0.92,,32.4,1.05,10.64,,18.59,,161,
502,2,A2-067-0134,2612,A2,A,Ciclo Completo,Semitecnificado ,clinico,3destete,DOS,0,NEG,pos_clin,1,1,38.24,NEG,pos_clin,1,,0,0,0,0,1,1,0,0,0,0,0,1,0,0,0,1,1,1,1,1,1,0,0,0,1,0,0,1,0,0,0,0,0,0,0,0,0,266,2797,255,160,32,90,84.6,2.59,33,0.75,8,5,12.7,11.6,1,0.4,22,,10.4,,1.1,20.8,155,97.5
503,2,A2-067-0134,2612,A2,A,Ciclo Completo,Semitecnificado ,clinico,3destete,DOS,34.21,POS,pos_clin,1,3,37.44,NEG,pos_clin,1,,0,0,0,0,1,1,0,0,0,0,0,1,0,0,0,1,1,1,1,1,1,0,0,0,1,0,0,1,0,0,0,0,0,0,0,0,0,266,2797,255,160,32,90,84.6,2.59,33,0.75,8,5,12.7,11.6,1,0.4,22,,10.4,,1.1,20.8,155,97.5
504,2,A2-067-0134,2612,A2,A,Ciclo Completo,Semitecnificado ,clinico,4crecimiento,TRES,0,NEG,pos_clin,1,1,0,NEG,pos_clin,1,,0,0,0,0,1,1,0,0,0,0,0,1,0,0,0,1,1,1,1,1,1,0,0,0,1,0,0,1,0,0,0,0,0,0,0,0,0,266,2797,255,160,32,90,84.6,2.59,33,0.75,8,5,12.7,11.6,1,0.4,22,,10.4,,1.1,20.8,155,97.5
505,2,A2-067-0134,2612,A2,A,Ciclo Completo,Semitecnificado ,clinico,4crecimiento,TRES,0,NEG,pos_clin,1,1,0,NEG,pos_clin,1,,0,0,0,0,1,1,0,0,0,0,0,1,0,0,0,1,1,1,1,1,1,0,0,0,1,0,0,1,0,0,0,0,0,0,0,0,0,266,2797,255,160,32,90,84.6,2.59,33,0.75,8,5,12.7,11.6,1,0.4,22,,10.4,,1.1,20.8,155,97.5
506,3,A3-015-0204,2921,A3,A,Ciclo Completo,Tecnificado,clinico,4crecimiento,TRES,34.83,POS,pos_clin,1,3,0,NEG,pos_clin,1,0,1,0,0,0,0,0,0,0,0,1,0,1,0,0,0,0,1,1,0,0,0,0,0,0,1,0,0,0,0,0,0,1,0,0,0,0,1,500,3185,240,230,45,100,90,2.42,4,5,6,2.5,17.3,14.8,4.6,1.7,28,1.2,12.9,7.5,18,31.1,175,115
507,3,A3-015-0204,2921,A3,A,Ciclo Completo,Tecnificado,clinico,4crecimiento,TRES,32.47,POS,pos_clin,1,3,40.66,NEG,pos_clin,1,0,1,0,0,0,0,0,0,0,0,1,0,1,0,0,0,0,1,1,0,0,0,0,0,0,1,0,0,0,0,0,0,1,0,0,0,0,1,500,3185,240,230,45,100,90,2.42,4,5,6,2.5,17.3,14.8,4.6,1.7,28,1.2,12.9,7.5,18,31.1,175,115
508,3,A3-015-0204,2921,A3,A,Ciclo Completo,Tecnificado,clinico,5desarrollo,TRES,0,NEG,pos_clin,1,1,31.14,POS,pos_clin,1,0,1,0,0,0,0,0,0,0,0,1,0,1,0,0,0,0,1,1,0,0,0,0,0,0,1,0,0,0,0,0,0,1,0,0,0,0,1,500,3185,240,230,45,100,90,2.42,4,5,6,2.5,17.3,14.8,4.6,1.7,28,1.2,12.9,7.5,18,31.1,175,115
509,3,A3-015-0204,2921,A3,A,Ciclo Completo,Tecnificado,clinico,5desarrollo,TRES,38.56,NEG,pos_clin,1,2,30.57,POS,pos_clin,1,0,1,0,0,0,0,0,0,0,0,1,0,1,0,0,0,0,1,1,0,0,0,0,0,0,1,0,0,0,0,0,0,1,0,0,0,0,1,500,3185,240,230,45,100,90,2.42,4,5,6,2.5,17.3,14.8,4.6,1.7,28,1.2,12.9,7.5,18,31.1,175,115
510,4,A3-015-0205,2923,A3,A,Ciclo Completo,Semitecnificado ,clinico,3destete,DOS,34,POS,pos_clin,1,3,36.67,NEG,neg,0,1,1,0,0,0,0,1,1,0,0,0,0,1,1,0,0,0,1,1,0,1,0,0,0,0,0,1,0,0,1,0,0,1,0,0,0,0,0,328,3090,210,130,20,20,80,2.2,7,3,6,1.5,12,11,1,1,23,,10,,18,22,160,105
511,4,A3-015-0205,2923,A3,A,Ciclo Completo,Semitecnificado ,clinico,3destete,DOS,0,NEG,pos_clin,1,1,36.82,NEG,neg,0,1,1,0,0,0,0,1,1,0,0,0,0,1,1,0,0,0,1,1,0,1,0,0,0,0,0,1,0,0,1,0,0,1,0,0,0,0,0,328,3090,210,130,20,20,80,2.2,7,3,6,1.5,12,11,1,1,23,,10,,18,22,160,105
512,4,A3-015-0205,2923,A3,A,Ciclo Completo,Semitecnificado ,clinico,4crecimiento,TRES,38.16,NEG,pos_clin,1,2,35.69,NEG,neg,0,1,1,0,0,0,0,1,1,0,0,0,0,1,1,0,0,0,1,1,0,1,0,0,0,0,0,1,0,0,1,0,0,1,0,0,0,0,0,328,3090,210,130,20,20,80,2.2,7,3,6,1.5,12,11,1,1,23,,10,,18,22,160,105
513,4,A3-015-0205,2923,A3,A,Ciclo Completo,Semitecnificado ,clinico,4crecimiento,TRES,34.42,POS,pos_clin,1,3,37.55,NEG,neg,0,1,1,0,0,0,0,1,1,0,0,0,0,1,1,0,0,0,1,1,0,1,0,0,0,0,0,1,0,0,1,0,0,1,0,0,0,0,0,328,3090,210,130,20,20,80,2.2,7,3,6,1.5,12,11,1,1,23,,10,,18,22,160,105
514,7,A3-015-3229,2920,A3,A,Ciclo Completo,Semitecnificado ,clinico,4crecimiento,TRES,0,NEG,pos_clin,1,1,36.15,NEG,pos_clin,1,0,1,0,0,0,0,0,0,0,0,1,0,1,0,0,0,0,1,1,0,0,0,0,0,0,1,0,0,0,0,0,0,1,0,0,0,0,1,350,1373,240,230,45,100,90,2.42,4,5,6,2.5,17.4,14.8,6.5,2.8,28,1.2,13.1,8,15,31.1,175,130
515,7,A3-015-3229,2920,A3,A,Ciclo Completo,Semitecnificado ,clinico,4crecimiento,TRES,0,NEG,pos_clin,1,1,38.02,NEG,pos_clin,1,0,1,0,0,0,0,0,0,0,0,1,0,1,0,0,0,0,1,1,0,0,0,0,0,0,1,0,0,0,0,0,0,1,0,0,0,0,1,350,1373,240,230,45,100,90,2.42,4,5,6,2.5,17.4,14.8,6.5,2.8,28,1.2,13.1,8,15,31.1,175,130
516,7,A3-015-3229,2920,A3,A,Ciclo Completo,Semitecnificado ,clinico,5desarrollo,TRES,37.81,NEG,pos_clin,1,2,28.24,POS,pos_clin,1,0,1,0,0,0,0,0,0,0,0,1,0,1,0,0,0,0,1,1,0,0,0,0,0,0,1,0,0,0,0,0,0,1,0,0,0,0,1,350,1373,240,230,45,100,90,2.42,4,5,6,2.5,17.4,14.8,6.5,2.8,28,1.2,13.1,8,15,31.1,175,130
517,7,A3-015-3229,2920,A3,A,Ciclo Completo,Semitecnificado ,clinico,5desarrollo,TRES,34.13,POS,pos_clin,1,3,33.34,POS,pos_clin,1,0,1,0,0,0,0,0,0,0,0,1,0,1,0,0,0,0,1,1,0,0,0,0,0,0,1,0,0,0,0,0,0,1,0,0,0,0,1,350,1373,240,230,45,100,90,2.42,4,5,6,2.5,17.4,14.8,6.5,2.8,28,1.2,13.1,8,15,31.1,175,130
518,8,A3-015-3360,2922,A3,A,Ciclo Completo,Semitecnificado ,clinico,4crecimiento,TRES,37.61,NEG,pos_clin,1,2,37.31,NEG,pos_clin,1,0,1,0,0,0,0,0,0,0,0,1,0,1,0,0,0,0,1,1,0,0,0,0,0,0,1,0,0,0,0,0,0,1,0,0,1,0,1,300,,240,230,45,100,95,2.42,4,5,6,2.5,18.7,15.8,3.4,1.6,28,1.2,13.5,8,13,31.1,175,120
519,8,A3-015-3360,2922,A3,A,Ciclo Completo,Semitecnificado ,clinico,4crecimiento,TRES,0,NEG,pos_clin,1,1,37.6,NEG,pos_clin,1,0,1,0,0,0,0,0,0,0,0,1,0,1,0,0,0,0,1,1,0,0,0,0,0,0,1,0,0,0,0,0,0,1,0,0,1,0,1,300,,240,230,45,100,95,2.42,4,5,6,2.5,18.7,15.8,3.4,1.6,28,1.2,13.5,8,13,31.1,175,120
520,8,A3-015-3360,2922,A3,A,Ciclo Completo,Semitecnificado ,clinico,5desarrollo,TRES,0,NEG,pos_clin,1,1,0,NEG,pos_clin,1,0,1,0,0,0,0,0,0,0,0,1,0,1,0,0,0,0,1,1,0,0,0,0,0,0,1,0,0,0,0,0,0,1,0,0,1,0,1,300,,240,230,45,100,95,2.42,4,5,6,2.5,18.7,15.8,3.4,1.6,28,1.2,13.5,8,13,31.1,175,120
521,8,A3-015-3360,2922,A3,A,Ciclo Completo,Semitecnificado ,clinico,5desarrollo,TRES,38.68,NEG,pos_clin,1,2,38.39,NEG,pos_clin,1,0,1,0,0,0,0,0,0,0,0,1,0,1,0,0,0,0,1,1,0,0,0,0,0,0,1,0,0,0,0,0,0,1,0,0,1,0,1,300,,240,230,45,100,95,2.42,4,5,6,2.5,18.7,15.8,3.4,1.6,28,1.2,13.5,8,13,31.1,175,120
522,9,A3-054-0249,2342,A3,A,Ciclo Completo,Semitecnificado ,clinico,4crecimiento,TRES,34.13,POS,pos_clin,1,3,35.73,NEG,pos_clin,1,1,1,0,0,0,0,0,1,0,0,0,0,1,1,0,0,1,1,1,0,1,1,0,0,0,1,0,0,1,0,0,0,0,0,0,0,1,0,279,758,217,160,22,100,74.89,2.24,9.22,1.22,7,2,13.64,11.16,1.82,0.65,18.79,1.24,8.38,5.95,2.76,18.82,183.17,117.08
523,9,A3-054-0249,2342,A3,A,Ciclo Completo,Semitecnificado ,clinico,4crecimiento,TRES,0,NEG,pos_clin,1,1,35.12,NEG,pos_clin,1,1,1,0,0,0,0,0,1,0,0,0,0,1,1,0,0,1,1,1,0,1,1,0,0,0,1,0,0,1,0,0,0,0,0,0,0,1,0,279,758,217,160,22,100,74.89,2.24,9.22,1.22,7,2,13.64,11.16,1.82,0.65,18.79,1.24,8.38,5.95,2.76,18.82,183.17,117.08
524,9,A3-054-0249,2342,A3,A,Ciclo Completo,Semitecnificado ,clinico,5desarrollo,TRES,0,NEG,pos_clin,1,1,37.85,NEG,pos_clin,1,1,1,0,0,0,0,0,1,0,0,0,0,1,1,0,0,1,1,1,0,1,1,0,0,0,1,0,0,1,0,0,0,0,0,0,0,1,0,279,758,217,160,22,100,74.89,2.24,9.22,1.22,7,2,13.64,11.16,1.82,0.65,18.79,1.24,8.38,5.95,2.76,18.82,183.17,117.08
525,11,A3-110-0329,2469,A3,A,Ciclo Completo,Semitecnificado ,clinico,3destete,DOS,0,NEG,pos_clin,1,1,30.31,POS,pos_clin,1,0,0,0,0,0,0,0,0,0,0,0,0,1,0,0,0,1,1,0,0,1,0,0,0,0,1,1,,,0,,0,0,0,0,1,0,0,80,349,270.9,135,30,5,77,2.3,7,,8,4.5,13,11.12,1,1,28,0.75,,9,5,25,,130
526,11,A3-110-0329,2469,A3,A,Ciclo Completo,Semitecnificado ,clinico,3destete,DOS,0,NEG,pos_clin,1,1,28.25,POS,pos_clin,1,0,0,0,0,0,0,0,0,0,0,0,0,1,0,0,0,1,1,0,0,1,0,0,0,0,1,1,,,0,,0,0,0,0,1,0,0,80,349,270.9,135,30,5,77,2.3,7,,8,4.5,13,11.12,1,1,28,0.75,,9,5,25,,130
527,11,A3-110-0329,2469,A3,A,Ciclo Completo,Semitecnificado ,clinico,4crecimiento,TRES,0,NEG,pos_clin,1,1,26.53,POS,pos_clin,1,0,0,0,0,0,0,0,0,0,0,0,0,1,0,0,0,1,1,0,0,1,0,0,0,0,1,1,,,0,,0,0,0,0,1,0,0,80,349,270.9,135,30,5,77,2.3,7,,8,4.5,13,11.12,1,1,28,0.75,,9,5,25,,130
528,11,A3-110-0329,2469,A3,A,Ciclo Completo,Semitecnificado ,clinico,4crecimiento,TRES,0,NEG,pos_clin,1,1,29.45,POS,pos_clin,1,0,0,0,0,0,0,0,0,0,0,0,0,1,0,0,0,1,1,0,0,1,0,0,0,0,1,1,,,0,,0,0,0,0,1,0,0,80,349,270.9,135,30,5,77,2.3,7,,8,4.5,13,11.12,1,1,28,0.75,,9,5,25,,130
529,12,A3-113-0280,2091,A3,A,Ciclo Completo,Tecnificado,clinico,3destete,DOS,35.51,NEG,pos_clin,1,2,23.56,POS,pos_clin,1,1,1,0,0,0,0,1,0,0,0,0,0,0,0,0,0,1,1,1,0,1,1,0,0,0,1,1,0,0,0,0,0,0,0,0,0,0,0,874,16989,,,,,,,,,,,,,,,,,,,,,,
530,12,A3-113-0280,2091,A3,A,Ciclo Completo,Tecnificado,clinico,3destete,DOS,0,NEG,pos_clin,1,1,32.05,POS,pos_clin,1,1,1,0,0,0,0,1,0,0,0,0,0,0,0,0,0,1,1,1,0,1,1,0,0,0,1,1,0,0,0,0,0,0,0,0,0,0,0,874,16989,,,,,,,,,,,,,,,,,,,,,,
531,12,A3-113-0280,2091,A3,A,Ciclo Completo,Tecnificado,clinico,4crecimiento,TRES,0,NEG,pos_clin,1,1,0,NEG,pos_clin,1,1,1,0,0,0,0,1,0,0,0,0,0,0,0,0,0,1,1,1,0,1,1,0,0,0,1,1,0,0,0,0,0,0,0,0,0,0,0,874,16989,,,,,,,,,,,,,,,,,,,,,,
532,12,A3-113-0280,2091,A3,A,Ciclo Completo,Tecnificado,clinico,4crecimiento,TRES,38.51,NEG,pos_clin,1,2,37.92,NEG,pos_clin,1,1,1,0,0,0,0,1,0,0,0,0,0,0,0,0,0,1,1,1,0,1,1,0,0,0,1,1,0,0,0,0,0,0,0,0,0,0,0,874,16989,,,,,,,,,,,,,,,,,,,,,,
533,15,A4-029-0488,1906,A4,A,Ciclo Completo,Semitecnificado ,clinico,3destete,DOS,30.07,POS,pos_clin,1,3,38.1,NEG,pos_clin,1,0,1,0,0,0,0,1,0,0,0,1,0,1,1,0,1,0,0,1,0,0,0,0,0,0,1,1,0,1,1,0,0,0,0,0,0,0,0,100,1306,220,140,15,100,70,2.24,17,14.8,8,3,13.2,11.6,1.4,0.2,24.3,1.4,9.7,8.1,16.4,21.7,175,107.5
534,15,A4-029-0488,1906,A4,A,Ciclo Completo,Semitecnificado ,clinico,3destete,DOS,29.46,POS,pos_clin,1,3,0,NEG,pos_clin,1,0,1,0,0,0,0,1,0,0,0,1,0,1,1,0,1,0,0,1,0,0,0,0,0,0,1,1,0,1,1,0,0,0,0,0,0,0,0,100,1306,220,140,15,100,70,2.24,17,14.8,8,3,13.2,11.6,1.4,0.2,24.3,1.4,9.7,8.1,16.4,21.7,175,107.5
535,15,A4-029-0488,1906,A4,A,Ciclo Completo,Semitecnificado ,clinico,4crecimiento,TRES,27.3,POS,pos_clin,1,3,0,NEG,pos_clin,1,0,1,0,0,0,0,1,0,0,0,1,0,1,1,0,1,0,0,1,0,0,0,0,0,0,1,1,0,1,1,0,0,0,0,0,0,0,0,100,1306,220,140,15,100,70,2.24,17,14.8,8,3,13.2,11.6,1.4,0.2,24.3,1.4,9.7,8.1,16.4,21.7,175,107.5
536,15,A4-029-0488,1906,A4,A,Ciclo Completo,Semitecnificado ,clinico,4crecimiento,TRES,0,NEG,pos_clin,1,1,0,NEG,pos_clin,1,0,1,0,0,0,0,1,0,0,0,1,0,1,1,0,1,0,0,1,0,0,0,0,0,0,1,1,0,1,1,0,0,0,0,0,0,0,0,100,1306,220,140,15,100,70,2.24,17,14.8,8,3,13.2,11.6,1.4,0.2,24.3,1.4,9.7,8.1,16.4,21.7,175,107.5
537,18,A4-036-0554,2347,A4,A,Ciclo Completo,Semitecnificado ,clinico,3destete,DOS,28.34,POS,pos_clin,1,3,35.14,NEG,pos_clin,1,0,1,0,0,0,0,0,,0,0,1,0,1,0,0,0,0,1,1,0,1,0,0,0,0,0,1,0,0,1,0,0,1,0,0,0,0,1,390,3967,210.27,145,17.39,100,75.98,1.91,48.54,3.29,6,,13.2,11.53,6.79,5.28,26.44,1.3,10,7.5,13.55,19.09,174.97,112.33
538,18,A4-036-0554,2347,A4,A,Ciclo Completo,Semitecnificado ,clinico,3destete,DOS,29.33,POS,pos_clin,1,3,36.77,NEG,pos_clin,1,0,1,0,0,0,0,0,,0,0,1,0,1,0,0,0,0,1,1,0,1,0,0,0,0,0,1,0,0,1,0,0,1,0,0,0,0,1,390,3967,210.27,145,17.39,100,75.98,1.91,48.54,3.29,6,,13.2,11.53,6.79,5.28,26.44,1.3,10,7.5,13.55,19.09,174.97,112.33
539,29,A4-119-0844,2490,A4,A,Sitio 1,Semitecnificado ,clinico,3destete,DOS,24.78,POS,pos_clin,1,3,37.58,NEG,neg,0,0,1,0,0,0,0,1,0,0,0,0,0,0,0,0,0,1,1,1,0,0,0,0,0,0,1,1,0,1,0,0,0,0,0,1,1,0,1,400,1327,252,155,13.5,5,90,2.4,6,1.5,6.5,2,12.3,11.5,6,2,21,1.3,10.3,6,10,24,,115
540,29,A4-119-0844,2490,A4,A,Sitio 1,Semitecnificado ,clinico,3destete,DOS,20.82,POS,pos_clin,1,3,37.39,NEG,neg,0,0,1,0,0,0,0,1,0,0,0,0,0,0,0,0,0,1,1,1,0,0,0,0,0,0,1,1,0,1,0,0,0,0,0,1,1,0,1,400,1327,252,155,13.5,5,90,2.4,6,1.5,6.5,2,12.3,11.5,6,2,21,1.3,10.3,6,10,24,,115
541,31,A5-004-0851,3007,A5,A,Ciclo Completo,Semitecnificado ,clinico,3destete,DOS,35.75,NEG,pos_clin,1,2,26.22,POS,pos_clin,1,1,1,0,0,0,1,1,0,0,0,0,0,1,0,0,0,1,1,1,1,1,1,0,1,0,1,1,0,0,,0,0,0,0,1,0,0,0,42,271,240.8,140,2,80,78,2,6,2,7,3,14,11,2,1,28,1.6,8,7.5,3,16,155,98
542,31,A5-004-0851,3007,A5,A,Ciclo Completo,Semitecnificado ,clinico,4crecimiento,TRES,39.09,NEG,pos_clin,1,2,34.27,POS,pos_clin,1,1,1,0,0,0,1,1,0,0,0,0,0,1,0,0,0,1,1,1,1,1,1,0,1,0,1,1,0,0,,0,0,0,0,1,0,0,0,42,271,240.8,140,2,80,78,2,6,2,7,3,14,11,2,1,28,1.6,8,7.5,3,16,155,98
543,34,A5-121-1045,2917,A5,A,Ciclo Completo,Semitecnificado ,clinico,5desarrollo,TRES,35.84,NEG,pos_clin,1,2,29.82,POS,pos_clin,1,,0,0,0,0,1,1,1,0,0,0,0,0,1,0,0,1,1,0,0,0,0,0,0,0,1,1,0,1,1,0,0,1,0,0,0,0,0,480,3156,210,130,40,100,80,2.2,6.5,2.4,8,4,11.02,9.32,1.48,0.31,26,1.3,8.6,7.4,6.6,18.28,190,115
544,34,A5-121-1045,2917,A5,A,Ciclo Completo,Semitecnificado ,clinico,5desarrollo,TRES,0,NEG,pos_clin,1,1,33.23,POS,pos_clin,1,,0,0,0,0,1,1,1,0,0,0,0,0,1,0,0,1,1,0,0,0,0,0,0,0,1,1,0,1,1,0,0,1,0,0,0,0,0,480,3156,210,130,40,100,80,2.2,6.5,2.4,8,4,11.02,9.32,1.48,0.31,26,1.3,8.6,7.4,6.6,18.28,190,115
545,34,A5-121-1045,2917,A5,A,Ciclo Completo,Semitecnificado ,clinico,4crecimiento,TRES,34.22,POS,pos_clin,1,3,33.2,POS,pos_clin,1,,0,0,0,0,1,1,1,0,0,0,0,0,1,0,0,1,1,0,0,0,0,0,0,0,1,1,0,1,1,0,0,1,0,0,0,0,0,480,3156,210,130,40,100,80,2.2,6.5,2.4,8,4,11.02,9.32,1.48,0.31,26,1.3,8.6,7.4,6.6,18.28,190,115
546,37,B1-046-1136,2140,B1,B1,Ciclo Completo,Semitecnificado ,clinico,3destete,DOS,39.63,NEG,pos_clin,1,2,37.12,NEG,neg,0,1,1,0,0,0,0,1,0,1,0,0,0,1,1,0,0,0,0,1,0,1,0,0,0,0,1,1,0,0,1,0,0,0,0,0,0,0,0,180,1131,240.8,150,40,91.91,48.55,,5,4,8,3,11.81,11.65,0.64,0.21,22,1.35,9,5.99,22.5,22.5,184,105
547,37,B1-046-1136,2140,B1,B1,Ciclo Completo,Semitecnificado ,clinico,3destete,DOS,36.12,NEG,pos_clin,1,2,37.57,NEG,neg,0,1,1,0,0,0,0,1,0,1,0,0,0,1,1,0,0,0,0,1,0,1,0,0,0,0,1,1,0,0,1,0,0,0,0,0,0,0,0,180,1131,240.8,150,40,91.91,48.55,,5,4,8,3,11.81,11.65,0.64,0.21,22,1.35,9,5.99,22.5,22.5,184,105
548,37,B1-046-1136,2140,B1,B1,Ciclo Completo,Semitecnificado ,clinico,4crecimiento,TRES,39.01,NEG,pos_clin,1,2,36.41,NEG,neg,0,1,1,0,0,0,0,1,0,1,0,0,0,1,1,0,0,0,0,1,0,1,0,0,0,0,1,1,0,0,1,0,0,0,0,0,0,0,0,180,1131,240.8,150,40,91.91,48.55,,5,4,8,3,11.81,11.65,0.64,0.21,22,1.35,9,5.99,22.5,22.5,184,105
549,37,B1-046-1136,2140,B1,B1,Ciclo Completo,Semitecnificado ,clinico,4crecimiento,TRES,0,NEG,pos_clin,1,1,40.37,NEG,neg,0,1,1,0,0,0,0,1,0,1,0,0,0,1,1,0,0,0,0,1,0,1,0,0,0,0,1,1,0,0,1,0,0,0,0,0,0,0,0,180,1131,240.8,150,40,91.91,48.55,,5,4,8,3,11.81,11.65,0.64,0.21,22,1.35,9,5.99,22.5,22.5,184,105
550,39,B1-046-1198,2141,B1,B1,Ciclo Completo,Semitecnificado ,clinico,3destete,DOS,0,NEG,pos_clin,1,1,35.81,NEG,pos_clin,1,1,1,0,0,0,0,1,1,1,0,0,0,1,0,0,0,1,1,1,0,1,0,0,0,0,1,1,0,0,1,0,0,0,0,0,1,0,1,58,287,210.7,135,40,0,78.55,2.4,6.75,3,7,2,12.19,8.53,3.66,1.5,27.25,1.3,8,6.85,31.06,19.2,154,110
551,39,B1-046-1198,2141,B1,B1,Ciclo Completo,Semitecnificado ,clinico,3destete,DOS,34.84,POS,pos_clin,1,3,35.79,NEG,pos_clin,1,1,1,0,0,0,0,1,1,1,0,0,0,1,0,0,0,1,1,1,0,1,0,0,0,0,1,1,0,0,1,0,0,0,0,0,1,0,1,58,287,210.7,135,40,0,78.55,2.4,6.75,3,7,2,12.19,8.53,3.66,1.5,27.25,1.3,8,6.85,31.06,19.2,154,110
552,39,B1-046-1198,2141,B1,B1,Ciclo Completo,Semitecnificado ,clinico,4crecimiento,TRES,0,NEG,pos_clin,1,1,33.82,POS,pos_clin,1,1,1,0,0,0,0,1,1,1,0,0,0,1,0,0,0,1,1,1,0,1,0,0,0,0,1,1,0,0,1,0,0,0,0,0,1,0,1,58,287,210.7,135,40,0,78.55,2.4,6.75,3,7,2,12.19,8.53,3.66,1.5,27.25,1.3,8,6.85,31.06,19.2,154,110
553,41,B1-053-1231,2860,B1,B1,Ciclo Completo,Semitecnificado ,clinico,3destete,DOS,0,NEG,pos_clin,1,1,29.97,POS,pos_clin,1,,1,0,0,0,0,1,0,0,0,0,0,1,0,0,0,0,1,1,0,1,1,0,0,0,1,1,0,0,1,0,0,0,0,0,0,0,1,70,753,210,130,36,100,80,2.35,12,0,8,3,12.5,11,1,0.5,28,1.45,10,7.5,10,23.5,180,110
554,41,B1-053-1231,2860,B1,B1,Ciclo Completo,Semitecnificado ,clinico,3destete,DOS,0,NEG,pos_clin,1,1,28.94,POS,pos_clin,1,,1,0,0,0,0,1,0,0,0,0,0,1,0,0,0,0,1,1,0,1,1,0,0,0,1,1,0,0,1,0,0,0,0,0,0,0,1,70,753,210,130,36,100,80,2.35,12,0,8,3,12.5,11,1,0.5,28,1.45,10,7.5,10,23.5,180,110
555,41,B1-053-1231,2860,B1,B1,Ciclo Completo,Semitecnificado ,clinico,4crecimiento,TRES,35.85,NEG,pos_clin,1,2,18.08,POS,pos_clin,1,,1,0,0,0,0,1,0,0,0,0,0,1,0,0,0,0,1,1,0,1,1,0,0,0,1,1,0,0,1,0,0,0,0,0,0,0,1,70,753,210,130,36,100,80,2.35,12,0,8,3,12.5,11,1,0.5,28,1.45,10,7.5,10,23.5,180,110
556,41,B1-053-1231,2860,B1,B1,Ciclo Completo,Semitecnificado ,clinico,4crecimiento,TRES,34.77,POS,pos_clin,1,3,30.18,POS,pos_clin,1,,1,0,0,0,0,1,0,0,0,0,0,1,0,0,0,0,1,1,0,1,1,0,0,0,1,1,0,0,1,0,0,0,0,0,0,0,1,70,753,210,130,36,100,80,2.35,12,0,8,3,12.5,11,1,0.5,28,1.45,10,7.5,10,23.5,180,110
557,42,B1-053-1246,2864,B1,B1,Ciclo Completo,Semitecnificado ,clinico,3destete,DOS,29.99,POS,pos_clin,1,3,0,NEG,pos_clin,1,1,1,0,0,0,0,1,1,1,0,0,0,1,0,0,0,1,0,0,0,1,0,0,0,0,1,1,0,0,1,0,0,0,0,0,0,0,0,467,4471,210,120,40,100,80,2.18,7,4,6,3,11.7,9.7,13.4,3.7,26,1.5,7.7,6.8,34.1,16.8,165,121
558,42,B1-053-1246,2864,B1,B1,Ciclo Completo,Semitecnificado ,clinico,3destete,DOS,32.77,POS,pos_clin,1,3,0,NEG,pos_clin,1,1,1,0,0,0,0,1,1,1,0,0,0,1,0,0,0,1,0,0,0,1,0,0,0,0,1,1,0,0,1,0,0,0,0,0,0,0,0,467,4471,210,120,40,100,80,2.18,7,4,6,3,11.7,9.7,13.4,3.7,26,1.5,7.7,6.8,34.1,16.8,165,121
559,42,B1-053-1246,2864,B1,B1,Ciclo Completo,Semitecnificado ,clinico,4crecimiento,TRES,30.98,POS,pos_clin,1,3,0,NEG,pos_clin,1,1,1,0,0,0,0,1,1,1,0,0,0,1,0,0,0,1,0,0,0,1,0,0,0,0,1,1,0,0,1,0,0,0,0,0,0,0,0,467,4471,210,120,40,100,80,2.18,7,4,6,3,11.7,9.7,13.4,3.7,26,1.5,7.7,6.8,34.1,16.8,165,121
560,42,B1-053-1246,2864,B1,B1,Ciclo Completo,Semitecnificado ,clinico,4crecimiento,TRES,30.46,POS,pos_clin,1,3,0,NEG,pos_clin,1,1,1,0,0,0,0,1,1,1,0,0,0,1,0,0,0,1,0,0,0,1,0,0,0,0,1,1,0,0,1,0,0,0,0,0,0,0,0,467,4471,210,120,40,100,80,2.18,7,4,6,3,11.7,9.7,13.4,3.7,26,1.5,7.7,6.8,34.1,16.8,165,121
561,50,B2-016-1638,2517,B2,B2,Ciclo Completo,Semitecnificado ,clinico,4crecimiento,TRES,38.62,NEG,pos_clin,1,2,0,NEG,neg,0,1,1,0,0,0,0,1,0,1,0,1,0,1,1,0,0,1,1,0,0,0,0,0,1,1,1,0,0,1,1,1,0,1,0,0,1,0,1,190,646,180.6,107.5,8.2,95,97,2.35,7.8,2,7,6,10,8,2,2,28,1.7,7.5,8.5,19,17.61,168,110
562,50,B2-016-1638,2517,B2,B2,Ciclo Completo,Semitecnificado ,clinico,5desarrollo,TRES,0,NEG,pos_clin,1,1,0,NEG,neg,0,1,1,0,0,0,0,1,0,1,0,1,0,1,1,0,0,1,1,0,0,0,0,0,1,1,1,0,0,1,1,1,0,1,0,0,1,0,1,190,646,180.6,107.5,8.2,95,97,2.35,7.8,2,7,6,10,8,2,2,28,1.7,7.5,8.5,19,17.61,168,110
563,68,B3-047-2321,2348,B3,B3,Ciclo Completo,Semitecnificado ,clinico,4crecimiento,TRES,32.29,POS,pos_clin,1,3,34.86,POS,pos_clin,1,1,1,0,0,0,0,1,0,0,0,0,0,1,0,0,1,1,1,1,1,1,0,0,,0,1,1,1,0,1,0,0,1,0,0,1,0,1,70,1207,210,137,,95,80,1.96,13,5,7,3,13,11.35,9.29,8.75,21,1.45,8.6,6.75,14,16.85,140,
564,68,B3-047-2321,2348,B3,B3,Ciclo Completo,Semitecnificado ,clinico,5desarrollo,TRES,35.23,NEG,pos_clin,1,2,0,NEG,pos_clin,1,1,1,0,0,0,0,1,0,0,0,0,0,1,0,0,1,1,1,1,1,1,0,0,,0,1,1,1,0,1,0,0,1,0,0,1,0,1,70,1207,210,137,,95,80,1.96,13,5,7,3,13,11.35,9.29,8.75,21,1.45,8.6,6.75,14,16.85,140,
565,71,B3-066-2460,2139,B3,B3,Ciclo Completo,Semitecnificado ,clinico,4crecimiento,TRES,34.74,POS,pos_clin,1,3,0,NEG,neg,0,1,0,0,0,1,1,1,1,1,0,1,0,1,1,0,0,1,1,1,0,1,0,0,0,0,1,1,1,1,,0,0,0,0,0,1,0,1,126,945,180.6,170,22,100,,,13,,7,8,,,,,28.7,1.3,,7.4,35,,,125
566,71,B3-066-2460,2139,B3,B3,Ciclo Completo,Semitecnificado ,clinico,5desarrollo,TRES,38.37,NEG,pos_clin,1,2,38.08,NEG,neg,0,1,0,0,0,1,1,1,1,1,0,1,0,1,1,0,0,1,1,1,0,1,0,0,0,0,1,1,1,1,,0,0,0,0,0,1,0,1,126,945,180.6,170,22,100,,,13,,7,8,,,,,28.7,1.3,,7.4,35,,,125
567,72,B3-074-2549,1922,B3,B3,Ciclo Completo,Semitecnificado ,clinico,3destete,DOS,36.12,NEG,pos_clin,1,2,0,NEG,neg,0,1,0,0,0,0,0,1,0,0,0,0,0,1,0,0,0,1,1,0,0,1,0,0,0,0,1,1,0,1,0,1,0,0,0,0,0,0,0,32,401,213,135,44,24,75,2.5,22,0,5,3,12.3,11.1,0.7,0.5,27.3,1.3,9.5,8,0,24,178,115
568,72,B3-074-2549,1922,B3,B3,Ciclo Completo,Semitecnificado ,clinico,3destete,DOS,38.73,NEG,pos_clin,1,2,39.76,NEG,neg,0,1,0,0,0,0,0,1,0,0,0,0,0,1,0,0,0,1,1,0,0,1,0,0,0,0,1,1,0,1,0,1,0,0,0,0,0,0,0,32,401,213,135,44,24,75,2.5,22,0,5,3,12.3,11.1,0.7,0.5,27.3,1.3,9.5,8,0,24,178,115
569,72,B3-074-2549,1922,B3,B3,Ciclo Completo,Semitecnificado ,clinico,4crecimiento,TRES,35.2,NEG,pos_clin,1,2,0,NEG,neg,0,1,0,0,0,0,0,1,0,0,0,0,0,1,0,0,0,1,1,0,0,1,0,0,0,0,1,1,0,1,0,1,0,0,0,0,0,0,0,32,401,213,135,44,24,75,2.5,22,0,5,3,12.3,11.1,0.7,0.5,27.3,1.3,9.5,8,0,24,178,115
570,72,B3-074-2549,1922,B3,B3,Ciclo Completo,Semitecnificado ,clinico,4crecimiento,TRES,0,NEG,pos_clin,1,1,0,NEG,neg,0,1,0,0,0,0,0,1,0,0,0,0,0,1,0,0,0,1,1,0,0,1,0,0,0,0,1,1,0,1,0,1,0,0,0,0,0,0,0,32,401,213,135,44,24,75,2.5,22,0,5,3,12.3,11.1,0.7,0.5,27.3,1.3,9.5,8,0,24,178,115
571,75,B3-120-2729,2645,B3,B3,Ciclo Completo,Tecnificado,clinico,3destete,DOS,0,NEG,pos_clin,1,1,0,NEG,pos_clin,1,0,1,0,0,0,0,0,0,0,0,0,0,1,0,0,0,0,1,1,0,1,0,0,0,1,1,1,0,0,0,0,0,0,0,0,0,0,0,920,4238,232,140,35,100,80,2.3,7,4,6,,12,11,1,3,28,1.4,10.3,8,3,23.69,,130
572,75,B3-120-2729,2645,B3,B3,Ciclo Completo,Tecnificado,clinico,3destete,DOS,0,NEG,pos_clin,1,1,37.21,NEG,pos_clin,1,0,1,0,0,0,0,0,0,0,0,0,0,1,0,0,0,0,1,1,0,1,0,0,0,1,1,1,0,0,0,0,0,0,0,0,0,0,0,920,4238,232,140,35,100,80,2.3,7,4,6,,12,11,1,3,28,1.4,10.3,8,3,23.69,,130
573,77,B3-120-2731,2004,B3,B3,Ciclo Completo,Semitecnificado ,clinico,4crecimiento,TRES,35.65,NEG,pos_clin,1,2,39.15,NEG,neg,0,0,,0,0,0,0,0,0,0,0,1,0,1,0,0,0,0,1,1,0,0,0,0,0,0,0,1,0,1,0,0,0,0,0,0,1,0,0,460,5016,220,140,40,,74,2.3,,9.5,7,1.5,12.8,11.3,9.5,2.2,22.1,,8.6,6.6,22,19.55,200,
574,77,B3-120-2731,2004,B3,B3,Ciclo Completo,Semitecnificado ,clinico,4crecimiento,TRES,0,NEG,pos_clin,1,1,0,NEG,neg,0,0,,0,0,0,0,0,0,0,0,1,0,1,0,0,0,0,1,1,0,0,0,0,0,0,0,1,0,1,0,0,0,0,0,0,1,0,0,460,5016,220,140,40,,74,2.3,,9.5,7,1.5,12.8,11.3,9.5,2.2,22.1,,8.6,6.6,22,19.55,200,
575,77,B3-120-2731,2004,B3,B3,Ciclo Completo,Semitecnificado ,clinico,5desarrollo,TRES,0,NEG,pos_clin,1,1,38.67,NEG,neg,0,0,,0,0,0,0,0,0,0,0,1,0,1,0,0,0,0,1,1,0,0,0,0,0,0,0,1,0,1,0,0,0,0,0,0,1,0,0,460,5016,220,140,40,,74,2.3,,9.5,7,1.5,12.8,11.3,9.5,2.2,22.1,,8.6,6.6,22,19.55,200,
576,77,B3-120-2731,2004,B3,B3,Ciclo Completo,Semitecnificado ,clinico,5desarrollo,TRES,34.21,POS,pos_clin,1,3,0,NEG,neg,0,0,,0,0,0,0,0,0,0,0,1,0,1,0,0,0,0,1,1,0,0,0,0,0,0,0,1,0,1,0,0,0,0,0,0,1,0,0,460,5016,220,140,40,,74,2.3,,9.5,7,1.5,12.8,11.3,9.5,2.2,22.1,,8.6,6.6,22,19.55,200,
577,78,B3-120-2734,2081,B3,B3,Ciclo Completo,Semitecnificado ,clinico,3destete,DOS,32.09,POS,pos_clin,1,3,38.99,NEG,neg,0,0,0,0,0,0,0,0,0,0,0,0,0,1,0,0,0,0,1,1,0,0,0,0,0,0,0,1,0,0,0,0,0,0,0,0,0,0,1,448,1801,301,140,,90,80,2.5,5,,7,2.5,11.25,10.7,0.55,0.42,28,1.44,9,7.4,17.91,18,180.6,115
578,78,B3-120-2734,2081,B3,B3,Ciclo Completo,Semitecnificado ,clinico,3destete,DOS,33.06,POS,pos_clin,1,3,0,NEG,neg,0,0,0,0,0,0,0,0,0,0,0,0,0,1,0,0,0,0,1,1,0,0,0,0,0,0,0,1,0,0,0,0,0,0,0,0,0,0,1,448,1801,301,140,,90,80,2.5,5,,7,2.5,11.25,10.7,0.55,0.42,28,1.44,9,7.4,17.91,18,180.6,115
579,78,B3-120-2734,2081,B3,B3,Ciclo Completo,Semitecnificado ,clinico,4crecimiento,TRES,0,NEG,pos_clin,1,1,38.12,NEG,neg,0,0,0,0,0,0,0,0,0,0,0,0,0,1,0,0,0,0,1,1,0,0,0,0,0,0,0,1,0,0,0,0,0,0,0,0,0,0,1,448,1801,301,140,,90,80,2.5,5,,7,2.5,11.25,10.7,0.55,0.42,28,1.44,9,7.4,17.91,18,180.6,115
580,78,B3-120-2734,2081,B3,B3,Ciclo Completo,Semitecnificado ,clinico,4crecimiento,TRES,34.06,POS,pos_clin,1,3,37.74,NEG,neg,0,0,0,0,0,0,0,0,0,0,0,0,0,1,0,0,0,0,1,1,0,0,0,0,0,0,0,1,0,0,0,0,0,0,0,0,0,0,1,448,1801,301,140,,90,80,2.5,5,,7,2.5,11.25,10.7,0.55,0.42,28,1.44,9,7.4,17.91,18,180.6,115
581,79,B3-120-2749,2643,B3,B3,Sitio 3,Tecnificado,clinico,4crecimiento,TRES,0,NEG,neg,0,1,33.81,POS,pos_clin,1,0,,,,0,0,0,0,0,0,0,0,1,0,0,0,1,1,1,1,1,1,0,1,0,1,1,0,0,0,0,0,0,0,0,1,0,0,,4000,,,,,,,,,,,,,,,,,,,,,180,115
582,79,B3-120-2749,2643,B3,B3,Sitio 3,Tecnificado,clinico,5desarrollo,TRES,0,NEG,neg,0,1,0,NEG,pos_clin,1,0,,,,0,0,0,0,0,0,0,0,1,0,0,0,1,1,1,1,1,1,0,1,0,1,1,0,0,0,0,0,0,0,0,1,0,0,,4000,,,,,,,,,,,,,,,,,,,,,180,115
583,15,A4-029-0488,1906,A4,A,Ciclo Completo,Semitecnificado ,sano,2lactancia,UNO,33.93,POS,pos_clin,1,3,0,NEG,pos_clin,1,0,1,0,0,0,0,1,0,0,0,1,0,1,1,0,1,0,0,1,0,0,0,0,0,0,1,1,0,1,1,0,0,0,0,0,0,0,0,100,1306,220,140,15,100,70,2.24,17,14.8,8,3,13.2,11.6,1.4,0.2,24.3,1.4,9.7,8.1,16.4,21.7,175,107.5
584,15,A4-029-0488,1906,A4,A,Ciclo Completo,Semitecnificado ,sano,2lactancia,UNO,33.73,POS,pos_clin,1,3,0,NEG,pos_clin,1,0,1,0,0,0,0,1,0,0,0,1,0,1,1,0,1,0,0,1,0,0,0,0,0,0,1,1,0,1,1,0,0,0,0,0,0,0,0,100,1306,220,140,15,100,70,2.24,17,14.8,8,3,13.2,11.6,1.4,0.2,24.3,1.4,9.7,8.1,16.4,21.7,175,107.5
585,15,A4-029-0488,1906,A4,A,Ciclo Completo,Semitecnificado ,sano,3destete,DOS,27.1,POS,pos_clin,1,3,0,NEG,pos_clin,1,0,1,0,0,0,0,1,0,0,0,1,0,1,1,0,1,0,0,1,0,0,0,0,0,0,1,1,0,1,1,0,0,0,0,0,0,0,0,100,1306,220,140,15,100,70,2.24,17,14.8,8,3,13.2,11.6,1.4,0.2,24.3,1.4,9.7,8.1,16.4,21.7,175,107.5
586,15,A4-029-0488,1906,A4,A,Ciclo Completo,Semitecnificado ,sano,3destete,DOS,24.63,POS,pos_clin,1,3,0,NEG,pos_clin,1,0,1,0,0,0,0,1,0,0,0,1,0,1,1,0,1,0,0,1,0,0,0,0,0,0,1,1,0,1,1,0,0,0,0,0,0,0,0,100,1306,220,140,15,100,70,2.24,17,14.8,8,3,13.2,11.6,1.4,0.2,24.3,1.4,9.7,8.1,16.4,21.7,175,107.5
587,15,A4-029-0488,1906,A4,A,Ciclo Completo,Semitecnificado ,sano,4crecimiento,TRES,24.31,POS,pos_clin,1,3,39.88,NEG,pos_clin,1,0,1,0,0,0,0,1,0,0,0,1,0,1,1,0,1,0,0,1,0,0,0,0,0,0,1,1,0,1,1,0,0,0,0,0,0,0,0,100,1306,220,140,15,100,70,2.24,17,14.8,8,3,13.2,11.6,1.4,0.2,24.3,1.4,9.7,8.1,16.4,21.7,175,107.5
588,15,A4-029-0488,1906,A4,A,Ciclo Completo,Semitecnificado ,sano,4crecimiento,TRES,39.03,NEG,pos_clin,1,2,38.33,NEG,pos_clin,1,0,1,0,0,0,0,1,0,0,0,1,0,1,1,0,1,0,0,1,0,0,0,0,0,0,1,1,0,1,1,0,0,0,0,0,0,0,0,100,1306,220,140,15,100,70,2.24,17,14.8,8,3,13.2,11.6,1.4,0.2,24.3,1.4,9.7,8.1,16.4,21.7,175,107.5
589,15,A4-029-0488,1906,A4,A,Ciclo Completo,Semitecnificado ,sano,5desarrollo,TRES,38.44,NEG,pos_clin,1,2,30.87,POS,pos_clin,1,0,1,0,0,0,0,1,0,0,0,1,0,1,1,0,1,0,0,1,0,0,0,0,0,0,1,1,0,1,1,0,0,0,0,0,0,0,0,100,1306,220,140,15,100,70,2.24,17,14.8,8,3,13.2,11.6,1.4,0.2,24.3,1.4,9.7,8.1,16.4,21.7,175,107.5
590,15,A4-029-0488,1906,A4,A,Ciclo Completo,Semitecnificado ,sano,5desarrollo,TRES,0,NEG,pos_clin,1,1,28.47,POS,pos_clin,1,0,1,0,0,0,0,1,0,0,0,1,0,1,1,0,1,0,0,1,0,0,0,0,0,0,1,1,0,1,1,0,0,0,0,0,0,0,0,100,1306,220,140,15,100,70,2.24,17,14.8,8,3,13.2,11.6,1.4,0.2,24.3,1.4,9.7,8.1,16.4,21.7,175,107.5
591,15,A4-029-0488,1906,A4,A,Ciclo Completo,Semitecnificado ,sano,6finalizacion,TRES,0,NEG,pos_clin,1,1,33.13,POS,pos_clin,1,0,1,0,0,0,0,1,0,0,0,1,0,1,1,0,1,0,0,1,0,0,0,0,0,0,1,1,0,1,1,0,0,0,0,0,0,0,0,100,1306,220,140,15,100,70,2.24,17,14.8,8,3,13.2,11.6,1.4,0.2,24.3,1.4,9.7,8.1,16.4,21.7,175,107.5
592,15,A4-029-0488,1906,A4,A,Ciclo Completo,Semitecnificado ,sano,6finalizacion,TRES,37.83,NEG,pos_clin,1,2,29.73,POS,pos_clin,1,0,1,0,0,0,0,1,0,0,0,1,0,1,1,0,1,0,0,1,0,0,0,0,0,0,1,1,0,1,1,0,0,0,0,0,0,0,0,100,1306,220,140,15,100,70,2.24,17,14.8,8,3,13.2,11.6,1.4,0.2,24.3,1.4,9.7,8.1,16.4,21.7,175,107.5
593,72,B3-074-2549,1922,B3,B3,Ciclo Completo,Semitecnificado ,sano,1gestacion,UNO,0,NEG,pos_clin,1,1,0,NEG,neg,0,1,0,0,0,0,0,1,0,0,0,0,0,1,0,0,0,1,1,0,0,1,0,0,0,0,1,1,0,1,0,1,0,0,0,0,0,0,0,32,401,213,135,44,24,75,2.5,22,0,5,3,12.3,11.1,0.7,0.5,27.3,1.3,9.5,8,0,24,178,115
594,72,B3-074-2549,1922,B3,B3,Ciclo Completo,Semitecnificado ,sano,1gestacion,UNO,0,NEG,pos_clin,1,1,0,NEG,neg,0,1,0,0,0,0,0,1,0,0,0,0,0,1,0,0,0,1,1,0,0,1,0,0,0,0,1,1,0,1,0,1,0,0,0,0,0,0,0,32,401,213,135,44,24,75,2.5,22,0,5,3,12.3,11.1,0.7,0.5,27.3,1.3,9.5,8,0,24,178,115
595,72,B3-074-2549,1922,B3,B3,Ciclo Completo,Semitecnificado ,sano,2lactancia,UNO,39.75,NEG,pos_clin,1,2,0,NEG,neg,0,1,0,0,0,0,0,1,0,0,0,0,0,1,0,0,0,1,1,0,0,1,0,0,0,0,1,1,0,1,0,1,0,0,0,0,0,0,0,32,401,213,135,44,24,75,2.5,22,0,5,3,12.3,11.1,0.7,0.5,27.3,1.3,9.5,8,0,24,178,115
596,72,B3-074-2549,1922,B3,B3,Ciclo Completo,Semitecnificado ,sano,2lactancia,UNO,37.17,NEG,pos_clin,1,2,38.23,NEG,neg,0,1,0,0,0,0,0,1,0,0,0,0,0,1,0,0,0,1,1,0,0,1,0,0,0,0,1,1,0,1,0,1,0,0,0,0,0,0,0,32,401,213,135,44,24,75,2.5,22,0,5,3,12.3,11.1,0.7,0.5,27.3,1.3,9.5,8,0,24,178,115
597,72,B3-074-2549,1922,B3,B3,Ciclo Completo,Semitecnificado ,sano,3destete,DOS,34.02,POS,pos_clin,1,3,37.83,NEG,neg,0,1,0,0,0,0,0,1,0,0,0,0,0,1,0,0,0,1,1,0,0,1,0,0,0,0,1,1,0,1,0,1,0,0,0,0,0,0,0,32,401,213,135,44,24,75,2.5,22,0,5,3,12.3,11.1,0.7,0.5,27.3,1.3,9.5,8,0,24,178,115
598,72,B3-074-2549,1922,B3,B3,Ciclo Completo,Semitecnificado ,sano,3destete,DOS,0,NEG,pos_clin,1,1,38.14,NEG,neg,0,1,0,0,0,0,0,1,0,0,0,0,0,1,0,0,0,1,1,0,0,1,0,0,0,0,1,1,0,1,0,1,0,0,0,0,0,0,0,32,401,213,135,44,24,75,2.5,22,0,5,3,12.3,11.1,0.7,0.5,27.3,1.3,9.5,8,0,24,178,115
599,72,B3-074-2549,1922,B3,B3,Ciclo Completo,Semitecnificado ,sano,4crecimiento,TRES,0,NEG,pos_clin,1,1,38.34,NEG,neg,0,1,0,0,0,0,0,1,0,0,0,0,0,1,0,0,0,1,1,0,0,1,0,0,0,0,1,1,0,1,0,1,0,0,0,0,0,0,0,32,401,213,135,44,24,75,2.5,22,0,5,3,12.3,11.1,0.7,0.5,27.3,1.3,9.5,8,0,24,178,115
600,72,B3-074-2549,1922,B3,B3,Ciclo Completo,Semitecnificado ,sano,4crecimiento,TRES,0,NEG,pos_clin,1,1,0,NEG,neg,0,1,0,0,0,0,0,1,0,0,0,0,0,1,0,0,0,1,1,0,0,1,0,0,0,0,1,1,0,1,0,1,0,0,0,0,0,0,0,32,401,213,135,44,24,75,2.5,22,0,5,3,12.3,11.1,0.7,0.5,27.3,1.3,9.5,8,0,24,178,115
601,72,B3-074-2549,1922,B3,B3,Ciclo Completo,Semitecnificado ,sano,5desarrollo,TRES,34.32,POS,pos_clin,1,3,0,NEG,neg,0,1,0,0,0,0,0,1,0,0,0,0,0,1,0,0,0,1,1,0,0,1,0,0,0,0,1,1,0,1,0,1,0,0,0,0,0,0,0,32,401,213,135,44,24,75,2.5,22,0,5,3,12.3,11.1,0.7,0.5,27.3,1.3,9.5,8,0,24,178,115
602,72,B3-074-2549,1922,B3,B3,Ciclo Completo,Semitecnificado ,sano,5desarrollo,TRES,39.16,NEG,pos_clin,1,2,0,NEG,neg,0,1,0,0,0,0,0,1,0,0,0,0,0,1,0,0,0,1,1,0,0,1,0,0,0,0,1,1,0,1,0,1,0,0,0,0,0,0,0,32,401,213,135,44,24,75,2.5,22,0,5,3,12.3,11.1,0.7,0.5,27.3,1.3,9.5,8,0,24,178,115
603,72,B3-074-2549,1922,B3,B3,Ciclo Completo,Semitecnificado ,sano,6finalizacion,TRES,39.44,NEG,pos_clin,1,2,0,NEG,neg,0,1,0,0,0,0,0,1,0,0,0,0,0,1,0,0,0,1,1,0,0,1,0,0,0,0,1,1,0,1,0,1,0,0,0,0,0,0,0,32,401,213,135,44,24,75,2.5,22,0,5,3,12.3,11.1,0.7,0.5,27.3,1.3,9.5,8,0,24,178,115
604,72,B3-074-2549,1922,B3,B3,Ciclo Completo,Semitecnificado ,sano,6finalizacion,TRES,38.37,NEG,pos_clin,1,2,0,NEG,neg,0,1,0,0,0,0,0,1,0,0,0,0,0,1,0,0,0,1,1,0,0,1,0,0,0,0,1,1,0,1,0,1,0,0,0,0,0,0,0,32,401,213,135,44,24,75,2.5,22,0,5,3,12.3,11.1,0.7,0.5,27.3,1.3,9.5,8,0,24,178,115
605,23,A4-045-0608,1970,A4,A,Ciclo Completo,Semitecnificado ,sano,2lactancia,UNO,0,NEG,pos,1,1,0,NEG,pos,1,0,1,0,0,0,0,1,0,0,0,0,0,0,0,0,0,1,1,1,1,1,0,0,0,0,1,1,0,0,0,1,0,0,0,0,0,0,0,220,3058,240.8,140,33,95,85,2.2,8,2,7,3,12,10,2,0,21,1.5,9,6.5,6,19.8,160,110
606,23,A4-045-0608,1970,A4,A,Ciclo Completo,Semitecnificado ,sano,2lactancia,UNO,0,NEG,pos,1,1,40.49,NEG,pos,1,0,1,0,0,0,0,1,0,0,0,0,0,0,0,0,0,1,1,1,1,1,0,0,0,0,1,1,0,0,0,1,0,0,0,0,0,0,0,220,3058,240.8,140,33,95,85,2.2,8,2,7,3,12,10,2,0,21,1.5,9,6.5,6,19.8,160,110
607,23,A4-045-0608,1970,A4,A,Ciclo Completo,Semitecnificado ,sano,3destete,DOS,0,NEG,pos,1,1,33.06,POS,pos,1,0,1,0,0,0,0,1,0,0,0,0,0,0,0,0,0,1,1,1,1,1,0,0,0,0,1,1,0,0,0,1,0,0,0,0,0,0,0,220,3058,240.8,140,33,95,85,2.2,8,2,7,3,12,10,2,0,21,1.5,9,6.5,6,19.8,160,110
608,23,A4-045-0608,1970,A4,A,Ciclo Completo,Semitecnificado ,sano,3destete,DOS,25.11,POS,pos,1,3,0,NEG,pos,1,0,1,0,0,0,0,1,0,0,0,0,0,0,0,0,0,1,1,1,1,1,0,0,0,0,1,1,0,0,0,1,0,0,0,0,0,0,0,220,3058,240.8,140,33,95,85,2.2,8,2,7,3,12,10,2,0,21,1.5,9,6.5,6,19.8,160,110
609,23,A4-045-0608,1970,A4,A,Ciclo Completo,Semitecnificado ,sano,4crecimiento,TRES,37.73,NEG,pos,1,2,37.38,NEG,pos,1,0,1,0,0,0,0,1,0,0,0,0,0,0,0,0,0,1,1,1,1,1,0,0,0,0,1,1,0,0,0,1,0,0,0,0,0,0,0,220,3058,240.8,140,33,95,85,2.2,8,2,7,3,12,10,2,0,21,1.5,9,6.5,6,19.8,160,110
610,23,A4-045-0608,1970,A4,A,Ciclo Completo,Semitecnificado ,sano,4crecimiento,TRES,33.05,POS,pos,1,3,0,NEG,pos,1,0,1,0,0,0,0,1,0,0,0,0,0,0,0,0,0,1,1,1,1,1,0,0,0,0,1,1,0,0,0,1,0,0,0,0,0,0,0,220,3058,240.8,140,33,95,85,2.2,8,2,7,3,12,10,2,0,21,1.5,9,6.5,6,19.8,160,110
611,23,A4-045-0608,1970,A4,A,Ciclo Completo,Semitecnificado ,sano,5desarrollo,TRES,39.78,NEG,pos,1,2,36.1,NEG,pos,1,0,1,0,0,0,0,1,0,0,0,0,0,0,0,0,0,1,1,1,1,1,0,0,0,0,1,1,0,0,0,1,0,0,0,0,0,0,0,220,3058,240.8,140,33,95,85,2.2,8,2,7,3,12,10,2,0,21,1.5,9,6.5,6,19.8,160,110
612,23,A4-045-0608,1970,A4,A,Ciclo Completo,Semitecnificado ,sano,5desarrollo,TRES,39.69,NEG,pos,1,2,35.38,NEG,pos,1,0,1,0,0,0,0,1,0,0,0,0,0,0,0,0,0,1,1,1,1,1,0,0,0,0,1,1,0,0,0,1,0,0,0,0,0,0,0,220,3058,240.8,140,33,95,85,2.2,8,2,7,3,12,10,2,0,21,1.5,9,6.5,6,19.8,160,110
613,23,A4-045-0608,1970,A4,A,Ciclo Completo,Semitecnificado ,sano,6finalizacion,TRES,31.81,POS,pos,1,3,0,NEG,pos,1,0,1,0,0,0,0,1,0,0,0,0,0,0,0,0,0,1,1,1,1,1,0,0,0,0,1,1,0,0,0,1,0,0,0,0,0,0,0,220,3058,240.8,140,33,95,85,2.2,8,2,7,3,12,10,2,0,21,1.5,9,6.5,6,19.8,160,110
614,23,A4-045-0608,1970,A4,A,Ciclo Completo,Semitecnificado ,sano,6finalizacion,TRES,38.11,NEG,pos,1,2,0,NEG,pos,1,0,1,0,0,0,0,1,0,0,0,0,0,0,0,0,0,1,1,1,1,1,0,0,0,0,1,1,0,0,0,1,0,0,0,0,0,0,0,220,3058,240.8,140,33,95,85,2.2,8,2,7,3,12,10,2,0,21,1.5,9,6.5,6,19.8,160,110
615,77,B3-120-2731,2004,B3,B3,Ciclo Completo,Semitecnificado ,sano,1gestacion,UNO,39.12,NEG,pos_clin,1,2,0,NEG,neg,0,0,,0,0,0,0,0,0,0,0,1,0,1,0,0,0,0,1,1,0,0,0,0,0,0,0,1,0,1,0,0,0,0,0,0,1,0,0,460,5016,220,140,40,,74,2.3,,9.5,7,1.5,12.8,11.3,9.5,2.2,22.1,,8.6,6.6,22,19.55,200,
616,77,B3-120-2731,2004,B3,B3,Ciclo Completo,Semitecnificado ,sano,1gestacion,UNO,38.15,NEG,pos_clin,1,2,0,NEG,neg,0,0,,0,0,0,0,0,0,0,0,1,0,1,0,0,0,0,1,1,0,0,0,0,0,0,0,1,0,1,0,0,0,0,0,0,1,0,0,460,5016,220,140,40,,74,2.3,,9.5,7,1.5,12.8,11.3,9.5,2.2,22.1,,8.6,6.6,22,19.55,200,
617,77,B3-120-2731,2004,B3,B3,Ciclo Completo,Semitecnificado ,sano,2lactancia,UNO,0,NEG,pos_clin,1,1,0,NEG,neg,0,0,,0,0,0,0,0,0,0,0,1,0,1,0,0,0,0,1,1,0,0,0,0,0,0,0,1,0,1,0,0,0,0,0,0,1,0,0,460,5016,220,140,40,,74,2.3,,9.5,7,1.5,12.8,11.3,9.5,2.2,22.1,,8.6,6.6,22,19.55,200,
618,17,A4-029-0519,2037,A4,A,Ciclo Completo,Tecnificado,sano,6finalizacion,TRES,39.68,NEG,pos,1,2,0,NEG,neg,0,0,1,0,0,0,0,1,0,1,0,1,0,0,1,0,0,0,0,0,0,1,0,0,0,0,1,0,0,1,,1,0,0,0,0,0,0,0,899,12173,242.5,152.5,66,100,85.1,2.31,16,5,2.4,2,16.8,14.5,1.7,0.6,26.7,1.3,11.9,6.9,17.9,27.6,182,120
619,17,A4-029-0519,2037,A4,A,Ciclo Completo,Tecnificado,sano,6finalizacion,TRES,38.07,NEG,pos,1,2,0,NEG,neg,0,0,1,0,0,0,0,1,0,1,0,1,0,0,1,0,0,0,0,0,0,1,0,0,0,0,1,0,0,1,,1,0,0,0,0,0,0,0,899,12173,242.5,152.5,66,100,85.1,2.31,16,5,2.4,2,16.8,14.5,1.7,0.6,26.7,1.3,11.9,6.9,17.9,27.6,182,120
620,78,B3-120-2734,2081,B3,B3,Ciclo Completo,Semitecnificado ,sano,1gestacion,UNO,0,NEG,pos_clin,1,1,0,NEG,neg,0,0,0,0,0,0,0,0,0,0,0,0,0,1,0,0,0,0,1,1,0,0,0,0,0,0,0,1,0,0,0,0,0,0,0,0,0,0,1,448,1801,301,140,,90,80,2.5,5,,7,2.5,11.25,10.7,0.55,0.42,28,1.44,9,7.4,17.91,18,180.6,115
621,78,B3-120-2734,2081,B3,B3,Ciclo Completo,Semitecnificado ,sano,1gestacion,UNO,37.24,NEG,pos_clin,1,2,39.01,NEG,neg,0,0,0,0,0,0,0,0,0,0,0,0,0,1,0,0,0,0,1,1,0,0,0,0,0,0,0,1,0,0,0,0,0,0,0,0,0,0,1,448,1801,301,140,,90,80,2.5,5,,7,2.5,11.25,10.7,0.55,0.42,28,1.44,9,7.4,17.91,18,180.6,115
622,78,B3-120-2734,2081,B3,B3,Ciclo Completo,Semitecnificado ,sano,2lactancia,UNO,31.79,POS,pos_clin,1,3,0,NEG,neg,0,0,0,0,0,0,0,0,0,0,0,0,0,1,0,0,0,0,1,1,0,0,0,0,0,0,0,1,0,0,0,0,0,0,0,0,0,0,1,448,1801,301,140,,90,80,2.5,5,,7,2.5,11.25,10.7,0.55,0.42,28,1.44,9,7.4,17.91,18,180.6,115
623,78,B3-120-2734,2081,B3,B3,Ciclo Completo,Semitecnificado ,sano,2lactancia,UNO,26.86,POS,pos_clin,1,3,0,NEG,neg,0,0,0,0,0,0,0,0,0,0,0,0,0,1,0,0,0,0,1,1,0,0,0,0,0,0,0,1,0,0,0,0,0,0,0,0,0,0,1,448,1801,301,140,,90,80,2.5,5,,7,2.5,11.25,10.7,0.55,0.42,28,1.44,9,7.4,17.91,18,180.6,115
624,63,B3-018-2411,2138,B3,B3,Ciclo Completo,Semitecnificado ,sano,3destete,DOS,33.14,POS,pos,1,3,0,NEG,pos,1,0,1,0,0,0,0,1,0,0,0,0,0,1,1,0,0,1,1,1,0,1,0,0,0,0,1,1,1,0,1,0,0,1,0,0,0,0,1,600,4605,231,140,6,8.9,52,,6.9,1,7,2,,,,0.5,25,1.58,,6,27,,189,110
625,63,B3-018-2411,2138,B3,B3,Ciclo Completo,Semitecnificado ,sano,3destete,DOS,33.07,POS,pos,1,3,0,NEG,pos,1,0,1,0,0,0,0,1,0,0,0,0,0,1,1,0,0,1,1,1,0,1,0,0,0,0,1,1,1,0,1,0,0,1,0,0,0,0,1,600,4605,231,140,6,8.9,52,,6.9,1,7,2,,,,0.5,25,1.58,,6,27,,189,110
626,63,B3-018-2411,2138,B3,B3,Ciclo Completo,Semitecnificado ,sano,6finalizacion,TRES,33.33,POS,pos,1,3,40.38,NEG,pos,1,0,1,0,0,0,0,1,0,0,0,0,0,1,1,0,0,1,1,1,0,1,0,0,0,0,1,1,1,0,1,0,0,1,0,0,0,0,1,600,4605,231,140,6,8.9,52,,6.9,1,7,2,,,,0.5,25,1.58,,6,27,,189,110
627,63,B3-018-2411,2138,B3,B3,Ciclo Completo,Semitecnificado ,sano,6finalizacion,TRES,34.83,POS,pos,1,3,0,NEG,pos,1,0,1,0,0,0,0,1,0,0,0,0,0,1,1,0,0,1,1,1,0,1,0,0,0,0,1,1,1,0,1,0,0,1,0,0,0,0,1,600,4605,231,140,6,8.9,52,,6.9,1,7,2,,,,0.5,25,1.58,,6,27,,189,110
628,37,B1-046-1136,2140,B1,B1,Ciclo Completo,Semitecnificado ,sano,4crecimiento,TRES,0,NEG,pos_clin,1,1,0,NEG,neg,0,1,1,0,0,0,0,1,0,1,0,0,0,1,1,0,0,0,0,1,0,1,0,0,0,0,1,1,0,0,1,0,0,0,0,0,0,0,0,180,1131,240.8,150,40,91.91,48.55,,5,4,8,3,11.81,11.65,0.64,0.21,22,1.35,9,5.99,22.5,22.5,184,105
629,37,B1-046-1136,2140,B1,B1,Ciclo Completo,Semitecnificado ,sano,4crecimiento,TRES,0,NEG,pos_clin,1,1,0,NEG,neg,0,1,1,0,0,0,0,1,0,1,0,0,0,1,1,0,0,0,0,1,0,1,0,0,0,0,1,1,0,0,1,0,0,0,0,0,0,0,0,180,1131,240.8,150,40,91.91,48.55,,5,4,8,3,11.81,11.65,0.64,0.21,22,1.35,9,5.99,22.5,22.5,184,105
630,21,A4-036-0564,2144,A4,A,Ciclo Completo,Semitecnificado ,sano,2lactancia,UNO,37.3,NEG,pos,1,2,0,NEG,pos,1,1,1,0,0,0,0,0,,0,0,1,0,,0,0,0,0,1,0,0,1,1,0,0,0,0,1,0,0,0,1,0,0,0,0,0,0,1,132,1179,263,145,58.3,100,65,2.2,5.4,1.53,4.8,2,10.9,10.4,0.4,0.2,27.3,1.5,9.2,7.3,13.2,19.1,165,110
631,21,A4-036-0564,2144,A4,A,Ciclo Completo,Semitecnificado ,sano,2lactancia,UNO,37.44,NEG,pos,1,2,0,NEG,pos,1,1,1,0,0,0,0,0,,0,0,1,0,,0,0,0,0,1,0,0,1,1,0,0,0,0,1,0,0,0,1,0,0,0,0,0,0,1,132,1179,263,145,58.3,100,65,2.2,5.4,1.53,4.8,2,10.9,10.4,0.4,0.2,27.3,1.5,9.2,7.3,13.2,19.1,165,110
632,25,A4-045-0654,2145,A4,A,Ciclo Completo,Tecnificado,sano,3destete,DOS,27.86,POS,pos,1,3,0,NEG,pos,1,1,0,0,0,0,0,1,0,1,0,1,0,1,,0,0,0,1,0,0,1,0,0,0,0,1,0,0,1,1,0,0,0,0,0,0,0,0,491,6504,243,160,70,100,78.1,2.25,17,6.5,7,2,16.6,14.1,1.8,0.6,25.8,1.3,11.7,7.3,17.02,26.3,186,121
633,25,A4-045-0654,2145,A4,A,Ciclo Completo,Tecnificado,sano,3destete,DOS,24.68,POS,pos,1,3,0,NEG,pos,1,1,0,0,0,0,0,1,0,1,0,1,0,1,,0,0,0,1,0,0,1,0,0,0,0,1,0,0,1,1,0,0,0,0,0,0,0,0,491,6504,243,160,70,100,78.1,2.25,17,6.5,7,2,16.6,14.1,1.8,0.6,25.8,1.3,11.7,7.3,17.02,26.3,186,121
634,24,A4-045-0653,2146,A4,A,Ciclo Completo,Tecnificado,sano,2lactancia,UNO,36.52,NEG,pos,1,2,0,NEG,pos,1,0,1,0,0,0,0,0,0,0,0,1,0,0,1,0,0,1,1,0,0,1,0,0,0,0,1,1,0,1,1,1,0,0,0,0,0,0,0,962,9739,250,160,50.5,100,85.2,2.8,44.3,1.9,8,2,13.7,12.5,1.02,0.17,18.8,1.3,9,5.2,28.8,21.5,168,121
635,24,A4-045-0653,2146,A4,A,Ciclo Completo,Tecnificado,sano,2lactancia,UNO,0,NEG,pos,1,1,0,NEG,pos,1,0,1,0,0,0,0,0,0,0,0,1,0,0,1,0,0,1,1,0,0,1,0,0,0,0,1,1,0,1,1,1,0,0,0,0,0,0,0,962,9739,250,160,50.5,100,85.2,2.8,44.3,1.9,8,2,13.7,12.5,1.02,0.17,18.8,1.3,9,5.2,28.8,21.5,168,121
636,65,B3-030-2200,2150,B3,B3,Ciclo Completo,Semitecnificado ,sano,1gestacion,UNO,37.74,NEG,pos,1,2,0,NEG,pos,1,1,0,0,0,0,0,1,,0,0,0,0,1,0,0,0,1,1,1,1,1,1,0,0,0,1,1,0,0,0,0,0,0,0,0,0,0,0,23,172,240.8,150,40,100,57.85,2.07,,0,6,,13.16,10.41,1.91,0.83,32.6,1.93,5.36,8.225,15.9,13.4,165,100
637,65,B3-030-2200,2150,B3,B3,Ciclo Completo,Semitecnificado ,sano,1gestacion,UNO,38.65,NEG,pos,1,2,0,NEG,pos,1,1,0,0,0,0,0,1,,0,0,0,0,1,0,0,0,1,1,1,1,1,1,0,0,0,1,1,0,0,0,0,0,0,0,0,0,0,0,23,172,240.8,150,40,100,57.85,2.07,,0,6,,13.16,10.41,1.91,0.83,32.6,1.93,5.36,8.225,15.9,13.4,165,100
638,65,B3-030-2200,2150,B3,B3,Ciclo Completo,Semitecnificado ,sano,2lactancia,UNO,0,NEG,pos,1,1,0,NEG,pos,1,1,0,0,0,0,0,1,,0,0,0,0,1,0,0,0,1,1,1,1,1,1,0,0,0,1,1,0,0,0,0,0,0,0,0,0,0,0,23,172,240.8,150,40,100,57.85,2.07,,0,6,,13.16,10.41,1.91,0.83,32.6,1.93,5.36,8.225,15.9,13.4,165,100
639,65,B3-030-2200,2150,B3,B3,Ciclo Completo,Semitecnificado ,sano,2lactancia,UNO,33.16,POS,pos,1,3,0,NEG,pos,1,1,0,0,0,0,0,1,,0,0,0,0,1,0,0,0,1,1,1,1,1,1,0,0,0,1,1,0,0,0,0,0,0,0,0,0,0,0,23,172,240.8,150,40,100,57.85,2.07,,0,6,,13.16,10.41,1.91,0.83,32.6,1.93,5.36,8.225,15.9,13.4,165,100
640,1,A2-058-0088,2238,A2,A,Ciclo Completo,Tecnificado,sano,1gestacion,UNO,0,NEG,pos,1,1,0,NEG,pos,1,0,1,0,0,0,0,0,0,0,0,,,,,0,0,0,1,1,0,1,1,1,0,,1,0,1,0,1,0,0,0,0,0,0,0,1,736,6862,,,,,,,,,,,,,,,,,,,,,,
641,1,A2-058-0088,2238,A2,A,Ciclo Completo,Tecnificado,sano,1gestacion,UNO,33.8,POS,pos,1,3,0,NEG,pos,1,0,1,0,0,0,0,0,0,0,0,,,,,0,0,0,1,1,0,1,1,1,0,,1,0,1,0,1,0,0,0,0,0,0,0,1,736,6862,,,,,,,,,,,,,,,,,,,,,,
642,1,A2-058-0088,2238,A2,A,Ciclo Completo,Tecnificado,sano,2lactancia,UNO,37.66,NEG,pos,1,2,0,NEG,pos,1,0,1,0,0,0,0,0,0,0,0,,,,,0,0,0,1,1,0,1,1,1,0,,1,0,1,0,1,0,0,0,0,0,0,0,1,736,6862,,,,,,,,,,,,,,,,,,,,,,
643,1,A2-058-0088,2238,A2,A,Ciclo Completo,Tecnificado,sano,2lactancia,UNO,33.28,POS,pos,1,3,38.27,NEG,pos,1,0,1,0,0,0,0,0,0,0,0,,,,,0,0,0,1,1,0,1,1,1,0,,1,0,1,0,1,0,0,0,0,0,0,0,1,736,6862,,,,,,,,,,,,,,,,,,,,,,
644,9,A3-054-0249,2342,A3,A,Ciclo Completo,Semitecnificado ,sano,1gestacion,UNO,0,NEG,pos_clin,1,1,38.97,NEG,pos_clin,1,1,1,0,0,0,0,0,1,0,0,0,0,1,1,0,0,1,1,1,0,1,1,0,0,0,1,0,0,1,0,0,0,0,0,0,0,1,0,279,758,217,160,22,100,74.89,2.24,9.22,1.22,7,2,13.64,11.16,1.82,0.65,18.79,1.24,8.38,5.95,2.76,18.82,183.17,117.08
645,9,A3-054-0249,2342,A3,A,Ciclo Completo,Semitecnificado ,sano,1gestacion,UNO,0,NEG,pos_clin,1,1,0,NEG,pos_clin,1,1,1,0,0,0,0,0,1,0,0,0,0,1,1,0,0,1,1,1,0,1,1,0,0,0,1,0,0,1,0,0,0,0,0,0,0,1,0,279,758,217,160,22,100,74.89,2.24,9.22,1.22,7,2,13.64,11.16,1.82,0.65,18.79,1.24,8.38,5.95,2.76,18.82,183.17,117.08
646,9,A3-054-0249,2342,A3,A,Ciclo Completo,Semitecnificado ,sano,2lactancia,UNO,34.11,POS,pos_clin,1,3,0,NEG,pos_clin,1,1,1,0,0,0,0,0,1,0,0,0,0,1,1,0,0,1,1,1,0,1,1,0,0,0,1,0,0,1,0,0,0,0,0,0,0,1,0,279,758,217,160,22,100,74.89,2.24,9.22,1.22,7,2,13.64,11.16,1.82,0.65,18.79,1.24,8.38,5.95,2.76,18.82,183.17,117.08
647,9,A3-054-0249,2342,A3,A,Ciclo Completo,Semitecnificado ,sano,2lactancia,UNO,37.24,NEG,pos_clin,1,2,0,NEG,pos_clin,1,1,1,0,0,0,0,0,1,0,0,0,0,1,1,0,0,1,1,1,0,1,1,0,0,0,1,0,0,1,0,0,0,0,0,0,0,1,0,279,758,217,160,22,100,74.89,2.24,9.22,1.22,7,2,13.64,11.16,1.82,0.65,18.79,1.24,8.38,5.95,2.76,18.82,183.17,117.08
648,64,B3-030-2198,2343,B3,B3,Ciclo Completo,Semitecnificado ,sano,2lactancia,UNO,33.72,POS,pos,1,3,0,NEG,pos,1,1,1,0,0,0,0,1,1,1,1,0,0,1,1,0,0,1,1,1,1,1,1,0,0,0,1,1,0,0,0,0,0,1,0,0,1,0,0,37,284,210.7,120,45,0,82,2.2,7,4.16,10,7,8.09,7.22,0.86,0,30,1.2,6,8.5,1.22,13.2,150,132.5
649,64,B3-030-2198,2343,B3,B3,Ciclo Completo,Semitecnificado ,sano,3destete,DOS,37.62,NEG,pos,1,2,0,NEG,pos,1,1,1,0,0,0,0,1,1,1,1,0,0,1,1,0,0,1,1,1,1,1,1,0,0,0,1,1,0,0,0,0,0,1,0,0,1,0,0,37,284,210.7,120,45,0,82,2.2,7,4.16,10,7,8.09,7.22,0.86,0,30,1.2,6,8.5,1.22,13.2,150,132.5
650,64,B3-030-2198,2343,B3,B3,Ciclo Completo,Semitecnificado ,sano,3destete,DOS,39.14,NEG,pos,1,2,0,NEG,pos,1,1,1,0,0,0,0,1,1,1,1,0,0,1,1,0,0,1,1,1,1,1,1,0,0,0,1,1,0,0,0,0,0,1,0,0,1,0,0,37,284,210.7,120,45,0,82,2.2,7,4.16,10,7,8.09,7.22,0.86,0,30,1.2,6,8.5,1.22,13.2,150,132.5
651,64,B3-030-2198,2343,B3,B3,Ciclo Completo,Semitecnificado ,sano,4crecimiento,TRES,34.01,POS,pos,1,3,30.78,POS,pos,1,1,1,0,0,0,0,1,1,1,1,0,0,1,1,0,0,1,1,1,1,1,1,0,0,0,1,1,0,0,0,0,0,1,0,0,1,0,0,37,284,210.7,120,45,0,82,2.2,7,4.16,10,7,8.09,7.22,0.86,0,30,1.2,6,8.5,1.22,13.2,150,132.5
652,64,B3-030-2198,2343,B3,B3,Ciclo Completo,Semitecnificado ,sano,4crecimiento,TRES,37.01,NEG,pos,1,2,32.39,POS,pos,1,1,1,0,0,0,0,1,1,1,1,0,0,1,1,0,0,1,1,1,1,1,1,0,0,0,1,1,0,0,0,0,0,1,0,0,1,0,0,37,284,210.7,120,45,0,82,2.2,7,4.16,10,7,8.09,7.22,0.86,0,30,1.2,6,8.5,1.22,13.2,150,132.5
653,64,B3-030-2198,2343,B3,B3,Ciclo Completo,Semitecnificado ,sano,5desarrollo,TRES,33.41,POS,pos,1,3,33.38,POS,pos,1,1,1,0,0,0,0,1,1,1,1,0,0,1,1,0,0,1,1,1,1,1,1,0,0,0,1,1,0,0,0,0,0,1,0,0,1,0,0,37,284,210.7,120,45,0,82,2.2,7,4.16,10,7,8.09,7.22,0.86,0,30,1.2,6,8.5,1.22,13.2,150,132.5
654,64,B3-030-2198,2343,B3,B3,Ciclo Completo,Semitecnificado ,sano,6finalizacion,TRES,39.1,NEG,pos,1,2,38.21,NEG,pos,1,1,1,0,0,0,0,1,1,1,1,0,0,1,1,0,0,1,1,1,1,1,1,0,0,0,1,1,0,0,0,0,0,1,0,0,1,0,0,37,284,210.7,120,45,0,82,2.2,7,4.16,10,7,8.09,7.22,0.86,0,30,1.2,6,8.5,1.22,13.2,150,132.5
655,13,A4-005-0369,2344,A4,A,Ciclo Completo,Semitecnificado ,sano,2lactancia,UNO,36.85,NEG,pos,1,2,36.71,NEG,pos,1,1,0,0,0,0,0,0,0,0,0,0,0,1,0,0,0,1,1,1,1,1,1,0,0,0,1,1,0,0,,0,0,0,0,0,1,0,1,45,409,255.85,130,,10,81.8,2.4,4,,9,4,,,,,24,1.5,,6,10.78,2.4,165,112
656,13,A4-005-0369,2344,A4,A,Ciclo Completo,Semitecnificado ,sano,2lactancia,UNO,37.47,NEG,pos,1,2,38.1,NEG,pos,1,1,0,0,0,0,0,0,0,0,0,0,0,1,0,0,0,1,1,1,1,1,1,0,0,0,1,1,0,0,,0,0,0,0,0,1,0,1,45,409,255.85,130,,10,81.8,2.4,4,,9,4,,,,,24,1.5,,6,10.78,2.4,165,112
657,13,A4-005-0369,2344,A4,A,Ciclo Completo,Semitecnificado ,sano,3destete,DOS,37.22,NEG,pos,1,2,34.08,POS,pos,1,1,0,0,0,0,0,0,0,0,0,0,0,1,0,0,0,1,1,1,1,1,1,0,0,0,1,1,0,0,,0,0,0,0,0,1,0,1,45,409,255.85,130,,10,81.8,2.4,4,,9,4,,,,,24,1.5,,6,10.78,2.4,165,112
658,13,A4-005-0369,2344,A4,A,Ciclo Completo,Semitecnificado ,sano,3destete,DOS,37.44,NEG,pos,1,2,33.09,POS,pos,1,1,0,0,0,0,0,0,0,0,0,0,0,1,0,0,0,1,1,1,1,1,1,0,0,0,1,1,0,0,,0,0,0,0,0,1,0,1,45,409,255.85,130,,10,81.8,2.4,4,,9,4,,,,,24,1.5,,6,10.78,2.4,165,112
659,13,A4-005-0369,2344,A4,A,Ciclo Completo,Semitecnificado ,sano,4crecimiento,TRES,39.16,NEG,pos,1,2,0,NEG,pos,1,1,0,0,0,0,0,0,0,0,0,0,0,1,0,0,0,1,1,1,1,1,1,0,0,0,1,1,0,0,,0,0,0,0,0,1,0,1,45,409,255.85,130,,10,81.8,2.4,4,,9,4,,,,,24,1.5,,6,10.78,2.4,165,112
660,13,A4-005-0369,2344,A4,A,Ciclo Completo,Semitecnificado ,sano,4crecimiento,TRES,32.58,POS,pos,1,3,36.58,NEG,pos,1,1,0,0,0,0,0,0,0,0,0,0,0,1,0,0,0,1,1,1,1,1,1,0,0,0,1,1,0,0,,0,0,0,0,0,1,0,1,45,409,255.85,130,,10,81.8,2.4,4,,9,4,,,,,24,1.5,,6,10.78,2.4,165,112
661,13,A4-005-0369,2344,A4,A,Ciclo Completo,Semitecnificado ,sano,5desarrollo,TRES,33.42,POS,pos,1,3,0,NEG,pos,1,1,0,0,0,0,0,0,0,0,0,0,0,1,0,0,0,1,1,1,1,1,1,0,0,0,1,1,0,0,,0,0,0,0,0,1,0,1,45,409,255.85,130,,10,81.8,2.4,4,,9,4,,,,,24,1.5,,6,10.78,2.4,165,112
662,13,A4-005-0369,2344,A4,A,Ciclo Completo,Semitecnificado ,sano,5desarrollo,TRES,34.27,POS,pos,1,3,37.75,NEG,pos,1,1,0,0,0,0,0,0,0,0,0,0,0,1,0,0,0,1,1,1,1,1,1,0,0,0,1,1,0,0,,0,0,0,0,0,1,0,1,45,409,255.85,130,,10,81.8,2.4,4,,9,4,,,,,24,1.5,,6,10.78,2.4,165,112
663,13,A4-005-0369,2344,A4,A,Ciclo Completo,Semitecnificado ,sano,6finalizacion,TRES,0,NEG,pos,1,1,37.4,NEG,pos,1,1,0,0,0,0,0,0,0,0,0,0,0,1,0,0,0,1,1,1,1,1,1,0,0,0,1,1,0,0,,0,0,0,0,0,1,0,1,45,409,255.85,130,,10,81.8,2.4,4,,9,4,,,,,24,1.5,,6,10.78,2.4,165,112
664,13,A4-005-0369,2344,A4,A,Ciclo Completo,Semitecnificado ,sano,6finalizacion,TRES,38.87,NEG,pos,1,2,0,NEG,pos,1,1,0,0,0,0,0,0,0,0,0,0,0,1,0,0,0,1,1,1,1,1,1,0,0,0,1,1,0,0,,0,0,0,0,0,1,0,1,45,409,255.85,130,,10,81.8,2.4,4,,9,4,,,,,24,1.5,,6,10.78,2.4,165,112
665,20,A4-036-0560,2346,A4,A,Ciclo Completo,Semitecnificado ,sano,2lactancia,UNO,27.54,POS,pos,1,3,38.42,NEG,pos,1,1,1,0,0,0,0,0,,0,0,1,0,1,1,0,0,0,1,1,0,1,1,0,0,0,1,1,0,0,,1,0,0,0,0,1,0,1,79,855,242,145,32.9,60,58.8,2.1,8.3,4.2,4,2,11.7,10.5,0.8,0.3,26.9,1.6,9.1,8.7,10.7,16.5,175,132
666,20,A4-036-0560,2346,A4,A,Ciclo Completo,Semitecnificado ,sano,2lactancia,UNO,38.03,NEG,pos,1,2,36.66,NEG,pos,1,1,1,0,0,0,0,0,,0,0,1,0,1,1,0,0,0,1,1,0,1,1,0,0,0,1,1,0,0,,1,0,0,0,0,1,0,1,79,855,242,145,32.9,60,58.8,2.1,8.3,4.2,4,2,11.7,10.5,0.8,0.3,26.9,1.6,9.1,8.7,10.7,16.5,175,132
667,20,A4-036-0560,2346,A4,A,Ciclo Completo,Semitecnificado ,sano,3destete,DOS,33.09,POS,pos,1,3,37.91,NEG,pos,1,1,1,0,0,0,0,0,,0,0,1,0,1,1,0,0,0,1,1,0,1,1,0,0,0,1,1,0,0,,1,0,0,0,0,1,0,1,79,855,242,145,32.9,60,58.8,2.1,8.3,4.2,4,2,11.7,10.5,0.8,0.3,26.9,1.6,9.1,8.7,10.7,16.5,175,132
668,20,A4-036-0560,2346,A4,A,Ciclo Completo,Semitecnificado ,sano,3destete,DOS,30.57,POS,pos,1,3,0,NEG,pos,1,1,1,0,0,0,0,0,,0,0,1,0,1,1,0,0,0,1,1,0,1,1,0,0,0,1,1,0,0,,1,0,0,0,0,1,0,1,79,855,242,145,32.9,60,58.8,2.1,8.3,4.2,4,2,11.7,10.5,0.8,0.3,26.9,1.6,9.1,8.7,10.7,16.5,175,132
669,68,B3-047-2321,2348,B3,B3,Ciclo Completo,Semitecnificado ,sano,2lactancia,UNO,0,NEG,pos_clin,1,1,0,NEG,pos_clin,1,1,1,0,0,0,0,1,0,0,0,0,0,1,0,0,1,1,1,1,1,1,0,0,,0,1,1,1,0,1,0,0,1,0,0,1,0,1,70,1207,210,137,,95,80,1.96,13,5,7,3,13,11.35,9.29,8.75,21,1.45,8.6,6.75,14,16.85,140,
670,68,B3-047-2321,2348,B3,B3,Ciclo Completo,Semitecnificado ,sano,2lactancia,UNO,31.99,POS,pos_clin,1,3,38.32,NEG,pos_clin,1,1,1,0,0,0,0,1,0,0,0,0,0,1,0,0,1,1,1,1,1,1,0,0,,0,1,1,1,0,1,0,0,1,0,0,1,0,1,70,1207,210,137,,95,80,1.96,13,5,7,3,13,11.35,9.29,8.75,21,1.45,8.6,6.75,14,16.85,140,
671,68,B3-047-2321,2348,B3,B3,Ciclo Completo,Semitecnificado ,sano,5desarrollo,TRES,31.39,POS,pos_clin,1,3,37.08,NEG,pos_clin,1,1,1,0,0,0,0,1,0,0,0,0,0,1,0,0,1,1,1,1,1,1,0,0,,0,1,1,1,0,1,0,0,1,0,0,1,0,1,70,1207,210,137,,95,80,1.96,13,5,7,3,13,11.35,9.29,8.75,21,1.45,8.6,6.75,14,16.85,140,
672,68,B3-047-2321,2348,B3,B3,Ciclo Completo,Semitecnificado ,sano,5desarrollo,TRES,38.24,NEG,pos_clin,1,2,0,NEG,pos_clin,1,1,1,0,0,0,0,1,0,0,0,0,0,1,0,0,1,1,1,1,1,1,0,0,,0,1,1,1,0,1,0,0,1,0,0,1,0,1,70,1207,210,137,,95,80,1.96,13,5,7,3,13,11.35,9.29,8.75,21,1.45,8.6,6.75,14,16.85,140,
673,11,A3-110-0329,2469,A3,A,Ciclo Completo,Semitecnificado ,sano,2lactancia,UNO,0,NEG,pos_clin,1,1,35.12,NEG,pos_clin,1,0,0,0,0,0,0,0,0,0,0,0,0,1,0,0,0,1,1,0,0,1,0,0,0,0,1,1,,,0,,0,0,0,0,1,0,0,80,349,270.9,135,30,5,77,2.3,7,,8,4.5,13,11.12,1,1,28,0.75,,9,5,25,,130
674,11,A3-110-0329,2469,A3,A,Ciclo Completo,Semitecnificado ,sano,2lactancia,UNO,0,NEG,pos_clin,1,1,38.24,NEG,pos_clin,1,0,0,0,0,0,0,0,0,0,0,0,0,1,0,0,0,1,1,0,0,1,0,0,0,0,1,1,,,0,,0,0,0,0,1,0,0,80,349,270.9,135,30,5,77,2.3,7,,8,4.5,13,11.12,1,1,28,0.75,,9,5,25,,130
675,29,A4-119-0844,2490,A4,A,Sitio 1,Semitecnificado ,sano,2lactancia,UNO,0,NEG,pos_clin,1,1,0,NEG,neg,0,0,1,0,0,0,0,1,0,0,0,0,0,0,0,0,0,1,1,1,0,0,0,0,0,0,1,1,0,1,0,0,0,0,0,1,1,0,1,400,1327,252,155,13.5,5,90,2.4,6,1.5,6.5,2,12.3,11.5,6,2,21,1.3,10.3,6,10,24,,115
676,29,A4-119-0844,2490,A4,A,Sitio 1,Semitecnificado ,sano,2lactancia,UNO,33.46,POS,pos_clin,1,3,0,NEG,neg,0,0,1,0,0,0,0,1,0,0,0,0,0,0,0,0,0,1,1,1,0,0,0,0,0,0,1,1,0,1,0,0,0,0,0,1,1,0,1,400,1327,252,155,13.5,5,90,2.4,6,1.5,6.5,2,12.3,11.5,6,2,21,1.3,10.3,6,10,24,,115
677,29,A4-119-0844,2490,A4,A,Sitio 1,Semitecnificado ,sano,3destete,DOS,29.25,POS,pos_clin,1,3,0,NEG,neg,0,0,1,0,0,0,0,1,0,0,0,0,0,0,0,0,0,1,1,1,0,0,0,0,0,0,1,1,0,1,0,0,0,0,0,1,1,0,1,400,1327,252,155,13.5,5,90,2.4,6,1.5,6.5,2,12.3,11.5,6,2,21,1.3,10.3,6,10,24,,115
678,29,A4-119-0844,2490,A4,A,Sitio 1,Semitecnificado ,sano,3destete,DOS,22.99,POS,pos_clin,1,3,0,NEG,neg,0,0,1,0,0,0,0,1,0,0,0,0,0,0,0,0,0,1,1,1,0,0,0,0,0,0,1,1,0,1,0,0,0,0,0,1,1,0,1,400,1327,252,155,13.5,5,90,2.4,6,1.5,6.5,2,12.3,11.5,6,2,21,1.3,10.3,6,10,24,,115
679,50,B2-016-1638,2517,B2,B2,Ciclo Completo,Semitecnificado ,sano,2lactancia,UNO,39.31,NEG,pos_clin,1,2,36.8,NEG,neg,0,1,1,0,0,0,0,1,0,1,0,1,0,1,1,0,0,1,1,0,0,0,0,0,1,1,1,0,0,1,1,1,0,1,0,0,1,0,1,190,646,180.6,107.5,8.2,95,97,2.35,7.8,2,7,6,10,8,2,2,28,1.7,7.5,8.5,19,17.61,168,110
680,50,B2-016-1638,2517,B2,B2,Ciclo Completo,Semitecnificado ,sano,2lactancia,UNO,0,NEG,pos_clin,1,1,37.52,NEG,neg,0,1,1,0,0,0,0,1,0,1,0,1,0,1,1,0,0,1,1,0,0,0,0,0,1,1,1,0,0,1,1,1,0,1,0,0,1,0,1,190,646,180.6,107.5,8.2,95,97,2.35,7.8,2,7,6,10,8,2,2,28,1.7,7.5,8.5,19,17.61,168,110
681,59,B2-105-2025,2599,B2,B2,Ciclo Completo,Tecnificado,sano,5desarrollo,TRES,0,NEG,pos,1,1,38.09,NEG,pos,1,1,1,0,0,0,0,0,0,0,0,1,0,0,0,0,0,1,0,0,0,1,0,0,0,1,0,1,0,1,1,0,0,1,1,0,1,0,0,890,7546,242,130,57,100,,2.3,38,8.5,7,4,12.7,11.2,1.19,0.3,29,1.57,8,6.5,36.5,15.2,182,110
682,59,B2-105-2025,2599,B2,B2,Ciclo Completo,Tecnificado,sano,5desarrollo,TRES,0,NEG,pos,1,1,38.26,NEG,pos,1,1,1,0,0,0,0,0,0,0,0,1,0,0,0,0,0,1,0,0,0,1,0,0,0,1,0,1,0,1,1,0,0,1,1,0,1,0,0,890,7546,242,130,57,100,,2.3,38,8.5,7,4,12.7,11.2,1.19,0.3,29,1.57,8,6.5,36.5,15.2,182,110
683,2,A2-067-0134,2612,A2,A,Ciclo Completo,Semitecnificado ,sano,1gestacion,UNO,0,NEG,pos_clin,1,1,31.17,POS,pos_clin,1,,0,0,0,0,1,1,0,0,0,0,0,1,0,0,0,1,1,1,1,1,1,0,0,0,1,0,0,1,0,0,0,0,0,0,0,0,0,266,2797,255,160,32,90,84.6,2.59,33,0.75,8,5,12.7,11.6,1,0.4,22,,10.4,,1.1,20.8,155,97.5
684,2,A2-067-0134,2612,A2,A,Ciclo Completo,Semitecnificado ,sano,1gestacion,UNO,39.21,NEG,pos_clin,1,2,0,NEG,pos_clin,1,,0,0,0,0,1,1,0,0,0,0,0,1,0,0,0,1,1,1,1,1,1,0,0,0,1,0,0,1,0,0,0,0,0,0,0,0,0,266,2797,255,160,32,90,84.6,2.59,33,0.75,8,5,12.7,11.6,1,0.4,22,,10.4,,1.1,20.8,155,97.5
685,2,A2-067-0134,2612,A2,A,Ciclo Completo,Semitecnificado ,sano,2lactancia,UNO,0,NEG,pos_clin,1,1,37.16,NEG,pos_clin,1,,0,0,0,0,1,1,0,0,0,0,0,1,0,0,0,1,1,1,1,1,1,0,0,0,1,0,0,1,0,0,0,0,0,0,0,0,0,266,2797,255,160,32,90,84.6,2.59,33,0.75,8,5,12.7,11.6,1,0.4,22,,10.4,,1.1,20.8,155,97.5
686,2,A2-067-0134,2612,A2,A,Ciclo Completo,Semitecnificado ,sano,2lactancia,UNO,0,NEG,pos_clin,1,1,38.05,NEG,pos_clin,1,,0,0,0,0,1,1,0,0,0,0,0,1,0,0,0,1,1,1,1,1,1,0,0,0,1,0,0,1,0,0,0,0,0,0,0,0,0,266,2797,255,160,32,90,84.6,2.59,33,0.75,8,5,12.7,11.6,1,0.4,22,,10.4,,1.1,20.8,155,97.5
687,75,B3-120-2729,2645,B3,B3,Ciclo Completo,Tecnificado,sano,3destete,DOS,0,NEG,pos_clin,1,1,0,NEG,pos_clin,1,0,1,0,0,0,0,0,0,0,0,0,0,1,0,0,0,0,1,1,0,1,0,0,0,1,1,1,0,0,0,0,0,0,0,0,0,0,0,920,4238,232,140,35,100,80,2.3,7,4,6,,12,11,1,3,28,1.4,10.3,8,3,23.69,,130
688,52,B2-093-1665,2792,B2,B2,Ciclo Completo,Semitecnificado ,sano,3destete,DOS,24.92,POS,pos,1,3,0,NEG,pos,1,0,1,0,0,0,0,1,0,0,0,0,0,1,0,0,0,0,0,1,1,1,0,0,0,0,0,1,0,1,,0,0,1,0,0,0,0,0,480,5142,130,130,49.7,100,81,2.15,25,7,7,2,13.5,11.1,13,4.3,23.4,1.4,9,6.4,17.2,19,180,120
689,52,B2-093-1665,2792,B2,B2,Ciclo Completo,Semitecnificado ,sano,3destete,DOS,26.9,POS,pos,1,3,31.58,POS,pos,1,0,1,0,0,0,0,1,0,0,0,0,0,1,0,0,0,0,0,1,1,1,0,0,0,0,0,1,0,1,,0,0,1,0,0,0,0,0,480,5142,130,130,49.7,100,81,2.15,25,7,7,2,13.5,11.1,13,4.3,23.4,1.4,9,6.4,17.2,19,180,120
690,52,B2-093-1665,2792,B2,B2,Ciclo Completo,Semitecnificado ,sano,4crecimiento,TRES,31.27,POS,pos,1,3,37.73,NEG,pos,1,0,1,0,0,0,0,1,0,0,0,0,0,1,0,0,0,0,0,1,1,1,0,0,0,0,0,1,0,1,,0,0,1,0,0,0,0,0,480,5142,130,130,49.7,100,81,2.15,25,7,7,2,13.5,11.1,13,4.3,23.4,1.4,9,6.4,17.2,19,180,120
691,52,B2-093-1665,2792,B2,B2,Ciclo Completo,Semitecnificado ,sano,4crecimiento,TRES,30.24,POS,pos,1,3,37.8,NEG,pos,1,0,1,0,0,0,0,1,0,0,0,0,0,1,0,0,0,0,0,1,1,1,0,0,0,0,0,1,0,1,,0,0,1,0,0,0,0,0,480,5142,130,130,49.7,100,81,2.15,25,7,7,2,13.5,11.1,13,4.3,23.4,1.4,9,6.4,17.2,19,180,120
692,52,B2-093-1665,2792,B2,B2,Ciclo Completo,Semitecnificado ,sano,5desarrollo,TRES,29.21,POS,pos,1,3,20.03,POS,pos,1,0,1,0,0,0,0,1,0,0,0,0,0,1,0,0,0,0,0,1,1,1,0,0,0,0,0,1,0,1,,0,0,1,0,0,0,0,0,480,5142,130,130,49.7,100,81,2.15,25,7,7,2,13.5,11.1,13,4.3,23.4,1.4,9,6.4,17.2,19,180,120
693,52,B2-093-1665,2792,B2,B2,Ciclo Completo,Semitecnificado ,sano,5desarrollo,TRES,0,NEG,pos,1,1,33.87,POS,pos,1,0,1,0,0,0,0,1,0,0,0,0,0,1,0,0,0,0,0,1,1,1,0,0,0,0,0,1,0,1,,0,0,1,0,0,0,0,0,480,5142,130,130,49.7,100,81,2.15,25,7,7,2,13.5,11.1,13,4.3,23.4,1.4,9,6.4,17.2,19,180,120
694,52,B2-093-1665,2792,B2,B2,Ciclo Completo,Semitecnificado ,sano,6finalizacion,TRES,0,NEG,pos,1,1,36.86,NEG,pos,1,0,1,0,0,0,0,1,0,0,0,0,0,1,0,0,0,0,0,1,1,1,0,0,0,0,0,1,0,1,,0,0,1,0,0,0,0,0,480,5142,130,130,49.7,100,81,2.15,25,7,7,2,13.5,11.1,13,4.3,23.4,1.4,9,6.4,17.2,19,180,120
695,52,B2-093-1665,2792,B2,B2,Ciclo Completo,Semitecnificado ,sano,6finalizacion,TRES,0,NEG,pos,1,1,30.4,POS,pos,1,0,1,0,0,0,0,1,0,0,0,0,0,1,0,0,0,0,0,1,1,1,0,0,0,0,0,1,0,1,,0,0,1,0,0,0,0,0,480,5142,130,130,49.7,100,81,2.15,25,7,7,2,13.5,11.1,13,4.3,23.4,1.4,9,6.4,17.2,19,180,120
696,41,B1-053-1231,2860,B1,B1,Ciclo Completo,Semitecnificado ,sano,2lactancia,UNO,32.89,POS,pos_clin,1,3,34.25,POS,pos_clin,1,,1,0,0,0,0,1,0,0,0,0,0,1,0,0,0,0,1,1,0,1,1,0,0,0,1,1,0,0,1,0,0,0,0,0,0,0,1,70,753,210,130,36,100,80,2.35,12,0,8,3,12.5,11,1,0.5,28,1.45,10,7.5,10,23.5,180,110
697,41,B1-053-1231,2860,B1,B1,Ciclo Completo,Semitecnificado ,sano,2lactancia,UNO,33.14,POS,pos_clin,1,3,30.92,POS,pos_clin,1,,1,0,0,0,0,1,0,0,0,0,0,1,0,0,0,0,1,1,0,1,1,0,0,0,1,1,0,0,1,0,0,0,0,0,0,0,1,70,753,210,130,36,100,80,2.35,12,0,8,3,12.5,11,1,0.5,28,1.45,10,7.5,10,23.5,180,110
698,41,B1-053-1231,2860,B1,B1,Ciclo Completo,Semitecnificado ,sano,3destete,DOS,32.81,POS,pos_clin,1,3,27.15,POS,pos_clin,1,,1,0,0,0,0,1,0,0,0,0,0,1,0,0,0,0,1,1,0,1,1,0,0,0,1,1,0,0,1,0,0,0,0,0,0,0,1,70,753,210,130,36,100,80,2.35,12,0,8,3,12.5,11,1,0.5,28,1.45,10,7.5,10,23.5,180,110
699,41,B1-053-1231,2860,B1,B1,Ciclo Completo,Semitecnificado ,sano,3destete,DOS,30.36,POS,pos_clin,1,3,31.23,POS,pos_clin,1,,1,0,0,0,0,1,0,0,0,0,0,1,0,0,0,0,1,1,0,1,1,0,0,0,1,1,0,0,1,0,0,0,0,0,0,0,1,70,753,210,130,36,100,80,2.35,12,0,8,3,12.5,11,1,0.5,28,1.45,10,7.5,10,23.5,180,110
700,41,B1-053-1231,2860,B1,B1,Ciclo Completo,Semitecnificado ,sano,4crecimiento,TRES,0,NEG,pos_clin,1,1,21.1,POS,pos_clin,1,,1,0,0,0,0,1,0,0,0,0,0,1,0,0,0,0,1,1,0,1,1,0,0,0,1,1,0,0,1,0,0,0,0,0,0,0,1,70,753,210,130,36,100,80,2.35,12,0,8,3,12.5,11,1,0.5,28,1.45,10,7.5,10,23.5,180,110
701,41,B1-053-1231,2860,B1,B1,Ciclo Completo,Semitecnificado ,sano,4crecimiento,TRES,0,NEG,pos_clin,1,1,29.38,POS,pos_clin,1,,1,0,0,0,0,1,0,0,0,0,0,1,0,0,0,0,1,1,0,1,1,0,0,0,1,1,0,0,1,0,0,0,0,0,0,0,1,70,753,210,130,36,100,80,2.35,12,0,8,3,12.5,11,1,0.5,28,1.45,10,7.5,10,23.5,180,110
702,41,B1-053-1231,2860,B1,B1,Ciclo Completo,Semitecnificado ,sano,5desarrollo,TRES,0,NEG,pos_clin,1,1,36.41,NEG,pos_clin,1,,1,0,0,0,0,1,0,0,0,0,0,1,0,0,0,0,1,1,0,1,1,0,0,0,1,1,0,0,1,0,0,0,0,0,0,0,1,70,753,210,130,36,100,80,2.35,12,0,8,3,12.5,11,1,0.5,28,1.45,10,7.5,10,23.5,180,110
703,41,B1-053-1231,2860,B1,B1,Ciclo Completo,Semitecnificado ,sano,5desarrollo,TRES,0,NEG,pos_clin,1,1,36.57,NEG,pos_clin,1,,1,0,0,0,0,1,0,0,0,0,0,1,0,0,0,0,1,1,0,1,1,0,0,0,1,1,0,0,1,0,0,0,0,0,0,0,1,70,753,210,130,36,100,80,2.35,12,0,8,3,12.5,11,1,0.5,28,1.45,10,7.5,10,23.5,180,110
704,41,B1-053-1231,2860,B1,B1,Ciclo Completo,Semitecnificado ,sano,6finalizacion,TRES,0,NEG,pos_clin,1,1,40.39,NEG,pos_clin,1,,1,0,0,0,0,1,0,0,0,0,0,1,0,0,0,0,1,1,0,1,1,0,0,0,1,1,0,0,1,0,0,0,0,0,0,0,1,70,753,210,130,36,100,80,2.35,12,0,8,3,12.5,11,1,0.5,28,1.45,10,7.5,10,23.5,180,110
705,41,B1-053-1231,2860,B1,B1,Ciclo Completo,Semitecnificado ,sano,6finalizacion,TRES,0,NEG,pos_clin,1,1,38.32,NEG,pos_clin,1,,1,0,0,0,0,1,0,0,0,0,0,1,0,0,0,0,1,1,0,1,1,0,0,0,1,1,0,0,1,0,0,0,0,0,0,0,1,70,753,210,130,36,100,80,2.35,12,0,8,3,12.5,11,1,0.5,28,1.45,10,7.5,10,23.5,180,110
706,42,B1-053-1246,2864,B1,B1,Ciclo Completo,Semitecnificado ,sano,2lactancia,UNO,0,NEG,pos_clin,1,1,0,NEG,pos_clin,1,1,1,0,0,0,0,1,1,1,0,0,0,1,0,0,0,1,0,0,0,1,0,0,0,0,1,1,0,0,1,0,0,0,0,0,0,0,0,467,4471,210,120,40,100,80,2.18,7,4,6,3,11.7,9.7,13.4,3.7,26,1.5,7.7,6.8,34.1,16.8,165,121
707,42,B1-053-1246,2864,B1,B1,Ciclo Completo,Semitecnificado ,sano,2lactancia,UNO,0,NEG,pos_clin,1,1,0,NEG,pos_clin,1,1,1,0,0,0,0,1,1,1,0,0,0,1,0,0,0,1,0,0,0,1,0,0,0,0,1,1,0,0,1,0,0,0,0,0,0,0,0,467,4471,210,120,40,100,80,2.18,7,4,6,3,11.7,9.7,13.4,3.7,26,1.5,7.7,6.8,34.1,16.8,165,121
708,42,B1-053-1246,2864,B1,B1,Ciclo Completo,Semitecnificado ,sano,3destete,DOS,32.5,POS,pos_clin,1,3,0,NEG,pos_clin,1,1,1,0,0,0,0,1,1,1,0,0,0,1,0,0,0,1,0,0,0,1,0,0,0,0,1,1,0,0,1,0,0,0,0,0,0,0,0,467,4471,210,120,40,100,80,2.18,7,4,6,3,11.7,9.7,13.4,3.7,26,1.5,7.7,6.8,34.1,16.8,165,121
709,42,B1-053-1246,2864,B1,B1,Ciclo Completo,Semitecnificado ,sano,3destete,DOS,32.66,POS,pos_clin,1,3,0,NEG,pos_clin,1,1,1,0,0,0,0,1,1,1,0,0,0,1,0,0,0,1,0,0,0,1,0,0,0,0,1,1,0,0,1,0,0,0,0,0,0,0,0,467,4471,210,120,40,100,80,2.18,7,4,6,3,11.7,9.7,13.4,3.7,26,1.5,7.7,6.8,34.1,16.8,165,121
710,42,B1-053-1246,2864,B1,B1,Ciclo Completo,Semitecnificado ,sano,4crecimiento,TRES,0,NEG,pos_clin,1,1,31.17,POS,pos_clin,1,1,1,0,0,0,0,1,1,1,0,0,0,1,0,0,0,1,0,0,0,1,0,0,0,0,1,1,0,0,1,0,0,0,0,0,0,0,0,467,4471,210,120,40,100,80,2.18,7,4,6,3,11.7,9.7,13.4,3.7,26,1.5,7.7,6.8,34.1,16.8,165,121
711,42,B1-053-1246,2864,B1,B1,Ciclo Completo,Semitecnificado ,sano,4crecimiento,TRES,0,NEG,pos_clin,1,1,38.95,NEG,pos_clin,1,1,1,0,0,0,0,1,1,1,0,0,0,1,0,0,0,1,0,0,0,1,0,0,0,0,1,1,0,0,1,0,0,0,0,0,0,0,0,467,4471,210,120,40,100,80,2.18,7,4,6,3,11.7,9.7,13.4,3.7,26,1.5,7.7,6.8,34.1,16.8,165,121
712,42,B1-053-1246,2864,B1,B1,Ciclo Completo,Semitecnificado ,sano,5desarrollo,TRES,0,NEG,pos_clin,1,1,40.49,NEG,pos_clin,1,1,1,0,0,0,0,1,1,1,0,0,0,1,0,0,0,1,0,0,0,1,0,0,0,0,1,1,0,0,1,0,0,0,0,0,0,0,0,467,4471,210,120,40,100,80,2.18,7,4,6,3,11.7,9.7,13.4,3.7,26,1.5,7.7,6.8,34.1,16.8,165,121
713,42,B1-053-1246,2864,B1,B1,Ciclo Completo,Semitecnificado ,sano,5desarrollo,TRES,0,NEG,pos_clin,1,1,39.15,NEG,pos_clin,1,1,1,0,0,0,0,1,1,1,0,0,0,1,0,0,0,1,0,0,0,1,0,0,0,0,1,1,0,0,1,0,0,0,0,0,0,0,0,467,4471,210,120,40,100,80,2.18,7,4,6,3,11.7,9.7,13.4,3.7,26,1.5,7.7,6.8,34.1,16.8,165,121
714,42,B1-053-1246,2864,B1,B1,Ciclo Completo,Semitecnificado ,sano,6finalizacion,TRES,34.96,POS,pos_clin,1,3,37.19,NEG,pos_clin,1,1,1,0,0,0,0,1,1,1,0,0,0,1,0,0,0,1,0,0,0,1,0,0,0,0,1,1,0,0,1,0,0,0,0,0,0,0,0,467,4471,210,120,40,100,80,2.18,7,4,6,3,11.7,9.7,13.4,3.7,26,1.5,7.7,6.8,34.1,16.8,165,121
715,42,B1-053-1246,2864,B1,B1,Ciclo Completo,Semitecnificado ,sano,6finalizacion,TRES,39.78,NEG,pos_clin,1,2,38.54,NEG,pos_clin,1,1,1,0,0,0,0,1,1,1,0,0,0,1,0,0,0,1,0,0,0,1,0,0,0,0,1,1,0,0,1,0,0,0,0,0,0,0,0,467,4471,210,120,40,100,80,2.18,7,4,6,3,11.7,9.7,13.4,3.7,26,1.5,7.7,6.8,34.1,16.8,165,121
716,34,A5-121-1045,2917,A5,A,Ciclo Completo,Semitecnificado ,sano,1gestacion,UNO,0,NEG,pos_clin,1,1,0,NEG,pos_clin,1,,0,0,0,0,1,1,1,0,0,0,0,0,1,0,0,1,1,0,0,0,0,0,0,0,1,1,0,1,1,0,0,1,0,0,0,0,0,480,3156,210,130,40,100,80,2.2,6.5,2.4,8,4,11.02,9.32,1.48,0.31,26,1.3,8.6,7.4,6.6,18.28,190,115
717,34,A5-121-1045,2917,A5,A,Ciclo Completo,Semitecnificado ,sano,1gestacion,UNO,0,NEG,pos_clin,1,1,0,NEG,pos_clin,1,,0,0,0,0,1,1,1,0,0,0,0,0,1,0,0,1,1,0,0,0,0,0,0,0,1,1,0,1,1,0,0,1,0,0,0,0,0,480,3156,210,130,40,100,80,2.2,6.5,2.4,8,4,11.02,9.32,1.48,0.31,26,1.3,8.6,7.4,6.6,18.28,190,115
718,34,A5-121-1045,2917,A5,A,Ciclo Completo,Semitecnificado ,sano,2lactancia,UNO,0,NEG,pos_clin,1,1,40.85,NEG,pos_clin,1,,0,0,0,0,1,1,1,0,0,0,0,0,1,0,0,1,1,0,0,0,0,0,0,0,1,1,0,1,1,0,0,1,0,0,0,0,0,480,3156,210,130,40,100,80,2.2,6.5,2.4,8,4,11.02,9.32,1.48,0.31,26,1.3,8.6,7.4,6.6,18.28,190,115
719,34,A5-121-1045,2917,A5,A,Ciclo Completo,Semitecnificado ,sano,2lactancia,UNO,0,NEG,pos_clin,1,1,39.64,NEG,pos_clin,1,,0,0,0,0,1,1,1,0,0,0,0,0,1,0,0,1,1,0,0,0,0,0,0,0,1,1,0,1,1,0,0,1,0,0,0,0,0,480,3156,210,130,40,100,80,2.2,6.5,2.4,8,4,11.02,9.32,1.48,0.31,26,1.3,8.6,7.4,6.6,18.28,190,115
720,34,A5-121-1045,2917,A5,A,Ciclo Completo,Semitecnificado ,sano,3destete,DOS,29.18,POS,pos_clin,1,3,0,NEG,pos_clin,1,,0,0,0,0,1,1,1,0,0,0,0,0,1,0,0,1,1,0,0,0,0,0,0,0,1,1,0,1,1,0,0,1,0,0,0,0,0,480,3156,210,130,40,100,80,2.2,6.5,2.4,8,4,11.02,9.32,1.48,0.31,26,1.3,8.6,7.4,6.6,18.28,190,115
721,34,A5-121-1045,2917,A5,A,Ciclo Completo,Semitecnificado ,sano,3destete,DOS,27.51,POS,pos_clin,1,3,0,NEG,pos_clin,1,,0,0,0,0,1,1,1,0,0,0,0,0,1,0,0,1,1,0,0,0,0,0,0,0,1,1,0,1,1,0,0,1,0,0,0,0,0,480,3156,210,130,40,100,80,2.2,6.5,2.4,8,4,11.02,9.32,1.48,0.31,26,1.3,8.6,7.4,6.6,18.28,190,115
722,34,A5-121-1045,2917,A5,A,Ciclo Completo,Semitecnificado ,sano,4crecimiento,TRES,30.09,POS,pos_clin,1,3,0,NEG,pos_clin,1,,0,0,0,0,1,1,1,0,0,0,0,0,1,0,0,1,1,0,0,0,0,0,0,0,1,1,0,1,1,0,0,1,0,0,0,0,0,480,3156,210,130,40,100,80,2.2,6.5,2.4,8,4,11.02,9.32,1.48,0.31,26,1.3,8.6,7.4,6.6,18.28,190,115
723,34,A5-121-1045,2917,A5,A,Ciclo Completo,Semitecnificado ,sano,4crecimiento,TRES,29.57,POS,pos_clin,1,3,0,NEG,pos_clin,1,,0,0,0,0,1,1,1,0,0,0,0,0,1,0,0,1,1,0,0,0,0,0,0,0,1,1,0,1,1,0,0,1,0,0,0,0,0,480,3156,210,130,40,100,80,2.2,6.5,2.4,8,4,11.02,9.32,1.48,0.31,26,1.3,8.6,7.4,6.6,18.28,190,115
724,34,A5-121-1045,2917,A5,A,Ciclo Completo,Semitecnificado ,sano,5desarrollo,TRES,33.24,POS,pos_clin,1,3,0,NEG,pos_clin,1,,0,0,0,0,1,1,1,0,0,0,0,0,1,0,0,1,1,0,0,0,0,0,0,0,1,1,0,1,1,0,0,1,0,0,0,0,0,480,3156,210,130,40,100,80,2.2,6.5,2.4,8,4,11.02,9.32,1.48,0.31,26,1.3,8.6,7.4,6.6,18.28,190,115
725,34,A5-121-1045,2917,A5,A,Ciclo Completo,Semitecnificado ,sano,5desarrollo,TRES,0,NEG,pos_clin,1,1,38.76,NEG,pos_clin,1,,0,0,0,0,1,1,1,0,0,0,0,0,1,0,0,1,1,0,0,0,0,0,0,0,1,1,0,1,1,0,0,1,0,0,0,0,0,480,3156,210,130,40,100,80,2.2,6.5,2.4,8,4,11.02,9.32,1.48,0.31,26,1.3,8.6,7.4,6.6,18.28,190,115
726,34,A5-121-1045,2917,A5,A,Ciclo Completo,Semitecnificado ,sano,6finalizacion,TRES,0,NEG,pos_clin,1,1,0,NEG,pos_clin,1,,0,0,0,0,1,1,1,0,0,0,0,0,1,0,0,1,1,0,0,0,0,0,0,0,1,1,0,1,1,0,0,1,0,0,0,0,0,480,3156,210,130,40,100,80,2.2,6.5,2.4,8,4,11.02,9.32,1.48,0.31,26,1.3,8.6,7.4,6.6,18.28,190,115
727,34,A5-121-1045,2917,A5,A,Ciclo Completo,Semitecnificado ,sano,6finalizacion,TRES,34.88,POS,pos_clin,1,3,0,NEG,pos_clin,1,,0,0,0,0,1,1,1,0,0,0,0,0,1,0,0,1,1,0,0,0,0,0,0,0,1,1,0,1,1,0,0,1,0,0,0,0,0,480,3156,210,130,40,100,80,2.2,6.5,2.4,8,4,11.02,9.32,1.48,0.31,26,1.3,8.6,7.4,6.6,18.28,190,115
728,7,A3-015-3229,2920,A3,A,Ciclo Completo,Semitecnificado ,sano,1gestacion,UNO,0,NEG,pos_clin,1,1,0,NEG,pos_clin,1,0,1,0,0,0,0,0,0,0,0,1,0,1,0,0,0,0,1,1,0,0,0,0,0,0,1,0,0,0,0,0,0,1,0,0,0,0,1,350,1373,240,230,45,100,90,2.42,4,5,6,2.5,17.4,14.8,6.5,2.8,28,1.2,13.1,8,15,31.1,175,130
729,7,A3-015-3229,2920,A3,A,Ciclo Completo,Semitecnificado ,sano,1gestacion,UNO,0,NEG,pos_clin,1,1,0,NEG,pos_clin,1,0,1,0,0,0,0,0,0,0,0,1,0,1,0,0,0,0,1,1,0,0,0,0,0,0,1,0,0,0,0,0,0,1,0,0,0,0,1,350,1373,240,230,45,100,90,2.42,4,5,6,2.5,17.4,14.8,6.5,2.8,28,1.2,13.1,8,15,31.1,175,130
730,7,A3-015-3229,2920,A3,A,Ciclo Completo,Semitecnificado ,sano,2lactancia,UNO,0,NEG,pos_clin,1,1,39.08,NEG,pos_clin,1,0,1,0,0,0,0,0,0,0,0,1,0,1,0,0,0,0,1,1,0,0,0,0,0,0,1,0,0,0,0,0,0,1,0,0,0,0,1,350,1373,240,230,45,100,90,2.42,4,5,6,2.5,17.4,14.8,6.5,2.8,28,1.2,13.1,8,15,31.1,175,130
731,7,A3-015-3229,2920,A3,A,Ciclo Completo,Semitecnificado ,sano,2lactancia,UNO,0,NEG,pos_clin,1,1,33.32,POS,pos_clin,1,0,1,0,0,0,0,0,0,0,0,1,0,1,0,0,0,0,1,1,0,0,0,0,0,0,1,0,0,0,0,0,0,1,0,0,0,0,1,350,1373,240,230,45,100,90,2.42,4,5,6,2.5,17.4,14.8,6.5,2.8,28,1.2,13.1,8,15,31.1,175,130
732,7,A3-015-3229,2920,A3,A,Ciclo Completo,Semitecnificado ,sano,3destete,DOS,0,NEG,pos_clin,1,1,0,NEG,pos_clin,1,0,1,0,0,0,0,0,0,0,0,1,0,1,0,0,0,0,1,1,0,0,0,0,0,0,1,0,0,0,0,0,0,1,0,0,0,0,1,350,1373,240,230,45,100,90,2.42,4,5,6,2.5,17.4,14.8,6.5,2.8,28,1.2,13.1,8,15,31.1,175,130
733,7,A3-015-3229,2920,A3,A,Ciclo Completo,Semitecnificado ,sano,3destete,DOS,34.29,POS,pos_clin,1,3,38.5,NEG,pos_clin,1,0,1,0,0,0,0,0,0,0,0,1,0,1,0,0,0,0,1,1,0,0,0,0,0,0,1,0,0,0,0,0,0,1,0,0,0,0,1,350,1373,240,230,45,100,90,2.42,4,5,6,2.5,17.4,14.8,6.5,2.8,28,1.2,13.1,8,15,31.1,175,130
734,7,A3-015-3229,2920,A3,A,Ciclo Completo,Semitecnificado ,sano,4crecimiento,TRES,0,NEG,pos_clin,1,1,39.13,NEG,pos_clin,1,0,1,0,0,0,0,0,0,0,0,1,0,1,0,0,0,0,1,1,0,0,0,0,0,0,1,0,0,0,0,0,0,1,0,0,0,0,1,350,1373,240,230,45,100,90,2.42,4,5,6,2.5,17.4,14.8,6.5,2.8,28,1.2,13.1,8,15,31.1,175,130
735,7,A3-015-3229,2920,A3,A,Ciclo Completo,Semitecnificado ,sano,4crecimiento,TRES,0,NEG,pos_clin,1,1,36.95,NEG,pos_clin,1,0,1,0,0,0,0,0,0,0,0,1,0,1,0,0,0,0,1,1,0,0,0,0,0,0,1,0,0,0,0,0,0,1,0,0,0,0,1,350,1373,240,230,45,100,90,2.42,4,5,6,2.5,17.4,14.8,6.5,2.8,28,1.2,13.1,8,15,31.1,175,130
736,7,A3-015-3229,2920,A3,A,Ciclo Completo,Semitecnificado ,sano,5desarrollo,TRES,0,NEG,pos_clin,1,1,30.34,POS,pos_clin,1,0,1,0,0,0,0,0,0,0,0,1,0,1,0,0,0,0,1,1,0,0,0,0,0,0,1,0,0,0,0,0,0,1,0,0,0,0,1,350,1373,240,230,45,100,90,2.42,4,5,6,2.5,17.4,14.8,6.5,2.8,28,1.2,13.1,8,15,31.1,175,130
737,7,A3-015-3229,2920,A3,A,Ciclo Completo,Semitecnificado ,sano,5desarrollo,TRES,0,NEG,pos_clin,1,1,39.37,NEG,pos_clin,1,0,1,0,0,0,0,0,0,0,0,1,0,1,0,0,0,0,1,1,0,0,0,0,0,0,1,0,0,0,0,0,0,1,0,0,0,0,1,350,1373,240,230,45,100,90,2.42,4,5,6,2.5,17.4,14.8,6.5,2.8,28,1.2,13.1,8,15,31.1,175,130
738,7,A3-015-3229,2920,A3,A,Ciclo Completo,Semitecnificado ,sano,6finalizacion,TRES,0,NEG,pos_clin,1,1,0,NEG,pos_clin,1,0,1,0,0,0,0,0,0,0,0,1,0,1,0,0,0,0,1,1,0,0,0,0,0,0,1,0,0,0,0,0,0,1,0,0,0,0,1,350,1373,240,230,45,100,90,2.42,4,5,6,2.5,17.4,14.8,6.5,2.8,28,1.2,13.1,8,15,31.1,175,130
739,7,A3-015-3229,2920,A3,A,Ciclo Completo,Semitecnificado ,sano,6finalizacion,TRES,0,NEG,pos_clin,1,1,38.62,NEG,pos_clin,1,0,1,0,0,0,0,0,0,0,0,1,0,1,0,0,0,0,1,1,0,0,0,0,0,0,1,0,0,0,0,0,0,1,0,0,0,0,1,350,1373,240,230,45,100,90,2.42,4,5,6,2.5,17.4,14.8,6.5,2.8,28,1.2,13.1,8,15,31.1,175,130
740,3,A3-015-0204,2921,A3,A,Ciclo Completo,Tecnificado,sano,1gestacion,UNO,0,NEG,pos_clin,1,1,36.69,NEG,pos_clin,1,0,1,0,0,0,0,0,0,0,0,1,0,1,0,0,0,0,1,1,0,0,0,0,0,0,1,0,0,0,0,0,0,1,0,0,0,0,1,500,3185,240,230,45,100,90,2.42,4,5,6,2.5,17.3,14.8,4.6,1.7,28,1.2,12.9,7.5,18,31.1,175,115
741,3,A3-015-0204,2921,A3,A,Ciclo Completo,Tecnificado,sano,1gestacion,UNO,0,NEG,pos_clin,1,1,0,NEG,pos_clin,1,0,1,0,0,0,0,0,0,0,0,1,0,1,0,0,0,0,1,1,0,0,0,0,0,0,1,0,0,0,0,0,0,1,0,0,0,0,1,500,3185,240,230,45,100,90,2.42,4,5,6,2.5,17.3,14.8,4.6,1.7,28,1.2,12.9,7.5,18,31.1,175,115
742,3,A3-015-0204,2921,A3,A,Ciclo Completo,Tecnificado,sano,2lactancia,UNO,0,NEG,pos_clin,1,1,39.62,NEG,pos_clin,1,0,1,0,0,0,0,0,0,0,0,1,0,1,0,0,0,0,1,1,0,0,0,0,0,0,1,0,0,0,0,0,0,1,0,0,0,0,1,500,3185,240,230,45,100,90,2.42,4,5,6,2.5,17.3,14.8,4.6,1.7,28,1.2,12.9,7.5,18,31.1,175,115
743,3,A3-015-0204,2921,A3,A,Ciclo Completo,Tecnificado,sano,2lactancia,UNO,0,NEG,pos_clin,1,1,0,NEG,pos_clin,1,0,1,0,0,0,0,0,0,0,0,1,0,1,0,0,0,0,1,1,0,0,0,0,0,0,1,0,0,0,0,0,0,1,0,0,0,0,1,500,3185,240,230,45,100,90,2.42,4,5,6,2.5,17.3,14.8,4.6,1.7,28,1.2,12.9,7.5,18,31.1,175,115
744,3,A3-015-0204,2921,A3,A,Ciclo Completo,Tecnificado,sano,3destete,DOS,27.44,POS,pos_clin,1,3,39.76,NEG,pos_clin,1,0,1,0,0,0,0,0,0,0,0,1,0,1,0,0,0,0,1,1,0,0,0,0,0,0,1,0,0,0,0,0,0,1,0,0,0,0,1,500,3185,240,230,45,100,90,2.42,4,5,6,2.5,17.3,14.8,4.6,1.7,28,1.2,12.9,7.5,18,31.1,175,115
745,3,A3-015-0204,2921,A3,A,Ciclo Completo,Tecnificado,sano,5desarrollo,TRES,0,NEG,pos_clin,1,1,30.52,POS,pos_clin,1,0,1,0,0,0,0,0,0,0,0,1,0,1,0,0,0,0,1,1,0,0,0,0,0,0,1,0,0,0,0,0,0,1,0,0,0,0,1,500,3185,240,230,45,100,90,2.42,4,5,6,2.5,17.3,14.8,4.6,1.7,28,1.2,12.9,7.5,18,31.1,175,115
746,3,A3-015-0204,2921,A3,A,Ciclo Completo,Tecnificado,sano,5desarrollo,TRES,0,NEG,pos_clin,1,1,31.46,POS,pos_clin,1,0,1,0,0,0,0,0,0,0,0,1,0,1,0,0,0,0,1,1,0,0,0,0,0,0,1,0,0,0,0,0,0,1,0,0,0,0,1,500,3185,240,230,45,100,90,2.42,4,5,6,2.5,17.3,14.8,4.6,1.7,28,1.2,12.9,7.5,18,31.1,175,115
747,3,A3-015-0204,2921,A3,A,Ciclo Completo,Tecnificado,sano,6finalizacion,TRES,0,NEG,pos_clin,1,1,0,NEG,pos_clin,1,0,1,0,0,0,0,0,0,0,0,1,0,1,0,0,0,0,1,1,0,0,0,0,0,0,1,0,0,0,0,0,0,1,0,0,0,0,1,500,3185,240,230,45,100,90,2.42,4,5,6,2.5,17.3,14.8,4.6,1.7,28,1.2,12.9,7.5,18,31.1,175,115
748,8,A3-015-3360,2922,A3,A,Ciclo Completo,Semitecnificado ,sano,1gestacion,UNO,0,NEG,pos_clin,1,1,0,NEG,pos_clin,1,0,1,0,0,0,0,0,0,0,0,1,0,1,0,0,0,0,1,1,0,0,0,0,0,0,1,0,0,0,0,0,0,1,0,0,1,0,1,300,,240,230,45,100,95,2.42,4,5,6,2.5,18.7,15.8,3.4,1.6,28,1.2,13.5,8,13,31.1,175,120
749,8,A3-015-3360,2922,A3,A,Ciclo Completo,Semitecnificado ,sano,1gestacion,UNO,0,NEG,pos_clin,1,1,34.74,POS,pos_clin,1,0,1,0,0,0,0,0,0,0,0,1,0,1,0,0,0,0,1,1,0,0,0,0,0,0,1,0,0,0,0,0,0,1,0,0,1,0,1,300,,240,230,45,100,95,2.42,4,5,6,2.5,18.7,15.8,3.4,1.6,28,1.2,13.5,8,13,31.1,175,120
750,8,A3-015-3360,2922,A3,A,Ciclo Completo,Semitecnificado ,sano,2lactancia,UNO,31.62,POS,pos_clin,1,3,0,NEG,pos_clin,1,0,1,0,0,0,0,0,0,0,0,1,0,1,0,0,0,0,1,1,0,0,0,0,0,0,1,0,0,0,0,0,0,1,0,0,1,0,1,300,,240,230,45,100,95,2.42,4,5,6,2.5,18.7,15.8,3.4,1.6,28,1.2,13.5,8,13,31.1,175,120
751,8,A3-015-3360,2922,A3,A,Ciclo Completo,Semitecnificado ,sano,2lactancia,UNO,0,NEG,pos_clin,1,1,0,NEG,pos_clin,1,0,1,0,0,0,0,0,0,0,0,1,0,1,0,0,0,0,1,1,0,0,0,0,0,0,1,0,0,0,0,0,0,1,0,0,1,0,1,300,,240,230,45,100,95,2.42,4,5,6,2.5,18.7,15.8,3.4,1.6,28,1.2,13.5,8,13,31.1,175,120
752,8,A3-015-3360,2922,A3,A,Ciclo Completo,Semitecnificado ,sano,3destete,DOS,22.76,POS,pos_clin,1,3,0,NEG,pos_clin,1,0,1,0,0,0,0,0,0,0,0,1,0,1,0,0,0,0,1,1,0,0,0,0,0,0,1,0,0,0,0,0,0,1,0,0,1,0,1,300,,240,230,45,100,95,2.42,4,5,6,2.5,18.7,15.8,3.4,1.6,28,1.2,13.5,8,13,31.1,175,120
753,8,A3-015-3360,2922,A3,A,Ciclo Completo,Semitecnificado ,sano,3destete,DOS,28.97,POS,pos_clin,1,3,37.82,NEG,pos_clin,1,0,1,0,0,0,0,0,0,0,0,1,0,1,0,0,0,0,1,1,0,0,0,0,0,0,1,0,0,0,0,0,0,1,0,0,1,0,1,300,,240,230,45,100,95,2.42,4,5,6,2.5,18.7,15.8,3.4,1.6,28,1.2,13.5,8,13,31.1,175,120
754,8,A3-015-3360,2922,A3,A,Ciclo Completo,Semitecnificado ,sano,4crecimiento,TRES,33.08,POS,pos_clin,1,3,34.35,POS,pos_clin,1,0,1,0,0,0,0,0,0,0,0,1,0,1,0,0,0,0,1,1,0,0,0,0,0,0,1,0,0,0,0,0,0,1,0,0,1,0,1,300,,240,230,45,100,95,2.42,4,5,6,2.5,18.7,15.8,3.4,1.6,28,1.2,13.5,8,13,31.1,175,120
755,8,A3-015-3360,2922,A3,A,Ciclo Completo,Semitecnificado ,sano,4crecimiento,TRES,0,NEG,pos_clin,1,1,37.22,NEG,pos_clin,1,0,1,0,0,0,0,0,0,0,0,1,0,1,0,0,0,0,1,1,0,0,0,0,0,0,1,0,0,0,0,0,0,1,0,0,1,0,1,300,,240,230,45,100,95,2.42,4,5,6,2.5,18.7,15.8,3.4,1.6,28,1.2,13.5,8,13,31.1,175,120
756,8,A3-015-3360,2922,A3,A,Ciclo Completo,Semitecnificado ,sano,5desarrollo,TRES,0,NEG,pos_clin,1,1,40.61,NEG,pos_clin,1,0,1,0,0,0,0,0,0,0,0,1,0,1,0,0,0,0,1,1,0,0,0,0,0,0,1,0,0,0,0,0,0,1,0,0,1,0,1,300,,240,230,45,100,95,2.42,4,5,6,2.5,18.7,15.8,3.4,1.6,28,1.2,13.5,8,13,31.1,175,120
757,8,A3-015-3360,2922,A3,A,Ciclo Completo,Semitecnificado ,sano,5desarrollo,TRES,0,NEG,pos_clin,1,1,36.51,NEG,pos_clin,1,0,1,0,0,0,0,0,0,0,0,1,0,1,0,0,0,0,1,1,0,0,0,0,0,0,1,0,0,0,0,0,0,1,0,0,1,0,1,300,,240,230,45,100,95,2.42,4,5,6,2.5,18.7,15.8,3.4,1.6,28,1.2,13.5,8,13,31.1,175,120
758,8,A3-015-3360,2922,A3,A,Ciclo Completo,Semitecnificado ,sano,6finalizacion,TRES,0,NEG,pos_clin,1,1,0,NEG,pos_clin,1,0,1,0,0,0,0,0,0,0,0,1,0,1,0,0,0,0,1,1,0,0,0,0,0,0,1,0,0,0,0,0,0,1,0,0,1,0,1,300,,240,230,45,100,95,2.42,4,5,6,2.5,18.7,15.8,3.4,1.6,28,1.2,13.5,8,13,31.1,175,120
759,8,A3-015-3360,2922,A3,A,Ciclo Completo,Semitecnificado ,sano,6finalizacion,TRES,0,NEG,pos_clin,1,1,0,NEG,pos_clin,1,0,1,0,0,0,0,0,0,0,0,1,0,1,0,0,0,0,1,1,0,0,0,0,0,0,1,0,0,0,0,0,0,1,0,0,1,0,1,300,,240,230,45,100,95,2.42,4,5,6,2.5,18.7,15.8,3.4,1.6,28,1.2,13.5,8,13,31.1,175,120
760,4,A3-015-0205,2923,A3,A,Ciclo Completo,Semitecnificado ,sano,2lactancia,UNO,0,NEG,pos_clin,1,1,0,NEG,neg,0,1,1,0,0,0,0,1,1,0,0,0,0,1,1,0,0,0,1,1,0,1,0,0,0,0,0,1,0,0,1,0,0,1,0,0,0,0,0,328,3090,210,130,20,20,80,2.2,7,3,6,1.5,12,11,1,1,23,,10,,18,22,160,105
761,4,A3-015-0205,2923,A3,A,Ciclo Completo,Semitecnificado ,sano,2lactancia,UNO,35.54,NEG,pos_clin,1,2,0,NEG,neg,0,1,1,0,0,0,0,1,1,0,0,0,0,1,1,0,0,0,1,1,0,1,0,0,0,0,0,1,0,0,1,0,0,1,0,0,0,0,0,328,3090,210,130,20,20,80,2.2,7,3,6,1.5,12,11,1,1,23,,10,,18,22,160,105
762,4,A3-015-0205,2923,A3,A,Ciclo Completo,Semitecnificado ,sano,3destete,DOS,31.84,POS,pos_clin,1,3,0,NEG,neg,0,1,1,0,0,0,0,1,1,0,0,0,0,1,1,0,0,0,1,1,0,1,0,0,0,0,0,1,0,0,1,0,0,1,0,0,0,0,0,328,3090,210,130,20,20,80,2.2,7,3,6,1.5,12,11,1,1,23,,10,,18,22,160,105
763,4,A3-015-0205,2923,A3,A,Ciclo Completo,Semitecnificado ,sano,3destete,DOS,27.59,POS,pos_clin,1,3,0,NEG,neg,0,1,1,0,0,0,0,1,1,0,0,0,0,1,1,0,0,0,1,1,0,1,0,0,0,0,0,1,0,0,1,0,0,1,0,0,0,0,0,328,3090,210,130,20,20,80,2.2,7,3,6,1.5,12,11,1,1,23,,10,,18,22,160,105
764,4,A3-015-0205,2923,A3,A,Ciclo Completo,Semitecnificado ,sano,4crecimiento,TRES,31.1,POS,pos_clin,1,3,39.12,NEG,neg,0,1,1,0,0,0,0,1,1,0,0,0,0,1,1,0,0,0,1,1,0,1,0,0,0,0,0,1,0,0,1,0,0,1,0,0,0,0,0,328,3090,210,130,20,20,80,2.2,7,3,6,1.5,12,11,1,1,23,,10,,18,22,160,105
765,4,A3-015-0205,2923,A3,A,Ciclo Completo,Semitecnificado ,sano,4crecimiento,TRES,38.38,NEG,pos_clin,1,2,0,NEG,neg,0,1,1,0,0,0,0,1,1,0,0,0,0,1,1,0,0,0,1,1,0,1,0,0,0,0,0,1,0,0,1,0,0,1,0,0,0,0,0,328,3090,210,130,20,20,80,2.2,7,3,6,1.5,12,11,1,1,23,,10,,18,22,160,105
766,4,A3-015-0205,2923,A3,A,Ciclo Completo,Semitecnificado ,sano,5desarrollo,TRES,33.62,POS,pos_clin,1,3,0,NEG,neg,0,1,1,0,0,0,0,1,1,0,0,0,0,1,1,0,0,0,1,1,0,1,0,0,0,0,0,1,0,0,1,0,0,1,0,0,0,0,0,328,3090,210,130,20,20,80,2.2,7,3,6,1.5,12,11,1,1,23,,10,,18,22,160,105
767,4,A3-015-0205,2923,A3,A,Ciclo Completo,Semitecnificado ,sano,5desarrollo,TRES,34.82,POS,pos_clin,1,3,35.79,NEG,neg,0,1,1,0,0,0,0,1,1,0,0,0,0,1,1,0,0,0,1,1,0,1,0,0,0,0,0,1,0,0,1,0,0,1,0,0,0,0,0,328,3090,210,130,20,20,80,2.2,7,3,6,1.5,12,11,1,1,23,,10,,18,22,160,105
768,4,A3-015-0205,2923,A3,A,Ciclo Completo,Semitecnificado ,sano,6finalizacion,TRES,37.71,NEG,pos_clin,1,2,0,NEG,neg,0,1,1,0,0,0,0,1,1,0,0,0,0,1,1,0,0,0,1,1,0,1,0,0,0,0,0,1,0,0,1,0,0,1,0,0,0,0,0,328,3090,210,130,20,20,80,2.2,7,3,6,1.5,12,11,1,1,23,,10,,18,22,160,105
769,4,A3-015-0205,2923,A3,A,Ciclo Completo,Semitecnificado ,sano,6finalizacion,TRES,37.79,NEG,pos_clin,1,2,0,NEG,neg,0,1,1,0,0,0,0,1,1,0,0,0,0,1,1,0,0,0,1,1,0,1,0,0,0,0,0,1,0,0,1,0,0,1,0,0,0,0,0,328,3090,210,130,20,20,80,2.2,7,3,6,1.5,12,11,1,1,23,,10,,18,22,160,105
770,14,A4-024-0460,3006,A4,A,Ciclo Completo,Semitecnificado ,sano,1gestacion,UNO,0,NEG,pos,1,1,0,NEG,neg,0,1,1,0,0,0,1,1,1,0,0,0,1,1,0,0,0,0,1,0,0,0,1,0,0,0,0,0,0,0,,1,0,1,0,0,0,0,0,103,319,224,140,10,80,80,2.5,7,5,8,5,16,14,3,2,28,1.2,12,7,10,,,117.5
771,14,A4-024-0460,3006,A4,A,Ciclo Completo,Semitecnificado ,sano,1gestacion,UNO,0,NEG,pos,1,1,38.27,NEG,neg,0,1,1,0,0,0,1,1,1,0,0,0,1,1,0,0,0,0,1,0,0,0,1,0,0,0,0,0,0,0,,1,0,1,0,0,0,0,0,103,319,224,140,10,80,80,2.5,7,5,8,5,16,14,3,2,28,1.2,12,7,10,,,117.5
772,14,A4-024-0460,3006,A4,A,Ciclo Completo,Semitecnificado ,sano,2lactancia,UNO,38.37,NEG,pos,1,2,38.18,NEG,neg,0,1,1,0,0,0,1,1,1,0,0,0,1,1,0,0,0,0,1,0,0,0,1,0,0,0,0,0,0,0,,1,0,1,0,0,0,0,0,103,319,224,140,10,80,80,2.5,7,5,8,5,16,14,3,2,28,1.2,12,7,10,,,117.5
773,14,A4-024-0460,3006,A4,A,Ciclo Completo,Semitecnificado ,sano,4crecimiento,TRES,0,NEG,pos,1,1,0,NEG,neg,0,1,1,0,0,0,1,1,1,0,0,0,1,1,0,0,0,0,1,0,0,0,1,0,0,0,0,0,0,0,,1,0,1,0,0,0,0,0,103,319,224,140,10,80,80,2.5,7,5,8,5,16,14,3,2,28,1.2,12,7,10,,,117.5
774,14,A4-024-0460,3006,A4,A,Ciclo Completo,Semitecnificado ,sano,4crecimiento,TRES,0,NEG,pos,1,1,40.53,NEG,neg,0,1,1,0,0,0,1,1,1,0,0,0,1,1,0,0,0,0,1,0,0,0,1,0,0,0,0,0,0,0,,1,0,1,0,0,0,0,0,103,319,224,140,10,80,80,2.5,7,5,8,5,16,14,3,2,28,1.2,12,7,10,,,117.5
775,31,A5-004-0851,3007,A5,A,Ciclo Completo,Semitecnificado ,sano,1gestacion,UNO,34.96,POS,pos_clin,1,3,0,NEG,pos_clin,1,1,1,0,0,0,1,1,0,0,0,0,0,1,0,0,0,1,1,1,1,1,1,0,1,0,1,1,0,0,,0,0,0,0,1,0,0,0,42,271,240.8,140,2,80,78,2,6,2,7,3,14,11,2,1,28,1.6,8,7.5,3,16,155,98
776,31,A5-004-0851,3007,A5,A,Ciclo Completo,Semitecnificado ,sano,1gestacion,UNO,0,NEG,pos_clin,1,1,37.1,NEG,pos_clin,1,1,1,0,0,0,1,1,0,0,0,0,0,1,0,0,0,1,1,1,1,1,1,0,1,0,1,1,0,0,,0,0,0,0,1,0,0,0,42,271,240.8,140,2,80,78,2,6,2,7,3,14,11,2,1,28,1.6,8,7.5,3,16,155,98
777,31,A5-004-0851,3007,A5,A,Ciclo Completo,Semitecnificado ,sano,2lactancia,UNO,37.51,NEG,pos_clin,1,2,0,NEG,pos_clin,1,1,1,0,0,0,1,1,0,0,0,0,0,1,0,0,0,1,1,1,1,1,1,0,1,0,1,1,0,0,,0,0,0,0,1,0,0,0,42,271,240.8,140,2,80,78,2,6,2,7,3,14,11,2,1,28,1.6,8,7.5,3,16,155,98
778,31,A5-004-0851,3007,A5,A,Ciclo Completo,Semitecnificado ,sano,3destete,DOS,0,NEG,pos_clin,1,1,38.45,NEG,pos_clin,1,1,1,0,0,0,1,1,0,0,0,0,0,1,0,0,0,1,1,1,1,1,1,0,1,0,1,1,0,0,,0,0,0,0,1,0,0,0,42,271,240.8,140,2,80,78,2,6,2,7,3,14,11,2,1,28,1.6,8,7.5,3,16,155,98
779,31,A5-004-0851,3007,A5,A,Ciclo Completo,Semitecnificado ,sano,3destete,DOS,37.91,NEG,pos_clin,1,2,0,NEG,pos_clin,1,1,1,0,0,0,1,1,0,0,0,0,0,1,0,0,0,1,1,1,1,1,1,0,1,0,1,1,0,0,,0,0,0,0,1,0,0,0,42,271,240.8,140,2,80,78,2,6,2,7,3,14,11,2,1,28,1.6,8,7.5,3,16,155,98
780,31,A5-004-0851,3007,A5,A,Ciclo Completo,Semitecnificado ,sano,4crecimiento,TRES,39.44,NEG,pos_clin,1,2,28.23,POS,pos_clin,1,1,1,0,0,0,1,1,0,0,0,0,0,1,0,0,0,1,1,1,1,1,1,0,1,0,1,1,0,0,,0,0,0,0,1,0,0,0,42,271,240.8,140,2,80,78,2,6,2,7,3,14,11,2,1,28,1.6,8,7.5,3,16,155,98
781,70,B3-066-2459,3015,B3,B3,Sitio 1,Tecnificado,sano,2lactancia,UNO,38.89,NEG,pos,1,2,0,NEG,neg,0,,,,,,,,,,,,,,,,,,,,,,,,,,,,,,,,,,,,,,,,4026,,,,,,,,,,,,,,,,,,,,,,
782,70,B3-066-2459,3015,B3,B3,Sitio 1,Tecnificado,sano,3destete,DOS,0,NEG,pos,1,1,0,NEG,neg,0,,,,,,,,,,,,,,,,,,,,,,,,,,,,,,,,,,,,,,,,4026,,,,,,,,,,,,,,,,,,,,,,
783,70,B3-066-2459,3015,B3,B3,Sitio 1,Tecnificado,sano,3destete,DOS,29.66,POS,pos,1,3,38.74,NEG,neg,0,,,,,,,,,,,,,,,,,,,,,,,,,,,,,,,,,,,,,,,,4026,,,,,,,,,,,,,,,,,,,,,,
784,26,A4-045-0656,3040,A4,A,Ciclo Completo,Tecnificado,sano,3destete,DOS,27.06,POS,pos,1,3,38.85,NEG,pos,1,0,1,0,0,0,0,0,0,0,0,1,0,0,0,0,0,1,1,1,0,1,0,0,0,1,1,1,0,1,1,0,0,0,0,0,0,0,0,640,7536,240,140,39,100,84,2.4,9,0.62,7,3,12.8,12.2,0.9,0.3,27.4,1.5,9.9,7.69,13,24.28,168,112
785,26,A4-045-0656,3040,A4,A,Ciclo Completo,Tecnificado,sano,3destete,DOS,26.05,POS,pos,1,3,0,NEG,pos,1,0,1,0,0,0,0,0,0,0,0,1,0,0,0,0,0,1,1,1,0,1,0,0,0,1,1,1,0,1,1,0,0,0,0,0,0,0,0,640,7536,240,140,39,100,84,2.4,9,0.62,7,3,12.8,12.2,0.9,0.3,27.4,1.5,9.9,7.69,13,24.28,168,112
786,33,A5-082-0918,3044,A5,A,Ciclo Completo,Semitecnificado ,sano,2lactancia,UNO,0,NEG,pos,1,1,0,NEG,pos,1,1,0,0,0,0,0,1,1,0,0,0,0,1,1,0,0,1,1,1,0,1,0,0,0,0,1,1,0,1,1,0,0,1,0,0,1,0,1,55,287,225.7,,9.09,100,38.88,,,7.27,7,5,14,13.07,0.92,,32.4,1.05,10.64,,18.59,,161,
787,33,A5-082-0918,3044,A5,A,Ciclo Completo,Semitecnificado ,sano,2lactancia,UNO,37.97,NEG,pos,1,2,0,NEG,pos,1,1,0,0,0,0,0,1,1,0,0,0,0,1,1,0,0,1,1,1,0,1,0,0,0,0,1,1,0,1,1,0,0,1,0,0,1,0,1,55,287,225.7,,9.09,100,38.88,,,7.27,7,5,14,13.07,0.92,,32.4,1.05,10.64,,18.59,,161,
788,33,A5-082-0918,3044,A5,A,Ciclo Completo,Semitecnificado ,sano,3destete,DOS,33.4,POS,pos,1,3,0,NEG,pos,1,1,0,0,0,0,0,1,1,0,0,0,0,1,1,0,0,1,1,1,0,1,0,0,0,0,1,1,0,1,1,0,0,1,0,0,1,0,1,55,287,225.7,,9.09,100,38.88,,,7.27,7,5,14,13.07,0.92,,32.4,1.05,10.64,,18.59,,161,
789,33,A5-082-0918,3044,A5,A,Ciclo Completo,Semitecnificado ,sano,3destete,DOS,0,NEG,pos,1,1,0,NEG,pos,1,1,0,0,0,0,0,1,1,0,0,0,0,1,1,0,0,1,1,1,0,1,0,0,0,0,1,1,0,1,1,0,0,1,0,0,1,0,1,55,287,225.7,,9.09,100,38.88,,,7.27,7,5,14,13.07,0.92,,32.4,1.05,10.64,,18.59,,161,
790,33,A5-082-0918,3044,A5,A,Ciclo Completo,Semitecnificado ,sano,4crecimiento,TRES,0,NEG,pos,1,1,0,NEG,pos,1,1,0,0,0,0,0,1,1,0,0,0,0,1,1,0,0,1,1,1,0,1,0,0,0,0,1,1,0,1,1,0,0,1,0,0,1,0,1,55,287,225.7,,9.09,100,38.88,,,7.27,7,5,14,13.07,0.92,,32.4,1.05,10.64,,18.59,,161,
791,33,A5-082-0918,3044,A5,A,Ciclo Completo,Semitecnificado ,sano,4crecimiento,TRES,38.5,NEG,pos,1,2,32.69,POS,pos,1,1,0,0,0,0,0,1,1,0,0,0,0,1,1,0,0,1,1,1,0,1,0,0,0,0,1,1,0,1,1,0,0,1,0,0,1,0,1,55,287,225.7,,9.09,100,38.88,,,7.27,7,5,14,13.07,0.92,,32.4,1.05,10.64,,18.59,,161,
792,33,A5-082-0918,3044,A5,A,Ciclo Completo,Semitecnificado ,sano,5desarrollo,TRES,0,NEG,pos,1,1,0,NEG,pos,1,1,0,0,0,0,0,1,1,0,0,0,0,1,1,0,0,1,1,1,0,1,0,0,0,0,1,1,0,1,1,0,0,1,0,0,1,0,1,55,287,225.7,,9.09,100,38.88,,,7.27,7,5,14,13.07,0.92,,32.4,1.05,10.64,,18.59,,161,
793,33,A5-082-0918,3044,A5,A,Ciclo Completo,Semitecnificado ,sano,5desarrollo,TRES,0,NEG,pos,1,1,37.44,NEG,pos,1,1,0,0,0,0,0,1,1,0,0,0,0,1,1,0,0,1,1,1,0,1,0,0,0,0,1,1,0,1,1,0,0,1,0,0,1,0,1,55,287,225.7,,9.09,100,38.88,,,7.27,7,5,14,13.07,0.92,,32.4,1.05,10.64,,18.59,,161,
794,74,B3-097-2645,3046,B3,B3,Ciclo Completo,Semitecnificado ,sano,2lactancia,UNO,38.53,NEG,pos,1,2,0,NEG,pos,1,1,1,0,0,0,0,1,1,0,0,0,1,1,0,0,0,1,1,0,0,1,0,1,1,1,1,1,0,1,1,0,0,0,1,0,1,1,1,39,273,210.7,140,,95,81.81,2.42,9,5.12,19,3,13.5,9.57,2.53,1.03,26.55,1.55,7.33,7.73,20.48,,150.5,
795,74,B3-097-2645,3046,B3,B3,Ciclo Completo,Semitecnificado ,sano,2lactancia,UNO,0,NEG,pos,1,1,0,NEG,pos,1,1,1,0,0,0,0,1,1,0,0,0,1,1,0,0,0,1,1,0,0,1,0,1,1,1,1,1,0,1,1,0,0,0,1,0,1,1,1,39,273,210.7,140,,95,81.81,2.42,9,5.12,19,3,13.5,9.57,2.53,1.03,26.55,1.55,7.33,7.73,20.48,,150.5,
796,62,B2-124-3066,3055,B2,B2,Ciclo Completo,Semitecnificado ,sano,3destete,DOS,27.95,POS,pos,1,3,0,NEG,neg,0,1,,0,0,0,1,0,,0,0,1,0,0,0,0,0,1,0,1,1,1,1,1,0,0,0,1,0,1,1,0,0,1,0,1,1,0,0,230,1703,240,135,15,100,87,2.35,7,0.3,7,3,15.5,11.6,1.24,1.1,25,1.78,10.42,7.43,11.5,24.48,165.5,
797,62,B2-124-3066,3055,B2,B2,Ciclo Completo,Semitecnificado ,sano,3destete,DOS,30.05,POS,pos,1,3,0,NEG,neg,0,1,,0,0,0,1,0,,0,0,1,0,0,0,0,0,1,0,1,1,1,1,1,0,0,0,1,0,1,1,0,0,1,0,1,1,0,0,230,1703,240,135,15,100,87,2.35,7,0.3,7,3,15.5,11.6,1.24,1.1,25,1.78,10.42,7.43,11.5,24.48,165.5,
798,6,A3-015-2964,3069,A3,A,Ciclo Completo,Semitecnificado ,sano,3destete,DOS,29.41,POS,pos,1,3,0,NEG,pos,1,1,1,0,0,0,0,1,1,0,0,0,0,1,1,0,0,0,1,1,0,1,0,0,0,0,0,1,0,0,1,0,0,1,0,1,0,0,0,450,4512,210,130,20,80,80,2.2,7,4,5,2,12.5,11.5,0.5,0.5,24,,9,,7.8,19.8,160,100
799,10,A3-110-0325,3074,A3,A,Ciclo Completo,Semitecnificado ,sano,1gestacion,UNO,0,NEG,pos,1,1,0,NEG,pos,1,0,1,0,,0,0,0,0,0,0,0,0,1,0,0,0,1,,0,1,1,1,0,0,0,1,1,0,0,0,0,0,0,0,0,0,0,1,80,750,301,120,15,10,,2.5,5,0,8,8,14,12,2,0,28,2,11,10,0,28,140,115
800,10,A3-110-0325,3074,A3,A,Ciclo Completo,Semitecnificado ,sano,1gestacion,UNO,37.81,NEG,pos,1,2,0,NEG,pos,1,0,1,0,,0,0,0,0,0,0,0,0,1,0,0,0,1,,0,1,1,1,0,0,0,1,1,0,0,0,0,0,0,0,0,0,0,1,80,750,301,120,15,10,,2.5,5,0,8,8,14,12,2,0,28,2,11,10,0,28,140,115
801,58,B2-101-1986,2840,B2,B2,Ciclo Completo,Semitecnificado ,sano,1gestacion,UNO,0,NEG,pos,1,1,0,NEG,neg,0,0,1,0,0,0,0,1,0,0,0,1,0,1,0,0,0,0,0,0,0,1,0,0,0,0,0,1,0,1,0,0,0,0,0,0,1,0,0,360,2864,245,150,3.3,100,86.18,2.42,7,,8,2,12.2,10.59,1.22,0.3,21.6,,8.65,6.83,18.38,18.5,157.5,105
802,58,B2-101-1986,2840,B2,B2,Ciclo Completo,Semitecnificado ,sano,1gestacion,UNO,33.65,POS,pos,1,3,38.99,NEG,neg,0,0,1,0,0,0,0,1,0,0,0,1,0,1,0,0,0,0,0,0,0,1,0,0,0,0,0,1,0,1,0,0,0,0,0,0,1,0,0,360,2864,245,150,3.3,100,86.18,2.42,7,,8,2,12.2,10.59,1.22,0.3,21.6,,8.65,6.83,18.38,18.5,157.5,105
803,58,B2-101-1986,2840,B2,B2,Ciclo Completo,Semitecnificado ,sano,2lactancia,UNO,39.34,NEG,pos,1,2,0,NEG,neg,0,0,1,0,0,0,0,1,0,0,0,1,0,1,0,0,0,0,0,0,0,1,0,0,0,0,0,1,0,1,0,0,0,0,0,0,1,0,0,360,2864,245,150,3.3,100,86.18,2.42,7,,8,2,12.2,10.59,1.22,0.3,21.6,,8.65,6.83,18.38,18.5,157.5,105
804,58,B2-101-1986,2840,B2,B2,Ciclo Completo,Semitecnificado ,sano,2lactancia,UNO,0,NEG,pos,1,1,0,NEG,neg,0,0,1,0,0,0,0,1,0,0,0,1,0,1,0,0,0,0,0,0,0,1,0,0,0,0,0,1,0,1,0,0,0,0,0,0,1,0,0,360,2864,245,150,3.3,100,86.18,2.42,7,,8,2,12.2,10.59,1.22,0.3,21.6,,8.65,6.83,18.38,18.5,157.5,105
805,58,B2-101-1986,2840,B2,B2,Ciclo Completo,Semitecnificado ,sano,3destete,DOS,30.48,POS,pos,1,3,0,NEG,neg,0,0,1,0,0,0,0,1,0,0,0,1,0,1,0,0,0,0,0,0,0,1,0,0,0,0,0,1,0,1,0,0,0,0,0,0,1,0,0,360,2864,245,150,3.3,100,86.18,2.42,7,,8,2,12.2,10.59,1.22,0.3,21.6,,8.65,6.83,18.38,18.5,157.5,105
806,58,B2-101-1986,2840,B2,B2,Ciclo Completo,Semitecnificado ,sano,3destete,DOS,34.7,POS,pos,1,3,0,NEG,neg,0,0,1,0,0,0,0,1,0,0,0,1,0,1,0,0,0,0,0,0,0,1,0,0,0,0,0,1,0,1,0,0,0,0,0,0,1,0,0,360,2864,245,150,3.3,100,86.18,2.42,7,,8,2,12.2,10.59,1.22,0.3,21.6,,8.65,6.83,18.38,18.5,157.5,105
807,58,B2-101-1986,2840,B2,B2,Ciclo Completo,Semitecnificado ,sano,4crecimiento,TRES,0,NEG,pos,1,1,0,NEG,neg,0,0,1,0,0,0,0,1,0,0,0,1,0,1,0,0,0,0,0,0,0,1,0,0,0,0,0,1,0,1,0,0,0,0,0,0,1,0,0,360,2864,245,150,3.3,100,86.18,2.42,7,,8,2,12.2,10.59,1.22,0.3,21.6,,8.65,6.83,18.38,18.5,157.5,105
808,58,B2-101-1986,2840,B2,B2,Ciclo Completo,Semitecnificado ,sano,4crecimiento,TRES,34.54,POS,pos,1,3,0,NEG,neg,0,0,1,0,0,0,0,1,0,0,0,1,0,1,0,0,0,0,0,0,0,1,0,0,0,0,0,1,0,1,0,0,0,0,0,0,1,0,0,360,2864,245,150,3.3,100,86.18,2.42,7,,8,2,12.2,10.59,1.22,0.3,21.6,,8.65,6.83,18.38,18.5,157.5,105
809,49,B2-016-1600,2851,B2,B2,Ciclo Completo,Semitecnificado ,sano,1gestacion,UNO,39.4,NEG,pos,1,2,0,NEG,neg,0,0,1,0,0,0,0,1,0,0,0,1,0,1,0,0,0,1,1,1,0,1,0,0,0,1,0,1,0,0,0,0,0,1,0,0,1,0,1,152,1243,255.85,150,10,100,82,2.3,4.5,3,11.5,4,13.1,10.4,1.9,0.8,28.4,1.43,9,6.88,12.7,21,185,122
810,49,B2-016-1600,2851,B2,B2,Ciclo Completo,Semitecnificado ,sano,1gestacion,UNO,33.08,POS,pos,1,3,0,NEG,neg,0,0,1,0,0,0,0,1,0,0,0,1,0,1,0,0,0,1,1,1,0,1,0,0,0,1,0,1,0,0,0,0,0,1,0,0,1,0,1,152,1243,255.85,150,10,100,82,2.3,4.5,3,11.5,4,13.1,10.4,1.9,0.8,28.4,1.43,9,6.88,12.7,21,185,122
811,49,B2-016-1600,2851,B2,B2,Ciclo Completo,Semitecnificado ,sano,2lactancia,UNO,32.44,POS,pos,1,3,0,NEG,neg,0,0,1,0,0,0,0,1,0,0,0,1,0,1,0,0,0,1,1,1,0,1,0,0,0,1,0,1,0,0,0,0,0,1,0,0,1,0,1,152,1243,255.85,150,10,100,82,2.3,4.5,3,11.5,4,13.1,10.4,1.9,0.8,28.4,1.43,9,6.88,12.7,21,185,122
812,49,B2-016-1600,2851,B2,B2,Ciclo Completo,Semitecnificado ,sano,2lactancia,UNO,31.86,POS,pos,1,3,0,NEG,neg,0,0,1,0,0,0,0,1,0,0,0,1,0,1,0,0,0,1,1,1,0,1,0,0,0,1,0,1,0,0,0,0,0,1,0,0,1,0,1,152,1243,255.85,150,10,100,82,2.3,4.5,3,11.5,4,13.1,10.4,1.9,0.8,28.4,1.43,9,6.88,12.7,21,185,122
813,49,B2-016-1600,2851,B2,B2,Ciclo Completo,Semitecnificado ,sano,3destete,DOS,30.93,POS,pos,1,3,0,NEG,neg,0,0,1,0,0,0,0,1,0,0,0,1,0,1,0,0,0,1,1,1,0,1,0,0,0,1,0,1,0,0,0,0,0,1,0,0,1,0,1,152,1243,255.85,150,10,100,82,2.3,4.5,3,11.5,4,13.1,10.4,1.9,0.8,28.4,1.43,9,6.88,12.7,21,185,122
814,49,B2-016-1600,2851,B2,B2,Ciclo Completo,Semitecnificado ,sano,3destete,DOS,33.28,POS,pos,1,3,0,NEG,neg,0,0,1,0,0,0,0,1,0,0,0,1,0,1,0,0,0,1,1,1,0,1,0,0,0,1,0,1,0,0,0,0,0,1,0,0,1,0,1,152,1243,255.85,150,10,100,82,2.3,4.5,3,11.5,4,13.1,10.4,1.9,0.8,28.4,1.43,9,6.88,12.7,21,185,122
815,49,B2-016-1600,2851,B2,B2,Ciclo Completo,Semitecnificado ,sano,4crecimiento,TRES,39.49,NEG,pos,1,2,37.73,NEG,neg,0,0,1,0,0,0,0,1,0,0,0,1,0,1,0,0,0,1,1,1,0,1,0,0,0,1,0,1,0,0,0,0,0,1,0,0,1,0,1,152,1243,255.85,150,10,100,82,2.3,4.5,3,11.5,4,13.1,10.4,1.9,0.8,28.4,1.43,9,6.88,12.7,21,185,122
816,49,B2-016-1600,2851,B2,B2,Ciclo Completo,Semitecnificado ,sano,4crecimiento,TRES,0,NEG,pos,1,1,0,NEG,neg,0,0,1,0,0,0,0,1,0,0,0,1,0,1,0,0,0,1,1,1,0,1,0,0,0,1,0,1,0,0,0,0,0,1,0,0,1,0,1,152,1243,255.85,150,10,100,82,2.3,4.5,3,11.5,4,13.1,10.4,1.9,0.8,28.4,1.43,9,6.88,12.7,21,185,122
817,49,B2-016-1600,2851,B2,B2,Ciclo Completo,Semitecnificado ,sano,5desarrollo,TRES,34.23,POS,pos,1,3,38.7,NEG,neg,0,0,1,0,0,0,0,1,0,0,0,1,0,1,0,0,0,1,1,1,0,1,0,0,0,1,0,1,0,0,0,0,0,1,0,0,1,0,1,152,1243,255.85,150,10,100,82,2.3,4.5,3,11.5,4,13.1,10.4,1.9,0.8,28.4,1.43,9,6.88,12.7,21,185,122
818,49,B2-016-1600,2851,B2,B2,Ciclo Completo,Semitecnificado ,sano,5desarrollo,TRES,34.48,POS,pos,1,3,37.92,NEG,neg,0,0,1,0,0,0,0,1,0,0,0,1,0,1,0,0,0,1,1,1,0,1,0,0,0,1,0,1,0,0,0,0,0,1,0,0,1,0,1,152,1243,255.85,150,10,100,82,2.3,4.5,3,11.5,4,13.1,10.4,1.9,0.8,28.4,1.43,9,6.88,12.7,21,185,122
819,49,B2-016-1600,2851,B2,B2,Ciclo Completo,Semitecnificado ,sano,6finalizacion,TRES,0,NEG,pos,1,1,0,NEG,neg,0,0,1,0,0,0,0,1,0,0,0,1,0,1,0,0,0,1,1,1,0,1,0,0,0,1,0,1,0,0,0,0,0,1,0,0,1,0,1,152,1243,255.85,150,10,100,82,2.3,4.5,3,11.5,4,13.1,10.4,1.9,0.8,28.4,1.43,9,6.88,12.7,21,185,122
820,49,B2-016-1600,2851,B2,B2,Ciclo Completo,Semitecnificado ,sano,6finalizacion,TRES,0,NEG,pos,1,1,0,NEG,neg,0,0,1,0,0,0,0,1,0,0,0,1,0,1,0,0,0,1,1,1,0,1,0,0,0,1,0,1,0,0,0,0,0,1,0,0,1,0,1,152,1243,255.85,150,10,100,82,2.3,4.5,3,11.5,4,13.1,10.4,1.9,0.8,28.4,1.43,9,6.88,12.7,21,185,122
821,43,B1-053-1261,2862,B1,B1,Ciclo Completo,Semitecnificado ,sano,1gestacion,UNO,0,NEG,pos,1,1,0,NEG,pos,1,,1,0,0,0,0,1,0,0,0,0,0,1,1,0,0,0,0,1,0,0,1,0,0,0,1,1,0,0,0,0,0,0,0,0,1,0,1,110,991,240.8,130,20,100,70,2.4,37,2,8,3,10.5,9.5,1,0,30,1,8.5,10,2,20.4,165,126
822,43,B1-053-1261,2862,B1,B1,Ciclo Completo,Semitecnificado ,sano,1gestacion,UNO,37.7,NEG,pos,1,2,0,NEG,pos,1,,1,0,0,0,0,1,0,0,0,0,0,1,1,0,0,0,0,1,0,0,1,0,0,0,1,1,0,0,0,0,0,0,0,0,1,0,1,110,991,240.8,130,20,100,70,2.4,37,2,8,3,10.5,9.5,1,0,30,1,8.5,10,2,20.4,165,126
823,43,B1-053-1261,2862,B1,B1,Ciclo Completo,Semitecnificado ,sano,2lactancia,UNO,38.12,NEG,pos,1,2,35.61,NEG,pos,1,,1,0,0,0,0,1,0,0,0,0,0,1,1,0,0,0,0,1,0,0,1,0,0,0,1,1,0,0,0,0,0,0,0,0,1,0,1,110,991,240.8,130,20,100,70,2.4,37,2,8,3,10.5,9.5,1,0,30,1,8.5,10,2,20.4,165,126
824,43,B1-053-1261,2862,B1,B1,Ciclo Completo,Semitecnificado ,sano,2lactancia,UNO,38.23,NEG,pos,1,2,40.15,NEG,pos,1,,1,0,0,0,0,1,0,0,0,0,0,1,1,0,0,0,0,1,0,0,1,0,0,0,1,1,0,0,0,0,0,0,0,0,1,0,1,110,991,240.8,130,20,100,70,2.4,37,2,8,3,10.5,9.5,1,0,30,1,8.5,10,2,20.4,165,126
825,43,B1-053-1261,2862,B1,B1,Ciclo Completo,Semitecnificado ,sano,3destete,DOS,0,NEG,pos,1,1,0,NEG,pos,1,,1,0,0,0,0,1,0,0,0,0,0,1,1,0,0,0,0,1,0,0,1,0,0,0,1,1,0,0,0,0,0,0,0,0,1,0,1,110,991,240.8,130,20,100,70,2.4,37,2,8,3,10.5,9.5,1,0,30,1,8.5,10,2,20.4,165,126
826,43,B1-053-1261,2862,B1,B1,Ciclo Completo,Semitecnificado ,sano,3destete,DOS,37.74,NEG,pos,1,2,37.88,NEG,pos,1,,1,0,0,0,0,1,0,0,0,0,0,1,1,0,0,0,0,1,0,0,1,0,0,0,1,1,0,0,0,0,0,0,0,0,1,0,1,110,991,240.8,130,20,100,70,2.4,37,2,8,3,10.5,9.5,1,0,30,1,8.5,10,2,20.4,165,126
827,43,B1-053-1261,2862,B1,B1,Ciclo Completo,Semitecnificado ,sano,4crecimiento,TRES,32.1,POS,pos,1,3,0,NEG,pos,1,,1,0,0,0,0,1,0,0,0,0,0,1,1,0,0,0,0,1,0,0,1,0,0,0,1,1,0,0,0,0,0,0,0,0,1,0,1,110,991,240.8,130,20,100,70,2.4,37,2,8,3,10.5,9.5,1,0,30,1,8.5,10,2,20.4,165,126
828,43,B1-053-1261,2862,B1,B1,Ciclo Completo,Semitecnificado ,sano,4crecimiento,TRES,33.11,POS,pos,1,3,0,NEG,pos,1,,1,0,0,0,0,1,0,0,0,0,0,1,1,0,0,0,0,1,0,0,1,0,0,0,1,1,0,0,0,0,0,0,0,0,1,0,1,110,991,240.8,130,20,100,70,2.4,37,2,8,3,10.5,9.5,1,0,30,1,8.5,10,2,20.4,165,126
829,43,B1-053-1261,2862,B1,B1,Ciclo Completo,Semitecnificado ,sano,5desarrollo,TRES,34.13,POS,pos,1,3,34,POS,pos,1,,1,0,0,0,0,1,0,0,0,0,0,1,1,0,0,0,0,1,0,0,1,0,0,0,1,1,0,0,0,0,0,0,0,0,1,0,1,110,991,240.8,130,20,100,70,2.4,37,2,8,3,10.5,9.5,1,0,30,1,8.5,10,2,20.4,165,126
830,43,B1-053-1261,2862,B1,B1,Ciclo Completo,Semitecnificado ,sano,5desarrollo,TRES,34.93,POS,pos,1,3,0,NEG,pos,1,,1,0,0,0,0,1,0,0,0,0,0,1,1,0,0,0,0,1,0,0,1,0,0,0,1,1,0,0,0,0,0,0,0,0,1,0,1,110,991,240.8,130,20,100,70,2.4,37,2,8,3,10.5,9.5,1,0,30,1,8.5,10,2,20.4,165,126
831,43,B1-053-1261,2862,B1,B1,Ciclo Completo,Semitecnificado ,sano,6finalizacion,TRES,34.78,POS,pos,1,3,38.14,NEG,pos,1,,1,0,0,0,0,1,0,0,0,0,0,1,1,0,0,0,0,1,0,0,1,0,0,0,1,1,0,0,0,0,0,0,0,0,1,0,1,110,991,240.8,130,20,100,70,2.4,37,2,8,3,10.5,9.5,1,0,30,1,8.5,10,2,20.4,165,126
832,43,B1-053-1261,2862,B1,B1,Ciclo Completo,Semitecnificado ,sano,6finalizacion,TRES,0,NEG,pos,1,1,38.24,NEG,pos,1,,1,0,0,0,0,1,0,0,0,0,0,1,1,0,0,0,0,1,0,0,1,0,0,0,1,1,0,0,0,0,0,0,0,0,1,0,1,110,991,240.8,130,20,100,70,2.4,37,2,8,3,10.5,9.5,1,0,30,1,8.5,10,2,20.4,165,126
833,56,B2-093-1959,2866,B2,B2,Ciclo Completo,Semitecnificado ,sano,1gestacion,UNO,33.62,POS,pos,1,3,0,NEG,neg,0,0,1,0,0,0,0,1,0,0,0,1,0,0,1,0,0,1,1,1,1,1,1,0,0,0,1,1,0,0,0,0,0,0,0,0,1,0,1,108,1128,260,140,33,100,80,2.2,,,7.5,2.5,10.9,10.1,6.4,0.1,28,9.1,9.2,9.1,7.9,16.5,180,110
834,56,B2-093-1959,2866,B2,B2,Ciclo Completo,Semitecnificado ,sano,1gestacion,UNO,39.97,NEG,pos,1,2,0,NEG,neg,0,0,1,0,0,0,0,1,0,0,0,1,0,0,1,0,0,1,1,1,1,1,1,0,0,0,1,1,0,0,0,0,0,0,0,0,1,0,1,108,1128,260,140,33,100,80,2.2,,,7.5,2.5,10.9,10.1,6.4,0.1,28,9.1,9.2,9.1,7.9,16.5,180,110
835,56,B2-093-1959,2866,B2,B2,Ciclo Completo,Semitecnificado ,sano,2lactancia,UNO,34.7,POS,pos,1,3,0,NEG,neg,0,0,1,0,0,0,0,1,0,0,0,1,0,0,1,0,0,1,1,1,1,1,1,0,0,0,1,1,0,0,0,0,0,0,0,0,1,0,1,108,1128,260,140,33,100,80,2.2,,,7.5,2.5,10.9,10.1,6.4,0.1,28,9.1,9.2,9.1,7.9,16.5,180,110
836,56,B2-093-1959,2866,B2,B2,Ciclo Completo,Semitecnificado ,sano,2lactancia,UNO,34.04,POS,pos,1,3,37.93,NEG,neg,0,0,1,0,0,0,0,1,0,0,0,1,0,0,1,0,0,1,1,1,1,1,1,0,0,0,1,1,0,0,0,0,0,0,0,0,1,0,1,108,1128,260,140,33,100,80,2.2,,,7.5,2.5,10.9,10.1,6.4,0.1,28,9.1,9.2,9.1,7.9,16.5,180,110
837,56,B2-093-1959,2866,B2,B2,Ciclo Completo,Semitecnificado ,sano,3destete,DOS,39.74,NEG,pos,1,2,35.27,NEG,neg,0,0,1,0,0,0,0,1,0,0,0,1,0,0,1,0,0,1,1,1,1,1,1,0,0,0,1,1,0,0,0,0,0,0,0,0,1,0,1,108,1128,260,140,33,100,80,2.2,,,7.5,2.5,10.9,10.1,6.4,0.1,28,9.1,9.2,9.1,7.9,16.5,180,110
838,56,B2-093-1959,2866,B2,B2,Ciclo Completo,Semitecnificado ,sano,3destete,DOS,37.83,NEG,pos,1,2,36.54,NEG,neg,0,0,1,0,0,0,0,1,0,0,0,1,0,0,1,0,0,1,1,1,1,1,1,0,0,0,1,1,0,0,0,0,0,0,0,0,1,0,1,108,1128,260,140,33,100,80,2.2,,,7.5,2.5,10.9,10.1,6.4,0.1,28,9.1,9.2,9.1,7.9,16.5,180,110
839,56,B2-093-1959,2866,B2,B2,Ciclo Completo,Semitecnificado ,sano,4crecimiento,TRES,34.41,POS,pos,1,3,0,NEG,neg,0,0,1,0,0,0,0,1,0,0,0,1,0,0,1,0,0,1,1,1,1,1,1,0,0,0,1,1,0,0,0,0,0,0,0,0,1,0,1,108,1128,260,140,33,100,80,2.2,,,7.5,2.5,10.9,10.1,6.4,0.1,28,9.1,9.2,9.1,7.9,16.5,180,110
840,56,B2-093-1959,2866,B2,B2,Ciclo Completo,Semitecnificado ,sano,4crecimiento,TRES,34.15,POS,pos,1,3,0,NEG,neg,0,0,1,0,0,0,0,1,0,0,0,1,0,0,1,0,0,1,1,1,1,1,1,0,0,0,1,1,0,0,0,0,0,0,0,0,1,0,1,108,1128,260,140,33,100,80,2.2,,,7.5,2.5,10.9,10.1,6.4,0.1,28,9.1,9.2,9.1,7.9,16.5,180,110
841,56,B2-093-1959,2866,B2,B2,Ciclo Completo,Semitecnificado ,sano,5desarrollo,TRES,32.11,POS,pos,1,3,0,NEG,neg,0,0,1,0,0,0,0,1,0,0,0,1,0,0,1,0,0,1,1,1,1,1,1,0,0,0,1,1,0,0,0,0,0,0,0,0,1,0,1,108,1128,260,140,33,100,80,2.2,,,7.5,2.5,10.9,10.1,6.4,0.1,28,9.1,9.2,9.1,7.9,16.5,180,110
842,56,B2-093-1959,2866,B2,B2,Ciclo Completo,Semitecnificado ,sano,5desarrollo,TRES,38.4,NEG,pos,1,2,38.95,NEG,neg,0,0,1,0,0,0,0,1,0,0,0,1,0,0,1,0,0,1,1,1,1,1,1,0,0,0,1,1,0,0,0,0,0,0,0,0,1,0,1,108,1128,260,140,33,100,80,2.2,,,7.5,2.5,10.9,10.1,6.4,0.1,28,9.1,9.2,9.1,7.9,16.5,180,110
843,56,B2-093-1959,2866,B2,B2,Ciclo Completo,Semitecnificado ,sano,6finalizacion,TRES,35.36,NEG,pos,1,2,0,NEG,neg,0,0,1,0,0,0,0,1,0,0,0,1,0,0,1,0,0,1,1,1,1,1,1,0,0,0,1,1,0,0,0,0,0,0,0,0,1,0,1,108,1128,260,140,33,100,80,2.2,,,7.5,2.5,10.9,10.1,6.4,0.1,28,9.1,9.2,9.1,7.9,16.5,180,110
844,56,B2-093-1959,2866,B2,B2,Ciclo Completo,Semitecnificado ,sano,6finalizacion,TRES,33.34,POS,pos,1,3,38.34,NEG,neg,0,0,1,0,0,0,0,1,0,0,0,1,0,0,1,0,0,1,1,1,1,1,1,0,0,0,1,1,0,0,0,0,0,0,0,0,1,0,1,108,1128,260,140,33,100,80,2.2,,,7.5,2.5,10.9,10.1,6.4,0.1,28,9.1,9.2,9.1,7.9,16.5,180,110
